[{"path":"README.md","fileType":"docs","lines":[{"lineNumber":1,"author":{"gitId":"-"},"content":"# Duke project template","lastModifiedDate":"2020-05-25"},{"lineNumber":2,"author":{"gitId":"-"},"content":"","lastModifiedDate":"2020-05-25"},{"lineNumber":3,"author":{"gitId":"-"},"content":"This is a project template for a greenfield Java project. It\u0027s named after the Java mascot _Duke_. Given below are instructions on how to use it.","lastModifiedDate":"2020-05-25"},{"lineNumber":4,"author":{"gitId":"-"},"content":"","lastModifiedDate":"2020-05-25"},{"lineNumber":5,"author":{"gitId":"-"},"content":"## Setting up in Intellij","lastModifiedDate":"2020-05-25"},{"lineNumber":6,"author":{"gitId":"-"},"content":"","lastModifiedDate":"2020-05-25"},{"lineNumber":7,"author":{"gitId":"-"},"content":"Prerequisites: JDK 11 (use the exact version), update Intellij to the most recent version.","lastModifiedDate":"2020-05-24"},{"lineNumber":8,"author":{"gitId":"-"},"content":"","lastModifiedDate":"2020-05-24"},{"lineNumber":9,"author":{"gitId":"-"},"content":"1. **Ensure Intellij JDK 11 is defined as an SDK**, as described [here](https://www.jetbrains.com/help/idea/sdk.html#set-up-jdk) -- this step is not needed if you have used JDK 11 in a previous Intellij project.","lastModifiedDate":"2020-05-24"},{"lineNumber":10,"author":{"gitId":"-"},"content":"1. **Import the project _as a Gradle project_**, as described [here](https://se-education.org/guides/tutorials/intellijImportGradleProject.html).","lastModifiedDate":"2020-05-24"},{"lineNumber":11,"author":{"gitId":"-"},"content":"1. **Verify the set up**: After the importing is complete, locate the `src/main/java/seedu/duke/Duke.java` file, right-click it, and choose `Run Duke.main()`. If the setup is correct, you should see something like the below:","lastModifiedDate":"2020-05-24"},{"lineNumber":12,"author":{"gitId":"-"},"content":"   ```","lastModifiedDate":"2020-05-25"},{"lineNumber":13,"author":{"gitId":"-"},"content":"   \u003e Task :compileJava","lastModifiedDate":"2020-05-24"},{"lineNumber":14,"author":{"gitId":"-"},"content":"   \u003e Task :processResources NO-SOURCE","lastModifiedDate":"2020-05-24"},{"lineNumber":15,"author":{"gitId":"-"},"content":"   \u003e Task :classes","lastModifiedDate":"2020-05-24"},{"lineNumber":16,"author":{"gitId":"-"},"content":"   ","lastModifiedDate":"2020-05-24"},{"lineNumber":17,"author":{"gitId":"-"},"content":"   \u003e Task :Duke.main()","lastModifiedDate":"2020-05-24"},{"lineNumber":18,"author":{"gitId":"-"},"content":"   Hello from","lastModifiedDate":"2020-05-25"},{"lineNumber":19,"author":{"gitId":"-"},"content":"    ____        _        ","lastModifiedDate":"2020-05-25"},{"lineNumber":20,"author":{"gitId":"-"},"content":"   |  _ \\ _   _| | _____ ","lastModifiedDate":"2020-05-25"},{"lineNumber":21,"author":{"gitId":"-"},"content":"   | | | | | | | |/ / _ \\","lastModifiedDate":"2020-05-25"},{"lineNumber":22,"author":{"gitId":"-"},"content":"   | |_| | |_| |   \u003c  __/","lastModifiedDate":"2020-05-25"},{"lineNumber":23,"author":{"gitId":"-"},"content":"   |____/ \\__,_|_|\\_\\___|","lastModifiedDate":"2020-05-25"},{"lineNumber":24,"author":{"gitId":"-"},"content":"   ","lastModifiedDate":"2020-05-24"},{"lineNumber":25,"author":{"gitId":"-"},"content":"   What is your name?","lastModifiedDate":"2020-05-24"},{"lineNumber":26,"author":{"gitId":"-"},"content":"   ```","lastModifiedDate":"2020-05-25"},{"lineNumber":27,"author":{"gitId":"-"},"content":"   Type some word and press enter to let the execution proceed to the end.","lastModifiedDate":"2020-05-24"},{"lineNumber":28,"author":{"gitId":"-"},"content":"","lastModifiedDate":"2020-05-24"},{"lineNumber":29,"author":{"gitId":"-"},"content":"## Build automation using Gradle","lastModifiedDate":"2020-05-24"},{"lineNumber":30,"author":{"gitId":"-"},"content":"","lastModifiedDate":"2020-05-24"},{"lineNumber":31,"author":{"gitId":"-"},"content":"* This project uses Gradle for build automation and dependency management. It includes a basic build script as well (i.e. the `build.gradle` file).","lastModifiedDate":"2020-05-24"},{"lineNumber":32,"author":{"gitId":"-"},"content":"* If you are new to Gradle, refer to the [Gradle Tutorial at se-education.org/guides](https://se-education.org/guides/tutorials/gradle.html).","lastModifiedDate":"2020-05-24"},{"lineNumber":33,"author":{"gitId":"-"},"content":"","lastModifiedDate":"2020-05-24"},{"lineNumber":34,"author":{"gitId":"-"},"content":"## Testing","lastModifiedDate":"2020-05-24"},{"lineNumber":35,"author":{"gitId":"-"},"content":"","lastModifiedDate":"2020-05-24"},{"lineNumber":36,"author":{"gitId":"-"},"content":"### I/O redirection tests","lastModifiedDate":"2020-05-24"},{"lineNumber":37,"author":{"gitId":"-"},"content":"","lastModifiedDate":"2020-05-24"},{"lineNumber":38,"author":{"gitId":"-"},"content":"* To run _I/O redirection_ tests (aka _Text UI tests_), navigate to the `text-ui-test` and run the `runtest(.bat/.sh)` script.","lastModifiedDate":"2020-05-24"},{"lineNumber":39,"author":{"gitId":"-"},"content":"","lastModifiedDate":"2020-05-24"},{"lineNumber":40,"author":{"gitId":"-"},"content":"### JUnit tests","lastModifiedDate":"2020-05-24"},{"lineNumber":41,"author":{"gitId":"-"},"content":"","lastModifiedDate":"2020-05-24"},{"lineNumber":42,"author":{"gitId":"-"},"content":"* A skeleton JUnit test (`src/test/java/seedu/duke/DukeTest.java`) is provided with this project template. ","lastModifiedDate":"2020-05-24"},{"lineNumber":43,"author":{"gitId":"-"},"content":"* If you are new to JUnit, refer to the [JUnit Tutorial at se-education.org/guides](https://se-education.org/guides/tutorials/junit.html).","lastModifiedDate":"2020-05-24"},{"lineNumber":44,"author":{"gitId":"-"},"content":"","lastModifiedDate":"2020-05-24"},{"lineNumber":45,"author":{"gitId":"-"},"content":"## Checkstyle","lastModifiedDate":"2020-05-24"},{"lineNumber":46,"author":{"gitId":"-"},"content":"","lastModifiedDate":"2020-05-24"},{"lineNumber":47,"author":{"gitId":"-"},"content":"* A sample CheckStyle rule configuration is provided in this project.","lastModifiedDate":"2020-05-24"},{"lineNumber":48,"author":{"gitId":"-"},"content":"* If you are new to Checkstyle, refer to the [Checkstyle Tutorial at se-education.org/guides](https://se-education.org/guides/tutorials/checkstyle.html).","lastModifiedDate":"2020-05-24"},{"lineNumber":49,"author":{"gitId":"-"},"content":"","lastModifiedDate":"2020-05-24"},{"lineNumber":50,"author":{"gitId":"-"},"content":"## CI using GitHub Actions","lastModifiedDate":"2020-05-24"},{"lineNumber":51,"author":{"gitId":"-"},"content":"","lastModifiedDate":"2020-05-24"},{"lineNumber":52,"author":{"gitId":"-"},"content":"The project uses [GitHub actions](https://github.com/features/actions) for CI. When you push a commit to this repo or PR against it, GitHub actions will run automatically to build and verify the code as updated by the commit/PR.","lastModifiedDate":"2020-05-24"},{"lineNumber":53,"author":{"gitId":"-"},"content":"","lastModifiedDate":"2020-05-24"},{"lineNumber":54,"author":{"gitId":"-"},"content":"## Documentation","lastModifiedDate":"2020-05-24"},{"lineNumber":55,"author":{"gitId":"-"},"content":"","lastModifiedDate":"2020-05-24"},{"lineNumber":56,"author":{"gitId":"-"},"content":"`/docs` folder contains a skeleton version of the project documentation.","lastModifiedDate":"2020-05-24"},{"lineNumber":57,"author":{"gitId":"-"},"content":"","lastModifiedDate":"2020-05-24"},{"lineNumber":58,"author":{"gitId":"-"},"content":"Steps for publishing documentation to the public: ","lastModifiedDate":"2020-05-24"},{"lineNumber":59,"author":{"gitId":"-"},"content":"1. If you are using this project template for an individual project, go your fork on GitHub.\u003cbr\u003e","lastModifiedDate":"2020-05-24"},{"lineNumber":60,"author":{"gitId":"-"},"content":"   If you are using this project template for a team project, go to the team fork on GitHub.","lastModifiedDate":"2020-05-24"},{"lineNumber":61,"author":{"gitId":"-"},"content":"1. Click on the `settings` tab.","lastModifiedDate":"2020-05-24"},{"lineNumber":62,"author":{"gitId":"-"},"content":"1. Scroll down to the `GitHub Pages` section.","lastModifiedDate":"2020-05-24"},{"lineNumber":63,"author":{"gitId":"-"},"content":"1. Set the `source` as `master branch /docs folder`.","lastModifiedDate":"2020-05-24"},{"lineNumber":64,"author":{"gitId":"-"},"content":"1. Optionally, use the `choose a theme` button to choose a theme for your documentation.","lastModifiedDate":"2020-05-24"},{"lineNumber":65,"author":{"gitId":"sohwkjames"},"content":"","lastModifiedDate":"2021-09-17"},{"lineNumber":66,"author":{"gitId":"sohwkjames"},"content":"","lastModifiedDate":"2021-09-17"},{"lineNumber":67,"author":{"gitId":"sohwkjames"},"content":"Test PR","lastModifiedDate":"2021-09-17"}],"authorContributionMap":{"sohwkjames":3,"-":64}},{"path":"build.gradle","fileType":"other","lines":[{"lineNumber":1,"author":{"gitId":"-"},"content":"plugins {","lastModifiedDate":"2020-05-25"},{"lineNumber":2,"author":{"gitId":"-"},"content":"    id \u0027java\u0027","lastModifiedDate":"2020-05-25"},{"lineNumber":3,"author":{"gitId":"-"},"content":"    id \u0027application\u0027","lastModifiedDate":"2020-05-25"},{"lineNumber":4,"author":{"gitId":"-"},"content":"    id \u0027checkstyle\u0027","lastModifiedDate":"2020-05-25"},{"lineNumber":5,"author":{"gitId":"-"},"content":"    id \u0027com.github.johnrengelman.shadow\u0027 version \u00275.1.0\u0027","lastModifiedDate":"2020-05-25"},{"lineNumber":6,"author":{"gitId":"-"},"content":"}","lastModifiedDate":"2020-05-25"},{"lineNumber":7,"author":{"gitId":"-"},"content":"","lastModifiedDate":"2020-05-25"},{"lineNumber":8,"author":{"gitId":"-"},"content":"repositories {","lastModifiedDate":"2020-05-25"},{"lineNumber":9,"author":{"gitId":"-"},"content":"    mavenCentral()","lastModifiedDate":"2020-05-25"},{"lineNumber":10,"author":{"gitId":"-"},"content":"}","lastModifiedDate":"2020-05-25"},{"lineNumber":11,"author":{"gitId":"-"},"content":"","lastModifiedDate":"2020-05-25"},{"lineNumber":12,"author":{"gitId":"-"},"content":"dependencies {","lastModifiedDate":"2020-05-25"},{"lineNumber":13,"author":{"gitId":"-"},"content":"    testImplementation group: \u0027org.junit.jupiter\u0027, name: \u0027junit-jupiter-api\u0027, version: \u00275.5.0\u0027","lastModifiedDate":"2020-05-25"},{"lineNumber":14,"author":{"gitId":"-"},"content":"    testRuntimeOnly group: \u0027org.junit.jupiter\u0027, name: \u0027junit-jupiter-engine\u0027, version: \u00275.5.0\u0027","lastModifiedDate":"2020-05-25"},{"lineNumber":15,"author":{"gitId":"sohwkjames"},"content":"    implementation \u0027com.google.code.gson:gson:2.8.8\u0027","lastModifiedDate":"2021-10-06"},{"lineNumber":16,"author":{"gitId":"-"},"content":"}","lastModifiedDate":"2020-05-25"},{"lineNumber":17,"author":{"gitId":"-"},"content":"","lastModifiedDate":"2020-05-25"},{"lineNumber":18,"author":{"gitId":"-"},"content":"test {","lastModifiedDate":"2020-05-25"},{"lineNumber":19,"author":{"gitId":"-"},"content":"    useJUnitPlatform()","lastModifiedDate":"2020-05-25"},{"lineNumber":20,"author":{"gitId":"-"},"content":"","lastModifiedDate":"2020-05-25"},{"lineNumber":21,"author":{"gitId":"-"},"content":"    testLogging {","lastModifiedDate":"2020-05-25"},{"lineNumber":22,"author":{"gitId":"-"},"content":"        events \"passed\", \"skipped\", \"failed\"","lastModifiedDate":"2020-05-25"},{"lineNumber":23,"author":{"gitId":"-"},"content":"","lastModifiedDate":"2020-05-25"},{"lineNumber":24,"author":{"gitId":"-"},"content":"        showExceptions true","lastModifiedDate":"2020-05-25"},{"lineNumber":25,"author":{"gitId":"-"},"content":"        exceptionFormat \"full\"","lastModifiedDate":"2020-05-25"},{"lineNumber":26,"author":{"gitId":"-"},"content":"        showCauses true","lastModifiedDate":"2020-05-25"},{"lineNumber":27,"author":{"gitId":"-"},"content":"        showStackTraces true","lastModifiedDate":"2020-05-25"},{"lineNumber":28,"author":{"gitId":"-"},"content":"        showStandardStreams \u003d false","lastModifiedDate":"2020-05-25"},{"lineNumber":29,"author":{"gitId":"-"},"content":"    }","lastModifiedDate":"2020-05-25"},{"lineNumber":30,"author":{"gitId":"-"},"content":"}","lastModifiedDate":"2020-05-25"},{"lineNumber":31,"author":{"gitId":"-"},"content":"","lastModifiedDate":"2020-05-25"},{"lineNumber":32,"author":{"gitId":"-"},"content":"application {","lastModifiedDate":"2020-05-25"},{"lineNumber":33,"author":{"gitId":"-"},"content":"    mainClassName \u003d \"seedu.duke.Duke\"","lastModifiedDate":"2021-10-08"},{"lineNumber":34,"author":{"gitId":"-"},"content":"}","lastModifiedDate":"2020-05-25"},{"lineNumber":35,"author":{"gitId":"-"},"content":"","lastModifiedDate":"2020-05-25"},{"lineNumber":36,"author":{"gitId":"-"},"content":"shadowJar {","lastModifiedDate":"2020-05-25"},{"lineNumber":37,"author":{"gitId":"-"},"content":"    archiveBaseName \u003d \"duke\"","lastModifiedDate":"2020-05-25"},{"lineNumber":38,"author":{"gitId":"-"},"content":"    archiveClassifier \u003d null","lastModifiedDate":"2020-05-25"},{"lineNumber":39,"author":{"gitId":"-"},"content":"}","lastModifiedDate":"2020-05-25"},{"lineNumber":40,"author":{"gitId":"-"},"content":"","lastModifiedDate":"2020-05-25"},{"lineNumber":41,"author":{"gitId":"-"},"content":"checkstyle {","lastModifiedDate":"2020-05-25"},{"lineNumber":42,"author":{"gitId":"-"},"content":"    toolVersion \u003d \u00278.23\u0027","lastModifiedDate":"2020-05-25"},{"lineNumber":43,"author":{"gitId":"-"},"content":"}","lastModifiedDate":"2020-05-25"},{"lineNumber":44,"author":{"gitId":"-"},"content":"","lastModifiedDate":"2020-05-25"},{"lineNumber":45,"author":{"gitId":"-"},"content":"run{","lastModifiedDate":"2020-05-25"},{"lineNumber":46,"author":{"gitId":"-"},"content":"    standardInput \u003d System.in","lastModifiedDate":"2020-05-25"},{"lineNumber":47,"author":{"gitId":"-"},"content":"}","lastModifiedDate":"2020-05-25"}],"authorContributionMap":{"sohwkjames":1,"-":46}},{"path":"src/main/java/seedu/duke/Api.java","fileType":"functional-code","lines":[{"lineNumber":1,"author":{"gitId":"sohwkjames"},"content":"package seedu.duke;","lastModifiedDate":"2021-10-06"},{"lineNumber":2,"author":{"gitId":"sohwkjames"},"content":"","lastModifiedDate":"2021-10-06"},{"lineNumber":3,"author":{"gitId":"sohwkjames"},"content":"import com.google.gson.Gson;","lastModifiedDate":"2021-10-06"},{"lineNumber":4,"author":{"gitId":"sohwkjames"},"content":"import netscape.javascript.JSObject;","lastModifiedDate":"2021-10-06"},{"lineNumber":5,"author":{"gitId":"sohwkjames"},"content":"","lastModifiedDate":"2021-10-06"},{"lineNumber":6,"author":{"gitId":"sohwkjames"},"content":"import java.io.BufferedReader;","lastModifiedDate":"2021-10-06"},{"lineNumber":7,"author":{"gitId":"sohwkjames"},"content":"import java.io.IOException;","lastModifiedDate":"2021-10-06"},{"lineNumber":8,"author":{"gitId":"sohwkjames"},"content":"import java.io.InputStream;","lastModifiedDate":"2021-10-06"},{"lineNumber":9,"author":{"gitId":"sohwkjames"},"content":"import java.io.InputStreamReader;","lastModifiedDate":"2021-10-06"},{"lineNumber":10,"author":{"gitId":"sohwkjames"},"content":"import java.net.HttpURLConnection;","lastModifiedDate":"2021-10-06"},{"lineNumber":11,"author":{"gitId":"sohwkjames"},"content":"import java.net.URI;","lastModifiedDate":"2021-10-06"},{"lineNumber":12,"author":{"gitId":"sohwkjames"},"content":"import java.net.URL;","lastModifiedDate":"2021-10-06"},{"lineNumber":13,"author":{"gitId":"sohwkjames"},"content":"import java.net.URLConnection;","lastModifiedDate":"2021-10-06"},{"lineNumber":14,"author":{"gitId":"sohwkjames"},"content":"import java.net.http.HttpClient;","lastModifiedDate":"2021-10-06"},{"lineNumber":15,"author":{"gitId":"sohwkjames"},"content":"import java.util.List;","lastModifiedDate":"2021-10-06"},{"lineNumber":16,"author":{"gitId":"sohwkjames"},"content":"","lastModifiedDate":"2021-10-06"},{"lineNumber":17,"author":{"gitId":"sohwkjames"},"content":"public class Api {","lastModifiedDate":"2021-10-06"},{"lineNumber":18,"author":{"gitId":"sohwkjames"},"content":"","lastModifiedDate":"2021-10-06"},{"lineNumber":19,"author":{"gitId":"sohwkjames"},"content":"    String urlString \u003d \"https://api.nusmods.com/v2/2020-2021/moduleList.json\";","lastModifiedDate":"2021-10-06"},{"lineNumber":20,"author":{"gitId":"sohwkjames"},"content":"    String urlStringDetailed \u003d \"https://api.nusmods.com/v2/2020-2021/moduleInfo.json\";","lastModifiedDate":"2021-10-13"},{"lineNumber":21,"author":{"gitId":"sohwkjames"},"content":"","lastModifiedDate":"2021-10-13"},{"lineNumber":22,"author":{"gitId":"sohwkjames"},"content":"    public Api() {","lastModifiedDate":"2021-10-06"},{"lineNumber":23,"author":{"gitId":"sohwkjames"},"content":"    }","lastModifiedDate":"2021-10-06"},{"lineNumber":24,"author":{"gitId":"sohwkjames"},"content":"","lastModifiedDate":"2021-10-06"},{"lineNumber":25,"author":{"gitId":"IcyNoPeople"},"content":"    public NusModList getAllModules() throws IOException {","lastModifiedDate":"2021-10-14"},{"lineNumber":26,"author":{"gitId":"sohwkjames"},"content":"        URL url \u003d new URL(urlString);","lastModifiedDate":"2021-10-06"},{"lineNumber":27,"author":{"gitId":"sohwkjames"},"content":"        URLConnection conn \u003d url.openConnection();","lastModifiedDate":"2021-10-06"},{"lineNumber":28,"author":{"gitId":"sohwkjames"},"content":"        InputStream is \u003d conn.getInputStream();","lastModifiedDate":"2021-10-06"},{"lineNumber":29,"author":{"gitId":"sohwkjames"},"content":"        BufferedReader br \u003d new BufferedReader(new InputStreamReader(is));","lastModifiedDate":"2021-10-07"},{"lineNumber":30,"author":{"gitId":"sohwkjames"},"content":"        String line \u003d \"\";","lastModifiedDate":"2021-10-06"},{"lineNumber":31,"author":{"gitId":"sohwkjames"},"content":"","lastModifiedDate":"2021-10-06"},{"lineNumber":32,"author":{"gitId":"sohwkjames"},"content":"        StringBuilder responseStrBuilder \u003d new StringBuilder();","lastModifiedDate":"2021-10-06"},{"lineNumber":33,"author":{"gitId":"sohwkjames"},"content":"        while ((line \u003d  br.readLine()) !\u003d null) {","lastModifiedDate":"2021-10-07"},{"lineNumber":34,"author":{"gitId":"sohwkjames"},"content":"            responseStrBuilder.append(line);","lastModifiedDate":"2021-10-06"},{"lineNumber":35,"author":{"gitId":"sohwkjames"},"content":"        }","lastModifiedDate":"2021-10-06"},{"lineNumber":36,"author":{"gitId":"sohwkjames"},"content":"        is.close();","lastModifiedDate":"2021-10-06"},{"lineNumber":37,"author":{"gitId":"sohwkjames"},"content":"        Gson gson \u003d new Gson();","lastModifiedDate":"2021-10-06"},{"lineNumber":38,"author":{"gitId":"sohwkjames"},"content":"        String tmpStr \u003d responseStrBuilder.toString();","lastModifiedDate":"2021-10-06"},{"lineNumber":39,"author":{"gitId":"sohwkjames"},"content":"        Module[] myMods \u003d gson.fromJson(tmpStr, Module[].class);","lastModifiedDate":"2021-10-06"},{"lineNumber":40,"author":{"gitId":"Mr-YaRou"},"content":"        NusModList nusModList \u003d NusModList.createInstance(myMods);","lastModifiedDate":"2021-10-14"},{"lineNumber":41,"author":{"gitId":"IcyNoPeople"},"content":"        return nusModList;","lastModifiedDate":"2021-10-14"},{"lineNumber":42,"author":{"gitId":"sohwkjames"},"content":"    }","lastModifiedDate":"2021-10-06"},{"lineNumber":43,"author":{"gitId":"sohwkjames"},"content":"","lastModifiedDate":"2021-10-13"},{"lineNumber":44,"author":{"gitId":"IcyNoPeople"},"content":"    public NusModList getAllModulesDetailed() throws IOException {","lastModifiedDate":"2021-10-14"},{"lineNumber":45,"author":{"gitId":"sohwkjames"},"content":"        URL url \u003d new URL(urlStringDetailed);","lastModifiedDate":"2021-10-13"},{"lineNumber":46,"author":{"gitId":"sohwkjames"},"content":"        URLConnection conn \u003d url.openConnection();","lastModifiedDate":"2021-10-13"},{"lineNumber":47,"author":{"gitId":"sohwkjames"},"content":"        InputStream is \u003d conn.getInputStream();","lastModifiedDate":"2021-10-13"},{"lineNumber":48,"author":{"gitId":"sohwkjames"},"content":"        BufferedReader br \u003d new BufferedReader(new InputStreamReader(is));","lastModifiedDate":"2021-10-13"},{"lineNumber":49,"author":{"gitId":"sohwkjames"},"content":"        String line \u003d \"\";","lastModifiedDate":"2021-10-13"},{"lineNumber":50,"author":{"gitId":"sohwkjames"},"content":"","lastModifiedDate":"2021-10-13"},{"lineNumber":51,"author":{"gitId":"sohwkjames"},"content":"        StringBuilder responseStrBuilder \u003d new StringBuilder();","lastModifiedDate":"2021-10-13"},{"lineNumber":52,"author":{"gitId":"sohwkjames"},"content":"        while ((line \u003d  br.readLine()) !\u003d null) {","lastModifiedDate":"2021-10-13"},{"lineNumber":53,"author":{"gitId":"sohwkjames"},"content":"            responseStrBuilder.append(line);","lastModifiedDate":"2021-10-13"},{"lineNumber":54,"author":{"gitId":"sohwkjames"},"content":"        }","lastModifiedDate":"2021-10-13"},{"lineNumber":55,"author":{"gitId":"sohwkjames"},"content":"        is.close();","lastModifiedDate":"2021-10-13"},{"lineNumber":56,"author":{"gitId":"sohwkjames"},"content":"        Gson gson \u003d new Gson();","lastModifiedDate":"2021-10-13"},{"lineNumber":57,"author":{"gitId":"sohwkjames"},"content":"        String tmpStr \u003d responseStrBuilder.toString();","lastModifiedDate":"2021-10-13"},{"lineNumber":58,"author":{"gitId":"sohwkjames"},"content":"        Module[] myMods \u003d gson.fromJson(tmpStr, Module[].class);","lastModifiedDate":"2021-10-13"},{"lineNumber":59,"author":{"gitId":"Mr-YaRou"},"content":"        NusModList nusModList \u003d NusModList.createInstance(myMods);","lastModifiedDate":"2021-10-14"},{"lineNumber":60,"author":{"gitId":"IcyNoPeople"},"content":"        return nusModList;","lastModifiedDate":"2021-10-14"},{"lineNumber":61,"author":{"gitId":"sohwkjames"},"content":"    }","lastModifiedDate":"2021-10-13"},{"lineNumber":62,"author":{"gitId":"sohwkjames"},"content":"}","lastModifiedDate":"2021-10-06"}],"authorContributionMap":{"sohwkjames":56,"IcyNoPeople":4,"Mr-YaRou":2}},{"path":"src/main/java/seedu/duke/Duke.java","fileType":"functional-code","lines":[{"lineNumber":1,"author":{"gitId":"-"},"content":"package seedu.duke;","lastModifiedDate":"2021-10-06"},{"lineNumber":2,"author":{"gitId":"-"},"content":"","lastModifiedDate":"2021-10-06"},{"lineNumber":3,"author":{"gitId":"IcyNoPeople"},"content":"import seedu.duke.command.Command;","lastModifiedDate":"2021-10-08"},{"lineNumber":4,"author":{"gitId":"IcyNoPeople"},"content":"import seedu.duke.command.ExitCommand;","lastModifiedDate":"2021-10-08"},{"lineNumber":5,"author":{"gitId":"IcyNoPeople"},"content":"","lastModifiedDate":"2021-10-08"},{"lineNumber":6,"author":{"gitId":"Mr-YaRou"},"content":"","lastModifiedDate":"2021-10-14"},{"lineNumber":7,"author":{"gitId":"sohwkjames"},"content":"import java.io.IOException;","lastModifiedDate":"2021-10-06"},{"lineNumber":8,"author":{"gitId":"-"},"content":"","lastModifiedDate":"2021-10-06"},{"lineNumber":9,"author":{"gitId":"-"},"content":"public class Duke {","lastModifiedDate":"2021-10-08"},{"lineNumber":10,"author":{"gitId":"IcyNoPeople"},"content":"","lastModifiedDate":"2021-10-08"},{"lineNumber":11,"author":{"gitId":"IcyNoPeople"},"content":"    private Ui ui;","lastModifiedDate":"2021-10-08"},{"lineNumber":12,"author":{"gitId":"IcyNoPeople"},"content":"    private NusModList allModules;","lastModifiedDate":"2021-10-14"},{"lineNumber":13,"author":{"gitId":"IcyNoPeople"},"content":"","lastModifiedDate":"2021-10-08"},{"lineNumber":14,"author":{"gitId":"sohwkjames"},"content":"    public static void main(String[] args) throws IOException {","lastModifiedDate":"2021-10-06"},{"lineNumber":15,"author":{"gitId":"IcyNoPeople"},"content":"        new Duke().run();","lastModifiedDate":"2021-10-08"},{"lineNumber":16,"author":{"gitId":"IcyNoPeople"},"content":"    }","lastModifiedDate":"2021-10-08"},{"lineNumber":17,"author":{"gitId":"IcyNoPeople"},"content":"","lastModifiedDate":"2021-10-08"},{"lineNumber":18,"author":{"gitId":"IcyNoPeople"},"content":"    public void run() throws IOException {","lastModifiedDate":"2021-10-08"},{"lineNumber":19,"author":{"gitId":"IcyNoPeople"},"content":"        start();","lastModifiedDate":"2021-10-08"},{"lineNumber":20,"author":{"gitId":"IcyNoPeople"},"content":"        runCommandLoopUntilExitCommand();","lastModifiedDate":"2021-10-08"},{"lineNumber":21,"author":{"gitId":"IcyNoPeople"},"content":"        exit();","lastModifiedDate":"2021-10-08"},{"lineNumber":22,"author":{"gitId":"IcyNoPeople"},"content":"    }","lastModifiedDate":"2021-10-08"},{"lineNumber":23,"author":{"gitId":"IcyNoPeople"},"content":"","lastModifiedDate":"2021-10-08"},{"lineNumber":24,"author":{"gitId":"IcyNoPeople"},"content":"    private void start() throws IOException {","lastModifiedDate":"2021-10-08"},{"lineNumber":25,"author":{"gitId":"IcyNoPeople"},"content":"        ui \u003d new Ui();","lastModifiedDate":"2021-10-14"},{"lineNumber":26,"author":{"gitId":"IcyNoPeople"},"content":"        ui.welcome();","lastModifiedDate":"2021-10-08"},{"lineNumber":27,"author":{"gitId":"sohwkjames"},"content":"        Api api \u003d new Api();","lastModifiedDate":"2021-10-06"},{"lineNumber":28,"author":{"gitId":"IcyNoPeople"},"content":"        allModules \u003d api.getAllModulesDetailed();","lastModifiedDate":"2021-10-14"},{"lineNumber":29,"author":{"gitId":"IcyNoPeople"},"content":"","lastModifiedDate":"2021-10-14"},{"lineNumber":30,"author":{"gitId":"IcyNoPeople"},"content":"    }","lastModifiedDate":"2021-10-08"},{"lineNumber":31,"author":{"gitId":"IcyNoPeople"},"content":"","lastModifiedDate":"2021-10-08"},{"lineNumber":32,"author":{"gitId":"IcyNoPeople"},"content":"    private void runCommandLoopUntilExitCommand() {","lastModifiedDate":"2021-10-08"},{"lineNumber":33,"author":{"gitId":"IcyNoPeople"},"content":"        Command command;","lastModifiedDate":"2021-10-08"},{"lineNumber":34,"author":{"gitId":"IcyNoPeople"},"content":"        do {","lastModifiedDate":"2021-10-08"},{"lineNumber":35,"author":{"gitId":"IcyNoPeople"},"content":"            String userInstruction \u003d ui.readCommand();","lastModifiedDate":"2021-10-08"},{"lineNumber":36,"author":{"gitId":"IcyNoPeople"},"content":"            command \u003d new Parser().parse(userInstruction);","lastModifiedDate":"2021-10-08"},{"lineNumber":37,"author":{"gitId":"IcyNoPeople"},"content":"            command.execute();","lastModifiedDate":"2021-10-08"},{"lineNumber":38,"author":{"gitId":"IcyNoPeople"},"content":"        } while (!ExitCommand.isExit(command));","lastModifiedDate":"2021-10-08"},{"lineNumber":39,"author":{"gitId":"IcyNoPeople"},"content":"    }","lastModifiedDate":"2021-10-08"},{"lineNumber":40,"author":{"gitId":"IcyNoPeople"},"content":"","lastModifiedDate":"2021-10-08"},{"lineNumber":41,"author":{"gitId":"IcyNoPeople"},"content":"    private void exit() {","lastModifiedDate":"2021-10-08"},{"lineNumber":42,"author":{"gitId":"IcyNoPeople"},"content":"        Ui.exitMsg();","lastModifiedDate":"2021-10-08"},{"lineNumber":43,"author":{"gitId":"-"},"content":"    }","lastModifiedDate":"2021-10-06"},{"lineNumber":44,"author":{"gitId":"sohwkjames"},"content":"}","lastModifiedDate":"2021-10-06"}],"authorContributionMap":{"sohwkjames":4,"IcyNoPeople":34,"-":5,"Mr-YaRou":1}},{"path":"src/main/java/seedu/duke/Module.java","fileType":"functional-code","lines":[{"lineNumber":1,"author":{"gitId":"sohwkjames"},"content":"package seedu.duke;","lastModifiedDate":"2021-10-06"},{"lineNumber":2,"author":{"gitId":"sohwkjames"},"content":"","lastModifiedDate":"2021-10-06"},{"lineNumber":3,"author":{"gitId":"sohwkjames"},"content":"import java.util.Arrays;","lastModifiedDate":"2021-10-13"},{"lineNumber":4,"author":{"gitId":"sohwkjames"},"content":"import java.util.List;","lastModifiedDate":"2021-10-13"},{"lineNumber":5,"author":{"gitId":"sohwkjames"},"content":"","lastModifiedDate":"2021-10-06"},{"lineNumber":6,"author":{"gitId":"sohwkjames"},"content":"public class Module {","lastModifiedDate":"2021-10-13"},{"lineNumber":7,"author":{"gitId":"sohwkjames"},"content":"","lastModifiedDate":"2021-10-06"},{"lineNumber":8,"author":{"gitId":"sohwkjames"},"content":"    String moduleCode;","lastModifiedDate":"2021-10-06"},{"lineNumber":9,"author":{"gitId":"sohwkjames"},"content":"    String title;","lastModifiedDate":"2021-10-06"},{"lineNumber":10,"author":{"gitId":"sohwkjames"},"content":"    Integer[] semesters;","lastModifiedDate":"2021-10-06"},{"lineNumber":11,"author":{"gitId":"sohwkjames"},"content":"    String description;","lastModifiedDate":"2021-10-13"},{"lineNumber":12,"author":{"gitId":"sohwkjames"},"content":"    Float moduleCredit;","lastModifiedDate":"2021-10-13"},{"lineNumber":13,"author":{"gitId":"sohwkjames"},"content":"    String department;","lastModifiedDate":"2021-10-13"},{"lineNumber":14,"author":{"gitId":"sohwkjames"},"content":"    String faculty;","lastModifiedDate":"2021-10-13"},{"lineNumber":15,"author":{"gitId":"sohwkjames"},"content":"    String prerequisite;","lastModifiedDate":"2021-10-13"},{"lineNumber":16,"author":{"gitId":"sohwkjames"},"content":"    String preclusion;","lastModifiedDate":"2021-10-13"},{"lineNumber":17,"author":{"gitId":"sohwkjames"},"content":"    String corequisite;","lastModifiedDate":"2021-10-13"},{"lineNumber":18,"author":{"gitId":"sohwkjames"},"content":"    Semesterdata[] semesterData;","lastModifiedDate":"2021-10-13"},{"lineNumber":19,"author":{"gitId":"sohwkjames"},"content":"","lastModifiedDate":"2021-10-06"},{"lineNumber":20,"author":{"gitId":"sohwkjames"},"content":"    public Module() {","lastModifiedDate":"2021-10-13"},{"lineNumber":21,"author":{"gitId":"sohwkjames"},"content":"","lastModifiedDate":"2021-10-13"},{"lineNumber":22,"author":{"gitId":"sohwkjames"},"content":"    }","lastModifiedDate":"2021-10-13"},{"lineNumber":23,"author":{"gitId":"sohwkjames"},"content":"","lastModifiedDate":"2021-10-06"},{"lineNumber":24,"author":{"gitId":"sohwkjames"},"content":"    public Module(String moduleCode, String title, Integer[] semesters, String description, Float moduleCredit,","lastModifiedDate":"2021-10-13"},{"lineNumber":25,"author":{"gitId":"sohwkjames"},"content":"                  String department, String faculty, String prerequisite, String preclusion, String corequisite,","lastModifiedDate":"2021-10-13"},{"lineNumber":26,"author":{"gitId":"sohwkjames"},"content":"                  Semesterdata[] semesterData) {","lastModifiedDate":"2021-10-13"},{"lineNumber":27,"author":{"gitId":"sohwkjames"},"content":"        this.moduleCode \u003d moduleCode;","lastModifiedDate":"2021-10-06"},{"lineNumber":28,"author":{"gitId":"sohwkjames"},"content":"        this.title \u003d title;","lastModifiedDate":"2021-10-06"},{"lineNumber":29,"author":{"gitId":"sohwkjames"},"content":"        this.semesters \u003d semesters;","lastModifiedDate":"2021-10-06"},{"lineNumber":30,"author":{"gitId":"sohwkjames"},"content":"        this.description \u003d description;","lastModifiedDate":"2021-10-13"},{"lineNumber":31,"author":{"gitId":"sohwkjames"},"content":"        this.moduleCredit \u003d moduleCredit;","lastModifiedDate":"2021-10-13"},{"lineNumber":32,"author":{"gitId":"sohwkjames"},"content":"        this.department \u003d department;","lastModifiedDate":"2021-10-13"},{"lineNumber":33,"author":{"gitId":"sohwkjames"},"content":"        this.faculty \u003d faculty;","lastModifiedDate":"2021-10-13"},{"lineNumber":34,"author":{"gitId":"sohwkjames"},"content":"        this.prerequisite \u003d prerequisite;","lastModifiedDate":"2021-10-13"},{"lineNumber":35,"author":{"gitId":"sohwkjames"},"content":"        this.preclusion \u003d preclusion;","lastModifiedDate":"2021-10-13"},{"lineNumber":36,"author":{"gitId":"sohwkjames"},"content":"        this.corequisite \u003d corequisite;","lastModifiedDate":"2021-10-13"},{"lineNumber":37,"author":{"gitId":"sohwkjames"},"content":"        this.semesterData \u003d semesterData;","lastModifiedDate":"2021-10-13"},{"lineNumber":38,"author":{"gitId":"sohwkjames"},"content":"    }","lastModifiedDate":"2021-10-13"},{"lineNumber":39,"author":{"gitId":"sohwkjames"},"content":"","lastModifiedDate":"2021-10-13"},{"lineNumber":40,"author":{"gitId":"sohwkjames"},"content":"    public Module(String moduleCode, String title, Integer[] semesters, String description) {","lastModifiedDate":"2021-10-13"},{"lineNumber":41,"author":{"gitId":"sohwkjames"},"content":"        this.moduleCode \u003d moduleCode;","lastModifiedDate":"2021-10-13"},{"lineNumber":42,"author":{"gitId":"sohwkjames"},"content":"        this.title \u003d title;","lastModifiedDate":"2021-10-13"},{"lineNumber":43,"author":{"gitId":"sohwkjames"},"content":"        this.semesters \u003d semesters;","lastModifiedDate":"2021-10-13"},{"lineNumber":44,"author":{"gitId":"sohwkjames"},"content":"        this.description \u003d description;","lastModifiedDate":"2021-10-13"},{"lineNumber":45,"author":{"gitId":"sohwkjames"},"content":"    }","lastModifiedDate":"2021-10-13"},{"lineNumber":46,"author":{"gitId":"sohwkjames"},"content":"","lastModifiedDate":"2021-10-13"},{"lineNumber":47,"author":{"gitId":"sohwkjames"},"content":"    @Override","lastModifiedDate":"2021-10-13"},{"lineNumber":48,"author":{"gitId":"sohwkjames"},"content":"    public String toString() {","lastModifiedDate":"2021-10-13"},{"lineNumber":49,"author":{"gitId":"sohwkjames"},"content":"        return \"Module{\"","lastModifiedDate":"2021-10-13"},{"lineNumber":50,"author":{"gitId":"sohwkjames"},"content":"                + \"moduleCode\u003d\u0027\" + moduleCode + \u0027\\\u0027\u0027","lastModifiedDate":"2021-10-13"},{"lineNumber":51,"author":{"gitId":"sohwkjames"},"content":"                + \", title\u003d\u0027\" + title + \u0027\\\u0027\u0027","lastModifiedDate":"2021-10-13"},{"lineNumber":52,"author":{"gitId":"sohwkjames"},"content":"                + \", semesters\u003d\" + Arrays.toString(semesters)","lastModifiedDate":"2021-10-13"},{"lineNumber":53,"author":{"gitId":"sohwkjames"},"content":"                + \", description\u003d\u0027\" + description + \u0027\\\u0027\u0027","lastModifiedDate":"2021-10-13"},{"lineNumber":54,"author":{"gitId":"sohwkjames"},"content":"                + \", moduleCredit\u003d\" + moduleCredit","lastModifiedDate":"2021-10-13"},{"lineNumber":55,"author":{"gitId":"sohwkjames"},"content":"                + \", department\u003d\u0027\" + department + \u0027\\\u0027\u0027","lastModifiedDate":"2021-10-13"},{"lineNumber":56,"author":{"gitId":"sohwkjames"},"content":"                + \", faculty\u003d\u0027\" + faculty + \u0027\\\u0027\u0027","lastModifiedDate":"2021-10-13"},{"lineNumber":57,"author":{"gitId":"sohwkjames"},"content":"                + \", prerequisite\u003d\u0027\" + prerequisite + \u0027\\\u0027\u0027","lastModifiedDate":"2021-10-13"},{"lineNumber":58,"author":{"gitId":"sohwkjames"},"content":"                + \", preclusion\u003d\u0027\" + preclusion + \u0027\\\u0027\u0027","lastModifiedDate":"2021-10-13"},{"lineNumber":59,"author":{"gitId":"sohwkjames"},"content":"                + \", corequisite\u003d\u0027\" + corequisite + \u0027\\\u0027\u0027","lastModifiedDate":"2021-10-13"},{"lineNumber":60,"author":{"gitId":"sohwkjames"},"content":"                + \", semesterData\u003d\u0027\" + semesterData + \u0027\\\u0027\u0027","lastModifiedDate":"2021-10-13"},{"lineNumber":61,"author":{"gitId":"sohwkjames"},"content":"                + \u0027}\u0027;","lastModifiedDate":"2021-10-13"},{"lineNumber":62,"author":{"gitId":"sohwkjames"},"content":"    }","lastModifiedDate":"2021-10-06"},{"lineNumber":63,"author":{"gitId":"IcyNoPeople"},"content":"","lastModifiedDate":"2021-10-14"},{"lineNumber":64,"author":{"gitId":"IcyNoPeople"},"content":"    public String getModuleCode() {","lastModifiedDate":"2021-10-14"},{"lineNumber":65,"author":{"gitId":"IcyNoPeople"},"content":"        return moduleCode;","lastModifiedDate":"2021-10-14"},{"lineNumber":66,"author":{"gitId":"IcyNoPeople"},"content":"    }","lastModifiedDate":"2021-10-14"},{"lineNumber":67,"author":{"gitId":"Mr-YaRou"},"content":"","lastModifiedDate":"2021-10-14"},{"lineNumber":68,"author":{"gitId":"Mr-YaRou"},"content":"    public String getModuleTitle() {","lastModifiedDate":"2021-10-14"},{"lineNumber":69,"author":{"gitId":"Mr-YaRou"},"content":"        return title;","lastModifiedDate":"2021-10-14"},{"lineNumber":70,"author":{"gitId":"Mr-YaRou"},"content":"    }","lastModifiedDate":"2021-10-14"},{"lineNumber":71,"author":{"gitId":"sohwkjames"},"content":"}","lastModifiedDate":"2021-10-06"}],"authorContributionMap":{"sohwkjames":63,"IcyNoPeople":4,"Mr-YaRou":4}},{"path":"src/main/java/seedu/duke/NusModList.java","fileType":"functional-code","lines":[{"lineNumber":1,"author":{"gitId":"IcyNoPeople"},"content":"package seedu.duke;","lastModifiedDate":"2021-10-14"},{"lineNumber":2,"author":{"gitId":"IcyNoPeople"},"content":"","lastModifiedDate":"2021-10-14"},{"lineNumber":3,"author":{"gitId":"Mr-YaRou"},"content":"import java.util.stream.IntStream;","lastModifiedDate":"2021-10-14"},{"lineNumber":4,"author":{"gitId":"Mr-YaRou"},"content":"","lastModifiedDate":"2021-10-14"},{"lineNumber":5,"author":{"gitId":"IcyNoPeople"},"content":"public class NusModList {","lastModifiedDate":"2021-10-14"},{"lineNumber":6,"author":{"gitId":"IcyNoPeople"},"content":"","lastModifiedDate":"2021-10-14"},{"lineNumber":7,"author":{"gitId":"IcyNoPeople"},"content":"    private static Module[] ModListForYear;","lastModifiedDate":"2021-10-14"},{"lineNumber":8,"author":{"gitId":"IcyNoPeople"},"content":"    public static NusModList _Final;","lastModifiedDate":"2021-10-14"},{"lineNumber":9,"author":{"gitId":"IcyNoPeople"},"content":"","lastModifiedDate":"2021-10-14"},{"lineNumber":10,"author":{"gitId":"Mr-YaRou"},"content":"    private NusModList(Module[] modules) {","lastModifiedDate":"2021-10-14"},{"lineNumber":11,"author":{"gitId":"IcyNoPeople"},"content":"        ModListForYear \u003d modules;","lastModifiedDate":"2021-10-14"},{"lineNumber":12,"author":{"gitId":"IcyNoPeople"},"content":"    }","lastModifiedDate":"2021-10-14"},{"lineNumber":13,"author":{"gitId":"IcyNoPeople"},"content":"","lastModifiedDate":"2021-10-14"},{"lineNumber":14,"author":{"gitId":"Mr-YaRou"},"content":"    public static NusModList createInstance(Module[] modules) {","lastModifiedDate":"2021-10-14"},{"lineNumber":15,"author":{"gitId":"Mr-YaRou"},"content":"        if (_Final \u003d\u003d null) {","lastModifiedDate":"2021-10-14"},{"lineNumber":16,"author":{"gitId":"Mr-YaRou"},"content":"            _Final \u003d new NusModList(modules);","lastModifiedDate":"2021-10-14"},{"lineNumber":17,"author":{"gitId":"Mr-YaRou"},"content":"        }","lastModifiedDate":"2021-10-14"},{"lineNumber":18,"author":{"gitId":"Mr-YaRou"},"content":"        return  _Final; // Converting NusModList to Singleton Class to only have 1 Instance for easier retrieval","lastModifiedDate":"2021-10-14"},{"lineNumber":19,"author":{"gitId":"Mr-YaRou"},"content":"    }","lastModifiedDate":"2021-10-14"},{"lineNumber":20,"author":{"gitId":"Mr-YaRou"},"content":"","lastModifiedDate":"2021-10-14"},{"lineNumber":21,"author":{"gitId":"Mr-YaRou"},"content":"    public static NusModList sharedInstance() {","lastModifiedDate":"2021-10-14"},{"lineNumber":22,"author":{"gitId":"Mr-YaRou"},"content":"        return  _Final;","lastModifiedDate":"2021-10-14"},{"lineNumber":23,"author":{"gitId":"Mr-YaRou"},"content":"    }","lastModifiedDate":"2021-10-14"},{"lineNumber":24,"author":{"gitId":"Mr-YaRou"},"content":"","lastModifiedDate":"2021-10-14"},{"lineNumber":25,"author":{"gitId":"IcyNoPeople"},"content":"    public int getSize() {","lastModifiedDate":"2021-10-14"},{"lineNumber":26,"author":{"gitId":"IcyNoPeople"},"content":"        return ModListForYear.length;","lastModifiedDate":"2021-10-14"},{"lineNumber":27,"author":{"gitId":"IcyNoPeople"},"content":"    }","lastModifiedDate":"2021-10-14"},{"lineNumber":28,"author":{"gitId":"IcyNoPeople"},"content":"","lastModifiedDate":"2021-10-14"},{"lineNumber":29,"author":{"gitId":"IcyNoPeople"},"content":"    public Module[] getAllModule() {","lastModifiedDate":"2021-10-14"},{"lineNumber":30,"author":{"gitId":"IcyNoPeople"},"content":"        return ModListForYear;","lastModifiedDate":"2021-10-14"},{"lineNumber":31,"author":{"gitId":"IcyNoPeople"},"content":"    }","lastModifiedDate":"2021-10-14"},{"lineNumber":32,"author":{"gitId":"IcyNoPeople"},"content":"","lastModifiedDate":"2021-10-14"},{"lineNumber":33,"author":{"gitId":"IcyNoPeople"},"content":"    public Module getMod(String moduleCode) {","lastModifiedDate":"2021-10-14"},{"lineNumber":34,"author":{"gitId":"IcyNoPeople"},"content":"        Module module \u003d new Module();","lastModifiedDate":"2021-10-14"},{"lineNumber":35,"author":{"gitId":"IcyNoPeople"},"content":"        for (int i \u003d 0; i \u003c getSize(); i++) {","lastModifiedDate":"2021-10-14"},{"lineNumber":36,"author":{"gitId":"IcyNoPeople"},"content":"            if (ModListForYear[i].getModuleCode() \u003d\u003d moduleCode) {","lastModifiedDate":"2021-10-14"},{"lineNumber":37,"author":{"gitId":"IcyNoPeople"},"content":"                module \u003d ModListForYear[i];","lastModifiedDate":"2021-10-14"},{"lineNumber":38,"author":{"gitId":"IcyNoPeople"},"content":"                return module;","lastModifiedDate":"2021-10-14"},{"lineNumber":39,"author":{"gitId":"IcyNoPeople"},"content":"            }","lastModifiedDate":"2021-10-14"},{"lineNumber":40,"author":{"gitId":"IcyNoPeople"},"content":"        }","lastModifiedDate":"2021-10-14"},{"lineNumber":41,"author":{"gitId":"IcyNoPeople"},"content":"        return module;","lastModifiedDate":"2021-10-14"},{"lineNumber":42,"author":{"gitId":"IcyNoPeople"},"content":"    }","lastModifiedDate":"2021-10-14"},{"lineNumber":43,"author":{"gitId":"IcyNoPeople"},"content":"","lastModifiedDate":"2021-10-14"},{"lineNumber":44,"author":{"gitId":"IcyNoPeople"},"content":"    public Module getMod(int moduleIndex) {","lastModifiedDate":"2021-10-14"},{"lineNumber":45,"author":{"gitId":"IcyNoPeople"},"content":"        return ModListForYear[moduleIndex];","lastModifiedDate":"2021-10-14"},{"lineNumber":46,"author":{"gitId":"IcyNoPeople"},"content":"    }","lastModifiedDate":"2021-10-14"},{"lineNumber":47,"author":{"gitId":"IcyNoPeople"},"content":"","lastModifiedDate":"2021-10-14"},{"lineNumber":48,"author":{"gitId":"IcyNoPeople"},"content":"    public boolean hasMod(String moduleCode) {","lastModifiedDate":"2021-10-14"},{"lineNumber":49,"author":{"gitId":"Mr-YaRou"},"content":"        for (Module m : ModListForYear) {","lastModifiedDate":"2021-10-14"},{"lineNumber":50,"author":{"gitId":"Mr-YaRou"},"content":"            if (m.getModuleCode().equals(moduleCode)) {","lastModifiedDate":"2021-10-14"},{"lineNumber":51,"author":{"gitId":"IcyNoPeople"},"content":"                return true;","lastModifiedDate":"2021-10-14"},{"lineNumber":52,"author":{"gitId":"IcyNoPeople"},"content":"            }","lastModifiedDate":"2021-10-14"},{"lineNumber":53,"author":{"gitId":"Mr-YaRou"},"content":"        }","lastModifiedDate":"2021-10-14"},{"lineNumber":54,"author":{"gitId":"IcyNoPeople"},"content":"        return false;","lastModifiedDate":"2021-10-14"},{"lineNumber":55,"author":{"gitId":"IcyNoPeople"},"content":"    }","lastModifiedDate":"2021-10-14"},{"lineNumber":56,"author":{"gitId":"IcyNoPeople"},"content":"","lastModifiedDate":"2021-10-14"},{"lineNumber":57,"author":{"gitId":"IcyNoPeople"},"content":"    public int moduleIndex(String moduleCode) {","lastModifiedDate":"2021-10-14"},{"lineNumber":58,"author":{"gitId":"Mr-YaRou"},"content":"        for (int i \u003d 0; i \u003c this.getSize(); i++) {","lastModifiedDate":"2021-10-14"},{"lineNumber":59,"author":{"gitId":"Mr-YaRou"},"content":"            if (ModListForYear[i].getModuleCode().equals(moduleCode)) {","lastModifiedDate":"2021-10-14"},{"lineNumber":60,"author":{"gitId":"IcyNoPeople"},"content":"                return i;","lastModifiedDate":"2021-10-14"},{"lineNumber":61,"author":{"gitId":"Mr-YaRou"},"content":"            }","lastModifiedDate":"2021-10-14"},{"lineNumber":62,"author":{"gitId":"Mr-YaRou"},"content":"        }","lastModifiedDate":"2021-10-14"},{"lineNumber":63,"author":{"gitId":"IcyNoPeople"},"content":"        return -1;","lastModifiedDate":"2021-10-14"},{"lineNumber":64,"author":{"gitId":"IcyNoPeople"},"content":"    }","lastModifiedDate":"2021-10-14"},{"lineNumber":65,"author":{"gitId":"IcyNoPeople"},"content":"","lastModifiedDate":"2021-10-14"},{"lineNumber":66,"author":{"gitId":"IcyNoPeople"},"content":"}","lastModifiedDate":"2021-10-14"}],"authorContributionMap":{"IcyNoPeople":45,"Mr-YaRou":21}},{"path":"src/main/java/seedu/duke/Parser.java","fileType":"functional-code","lines":[{"lineNumber":1,"author":{"gitId":"IcyNoPeople"},"content":"package seedu.duke;","lastModifiedDate":"2021-10-07"},{"lineNumber":2,"author":{"gitId":"IcyNoPeople"},"content":"","lastModifiedDate":"2021-10-07"},{"lineNumber":3,"author":{"gitId":"IcyNoPeople"},"content":"import seedu.duke.command.Command;","lastModifiedDate":"2021-10-08"},{"lineNumber":4,"author":{"gitId":"IcyNoPeople"},"content":"import seedu.duke.command.ExitCommand;","lastModifiedDate":"2021-10-08"},{"lineNumber":5,"author":{"gitId":"Elxyng"},"content":"import seedu.duke.command.ListCommand;","lastModifiedDate":"2021-10-13"},{"lineNumber":6,"author":{"gitId":"IcyNoPeople"},"content":"import seedu.duke.command.PlaceholderCommand;","lastModifiedDate":"2021-10-08"},{"lineNumber":7,"author":{"gitId":"IcyNoPeople"},"content":"","lastModifiedDate":"2021-10-08"},{"lineNumber":8,"author":{"gitId":"IcyNoPeople"},"content":"public class Parser {","lastModifiedDate":"2021-10-07"},{"lineNumber":9,"author":{"gitId":"IcyNoPeople"},"content":"    public static Command parse(String fullCommand) {","lastModifiedDate":"2021-10-08"},{"lineNumber":10,"author":{"gitId":"IcyNoPeople"},"content":"        String keyCommand;","lastModifiedDate":"2021-10-08"},{"lineNumber":11,"author":{"gitId":"IcyNoPeople"},"content":"        try {","lastModifiedDate":"2021-10-08"},{"lineNumber":12,"author":{"gitId":"IcyNoPeople"},"content":"            keyCommand \u003d fullCommand.split(\" \")[0].toLowerCase();","lastModifiedDate":"2021-10-08"},{"lineNumber":13,"author":{"gitId":"IcyNoPeople"},"content":"        } catch (Exception e) {","lastModifiedDate":"2021-10-08"},{"lineNumber":14,"author":{"gitId":"IcyNoPeople"},"content":"            keyCommand \u003d \"exit\";","lastModifiedDate":"2021-10-08"},{"lineNumber":15,"author":{"gitId":"IcyNoPeople"},"content":"        }","lastModifiedDate":"2021-10-08"},{"lineNumber":16,"author":{"gitId":"IcyNoPeople"},"content":"        switch (keyCommand) {","lastModifiedDate":"2021-10-07"},{"lineNumber":17,"author":{"gitId":"IcyNoPeople"},"content":"        case (\"add\"):","lastModifiedDate":"2021-10-08"},{"lineNumber":18,"author":{"gitId":"IcyNoPeople"},"content":"            return new PlaceholderCommand(\"add\");","lastModifiedDate":"2021-10-08"},{"lineNumber":19,"author":{"gitId":"IcyNoPeople"},"content":"","lastModifiedDate":"2021-10-08"},{"lineNumber":20,"author":{"gitId":"IcyNoPeople"},"content":"        case (\"list\"):","lastModifiedDate":"2021-10-07"},{"lineNumber":21,"author":{"gitId":"Elxyng"},"content":"            return new ListCommand(\"list\");","lastModifiedDate":"2021-10-13"},{"lineNumber":22,"author":{"gitId":"IcyNoPeople"},"content":"","lastModifiedDate":"2021-10-08"},{"lineNumber":23,"author":{"gitId":"IcyNoPeople"},"content":"        case (\"view\"):","lastModifiedDate":"2021-10-08"},{"lineNumber":24,"author":{"gitId":"IcyNoPeople"},"content":"            return new PlaceholderCommand(\"view\");","lastModifiedDate":"2021-10-08"},{"lineNumber":25,"author":{"gitId":"IcyNoPeople"},"content":"","lastModifiedDate":"2021-10-08"},{"lineNumber":26,"author":{"gitId":"IcyNoPeople"},"content":"        case (\"delete\"):","lastModifiedDate":"2021-10-08"},{"lineNumber":27,"author":{"gitId":"IcyNoPeople"},"content":"            return new PlaceholderCommand(\"delete\");","lastModifiedDate":"2021-10-08"},{"lineNumber":28,"author":{"gitId":"IcyNoPeople"},"content":"","lastModifiedDate":"2021-10-08"},{"lineNumber":29,"author":{"gitId":"IcyNoPeople"},"content":"        case (\"exit\"):","lastModifiedDate":"2021-10-08"},{"lineNumber":30,"author":{"gitId":"IcyNoPeople"},"content":"        case (\"bye\"):","lastModifiedDate":"2021-10-08"},{"lineNumber":31,"author":{"gitId":"IcyNoPeople"},"content":"        case (\"quit\"):","lastModifiedDate":"2021-10-08"},{"lineNumber":32,"author":{"gitId":"IcyNoPeople"},"content":"            System.out.println(\"Do exit\");","lastModifiedDate":"2021-10-08"},{"lineNumber":33,"author":{"gitId":"IcyNoPeople"},"content":"            return new ExitCommand();","lastModifiedDate":"2021-10-08"},{"lineNumber":34,"author":{"gitId":"IcyNoPeople"},"content":"        default:","lastModifiedDate":"2021-10-07"},{"lineNumber":35,"author":{"gitId":"IcyNoPeople"},"content":"            return new PlaceholderCommand(\"Try again\"); //temp place holder","lastModifiedDate":"2021-10-08"},{"lineNumber":36,"author":{"gitId":"IcyNoPeople"},"content":"        }","lastModifiedDate":"2021-10-07"},{"lineNumber":37,"author":{"gitId":"IcyNoPeople"},"content":"    }","lastModifiedDate":"2021-10-07"},{"lineNumber":38,"author":{"gitId":"IcyNoPeople"},"content":"}","lastModifiedDate":"2021-10-07"}],"authorContributionMap":{"Elxyng":2,"IcyNoPeople":36}},{"path":"src/main/java/seedu/duke/Semesterdata.java","fileType":"functional-code","lines":[{"lineNumber":1,"author":{"gitId":"sohwkjames"},"content":"package seedu.duke;","lastModifiedDate":"2021-10-13"},{"lineNumber":2,"author":{"gitId":"sohwkjames"},"content":"","lastModifiedDate":"2021-10-13"},{"lineNumber":3,"author":{"gitId":"sohwkjames"},"content":"import java.util.Date;","lastModifiedDate":"2021-10-13"},{"lineNumber":4,"author":{"gitId":"sohwkjames"},"content":"","lastModifiedDate":"2021-10-13"},{"lineNumber":5,"author":{"gitId":"sohwkjames"},"content":"public class Semesterdata {","lastModifiedDate":"2021-10-13"},{"lineNumber":6,"author":{"gitId":"sohwkjames"},"content":"    Integer semester;","lastModifiedDate":"2021-10-13"},{"lineNumber":7,"author":{"gitId":"sohwkjames"},"content":"    Date examDate;","lastModifiedDate":"2021-10-13"},{"lineNumber":8,"author":{"gitId":"sohwkjames"},"content":"    Integer examDuration;","lastModifiedDate":"2021-10-13"},{"lineNumber":9,"author":{"gitId":"sohwkjames"},"content":"","lastModifiedDate":"2021-10-13"},{"lineNumber":10,"author":{"gitId":"sohwkjames"},"content":"    public Semesterdata(Integer semester, Date examDate, Integer examDuration) {","lastModifiedDate":"2021-10-13"},{"lineNumber":11,"author":{"gitId":"sohwkjames"},"content":"        this.semester \u003d semester;","lastModifiedDate":"2021-10-13"},{"lineNumber":12,"author":{"gitId":"sohwkjames"},"content":"        this.examDate \u003d examDate;","lastModifiedDate":"2021-10-13"},{"lineNumber":13,"author":{"gitId":"sohwkjames"},"content":"        this.examDuration \u003d examDuration;","lastModifiedDate":"2021-10-13"},{"lineNumber":14,"author":{"gitId":"sohwkjames"},"content":"    }","lastModifiedDate":"2021-10-13"},{"lineNumber":15,"author":{"gitId":"sohwkjames"},"content":"","lastModifiedDate":"2021-10-13"},{"lineNumber":16,"author":{"gitId":"sohwkjames"},"content":"    @Override","lastModifiedDate":"2021-10-13"},{"lineNumber":17,"author":{"gitId":"sohwkjames"},"content":"    public String toString() {","lastModifiedDate":"2021-10-13"},{"lineNumber":18,"author":{"gitId":"sohwkjames"},"content":"        return \"SemesterData{\"","lastModifiedDate":"2021-10-13"},{"lineNumber":19,"author":{"gitId":"sohwkjames"},"content":"                + \"semester\u003d\" + semester","lastModifiedDate":"2021-10-13"},{"lineNumber":20,"author":{"gitId":"sohwkjames"},"content":"                + \", examDate\u003d\u0027\" + examDate + \u0027\\\u0027\u0027","lastModifiedDate":"2021-10-13"},{"lineNumber":21,"author":{"gitId":"sohwkjames"},"content":"                + \", examDuration\u003d\" + examDuration","lastModifiedDate":"2021-10-13"},{"lineNumber":22,"author":{"gitId":"sohwkjames"},"content":"                + \u0027}\u0027;","lastModifiedDate":"2021-10-13"},{"lineNumber":23,"author":{"gitId":"sohwkjames"},"content":"    }","lastModifiedDate":"2021-10-13"},{"lineNumber":24,"author":{"gitId":"sohwkjames"},"content":"}","lastModifiedDate":"2021-10-13"}],"authorContributionMap":{"sohwkjames":24}},{"path":"src/main/java/seedu/duke/Ui.java","fileType":"functional-code","lines":[{"lineNumber":1,"author":{"gitId":"IcyNoPeople"},"content":"package seedu.duke;","lastModifiedDate":"2021-10-07"},{"lineNumber":2,"author":{"gitId":"IcyNoPeople"},"content":"","lastModifiedDate":"2021-10-07"},{"lineNumber":3,"author":{"gitId":"Elxyng"},"content":"import java.util.ArrayList;","lastModifiedDate":"2021-10-14"},{"lineNumber":4,"author":{"gitId":"IcyNoPeople"},"content":"import java.util.Scanner;","lastModifiedDate":"2021-10-07"},{"lineNumber":5,"author":{"gitId":"IcyNoPeople"},"content":"","lastModifiedDate":"2021-10-07"},{"lineNumber":6,"author":{"gitId":"IcyNoPeople"},"content":"public class Ui {","lastModifiedDate":"2021-10-07"},{"lineNumber":7,"author":{"gitId":"IcyNoPeople"},"content":"","lastModifiedDate":"2021-10-07"},{"lineNumber":8,"author":{"gitId":"IcyNoPeople"},"content":"    private static Scanner in;","lastModifiedDate":"2021-10-08"},{"lineNumber":9,"author":{"gitId":"IcyNoPeople"},"content":"    ","lastModifiedDate":"2021-10-08"},{"lineNumber":10,"author":{"gitId":"IcyNoPeople"},"content":"    public Ui() {","lastModifiedDate":"2021-10-08"},{"lineNumber":11,"author":{"gitId":"IcyNoPeople"},"content":"        this.in \u003d new Scanner(System.in);","lastModifiedDate":"2021-10-08"},{"lineNumber":12,"author":{"gitId":"IcyNoPeople"},"content":"    }","lastModifiedDate":"2021-10-08"},{"lineNumber":13,"author":{"gitId":"IcyNoPeople"},"content":"","lastModifiedDate":"2021-10-08"},{"lineNumber":14,"author":{"gitId":"IcyNoPeople"},"content":"","lastModifiedDate":"2021-10-08"},{"lineNumber":15,"author":{"gitId":"IcyNoPeople"},"content":"    public static void welcome() {","lastModifiedDate":"2021-10-08"},{"lineNumber":16,"author":{"gitId":"IcyNoPeople"},"content":"        System.out.println(\"Welcome to NUS module tracker \\n\"","lastModifiedDate":"2021-10-08"},{"lineNumber":17,"author":{"gitId":"IcyNoPeople"},"content":"                +          \"What can I do for you?\\n\");","lastModifiedDate":"2021-10-08"},{"lineNumber":18,"author":{"gitId":"IcyNoPeople"},"content":"    }","lastModifiedDate":"2021-10-07"},{"lineNumber":19,"author":{"gitId":"IcyNoPeople"},"content":"","lastModifiedDate":"2021-10-07"},{"lineNumber":20,"author":{"gitId":"IcyNoPeople"},"content":"    public static String readCommand() {","lastModifiedDate":"2021-10-07"},{"lineNumber":21,"author":{"gitId":"IcyNoPeople"},"content":"        System.out.print(\"Type something: \");","lastModifiedDate":"2021-10-07"},{"lineNumber":22,"author":{"gitId":"IcyNoPeople"},"content":"        String line \u003d in.nextLine();","lastModifiedDate":"2021-10-08"},{"lineNumber":23,"author":{"gitId":"IcyNoPeople"},"content":"        return line;","lastModifiedDate":"2021-10-07"},{"lineNumber":24,"author":{"gitId":"IcyNoPeople"},"content":"    }","lastModifiedDate":"2021-10-07"},{"lineNumber":25,"author":{"gitId":"IcyNoPeople"},"content":"","lastModifiedDate":"2021-10-07"},{"lineNumber":26,"author":{"gitId":"IcyNoPeople"},"content":"    public static void exitMsg() {","lastModifiedDate":"2021-10-08"},{"lineNumber":27,"author":{"gitId":"IcyNoPeople"},"content":"        System.out.println(\"Good bye!\");","lastModifiedDate":"2021-10-08"},{"lineNumber":28,"author":{"gitId":"IcyNoPeople"},"content":"    }","lastModifiedDate":"2021-10-08"},{"lineNumber":29,"author":{"gitId":"IcyNoPeople"},"content":"","lastModifiedDate":"2021-10-08"},{"lineNumber":30,"author":{"gitId":"Elxyng"},"content":"    public static void printListEmpty() {","lastModifiedDate":"2021-10-14"},{"lineNumber":31,"author":{"gitId":"Elxyng"},"content":"        System.out.print(\"List is empty!\");","lastModifiedDate":"2021-10-14"},{"lineNumber":32,"author":{"gitId":"Elxyng"},"content":"    }","lastModifiedDate":"2021-10-14"},{"lineNumber":33,"author":{"gitId":"Elxyng"},"content":"","lastModifiedDate":"2021-10-14"},{"lineNumber":34,"author":{"gitId":"Elxyng"},"content":"    public static void printRemoveTask() {","lastModifiedDate":"2021-10-14"},{"lineNumber":35,"author":{"gitId":"Elxyng"},"content":"        System.out.print(\"Noted. I\u0027ve removed this task:\");","lastModifiedDate":"2021-10-14"},{"lineNumber":36,"author":{"gitId":"Elxyng"},"content":"    }","lastModifiedDate":"2021-10-14"},{"lineNumber":37,"author":{"gitId":"Elxyng"},"content":"","lastModifiedDate":"2021-10-14"},{"lineNumber":38,"author":{"gitId":"Elxyng"},"content":"    public static void printNumberOfTasks(ArrayList\u003cModule\u003e userList) {","lastModifiedDate":"2021-10-14"},{"lineNumber":39,"author":{"gitId":"Elxyng"},"content":"        System.out.print(\"Now you have \" + (userList.size()) + \" tasks in the list.\");","lastModifiedDate":"2021-10-14"},{"lineNumber":40,"author":{"gitId":"Elxyng"},"content":"    }","lastModifiedDate":"2021-10-14"},{"lineNumber":41,"author":{"gitId":"Elxyng"},"content":"","lastModifiedDate":"2021-10-14"},{"lineNumber":42,"author":{"gitId":"Elxyng"},"content":"    public static void printNumberFormatException() {","lastModifiedDate":"2021-10-14"},{"lineNumber":43,"author":{"gitId":"Elxyng"},"content":"        System.out.print(\"☹ OOPS!!! I\u0027m sorry, but I don\u0027t know what that means :-(\");","lastModifiedDate":"2021-10-14"},{"lineNumber":44,"author":{"gitId":"Elxyng"},"content":"    }","lastModifiedDate":"2021-10-14"},{"lineNumber":45,"author":{"gitId":"Elxyng"},"content":"","lastModifiedDate":"2021-10-14"},{"lineNumber":46,"author":{"gitId":"Elxyng"},"content":"    public static void printIndexOutOfRangeException() {","lastModifiedDate":"2021-10-14"},{"lineNumber":47,"author":{"gitId":"Elxyng"},"content":"        System.out.print(\"%s☹ OOPS!!! Out of Range!\");","lastModifiedDate":"2021-10-14"},{"lineNumber":48,"author":{"gitId":"Elxyng"},"content":"    }","lastModifiedDate":"2021-10-14"},{"lineNumber":49,"author":{"gitId":"Elxyng"},"content":"","lastModifiedDate":"2021-10-14"},{"lineNumber":50,"author":{"gitId":"IcyNoPeople"},"content":"}","lastModifiedDate":"2021-10-07"}],"authorContributionMap":{"Elxyng":21,"IcyNoPeople":29}},{"path":"src/main/java/seedu/duke/UserList.java","fileType":"functional-code","lines":[{"lineNumber":1,"author":{"gitId":"Elxyng"},"content":"package seedu.duke;","lastModifiedDate":"2021-10-14"},{"lineNumber":2,"author":{"gitId":"Elxyng"},"content":"","lastModifiedDate":"2021-10-14"},{"lineNumber":3,"author":{"gitId":"Elxyng"},"content":"import seedu.duke.exceptions.ListEmptyException;","lastModifiedDate":"2021-10-14"},{"lineNumber":4,"author":{"gitId":"Elxyng"},"content":"import seedu.duke.exceptions.IndexOutOfRangeException;","lastModifiedDate":"2021-10-14"},{"lineNumber":5,"author":{"gitId":"Elxyng"},"content":"","lastModifiedDate":"2021-10-14"},{"lineNumber":6,"author":{"gitId":"Elxyng"},"content":"import java.util.ArrayList;","lastModifiedDate":"2021-10-14"},{"lineNumber":7,"author":{"gitId":"Elxyng"},"content":"","lastModifiedDate":"2021-10-14"},{"lineNumber":8,"author":{"gitId":"Elxyng"},"content":"public class UserList {","lastModifiedDate":"2021-10-14"},{"lineNumber":9,"author":{"gitId":"Elxyng"},"content":"","lastModifiedDate":"2021-10-14"},{"lineNumber":10,"author":{"gitId":"Elxyng"},"content":"    private ArrayList\u003cModule\u003e userList;","lastModifiedDate":"2021-10-14"},{"lineNumber":11,"author":{"gitId":"Elxyng"},"content":"","lastModifiedDate":"2021-10-14"},{"lineNumber":12,"author":{"gitId":"Elxyng"},"content":"    public boolean add(Module m) {","lastModifiedDate":"2021-10-14"},{"lineNumber":13,"author":{"gitId":"Elxyng"},"content":"        return userList.add(m);","lastModifiedDate":"2021-10-14"},{"lineNumber":14,"author":{"gitId":"Elxyng"},"content":"    }","lastModifiedDate":"2021-10-14"},{"lineNumber":15,"author":{"gitId":"Elxyng"},"content":"","lastModifiedDate":"2021-10-14"},{"lineNumber":16,"author":{"gitId":"Elxyng"},"content":"    public void list() {","lastModifiedDate":"2021-10-14"},{"lineNumber":17,"author":{"gitId":"Elxyng"},"content":"        try {","lastModifiedDate":"2021-10-14"},{"lineNumber":18,"author":{"gitId":"Elxyng"},"content":"            checkListEmpty(userList);","lastModifiedDate":"2021-10-14"},{"lineNumber":19,"author":{"gitId":"Elxyng"},"content":"            printOutput(userList);","lastModifiedDate":"2021-10-14"},{"lineNumber":20,"author":{"gitId":"Elxyng"},"content":"        } catch (ListEmptyException e) {","lastModifiedDate":"2021-10-14"},{"lineNumber":21,"author":{"gitId":"Elxyng"},"content":"            Ui.printListEmpty();","lastModifiedDate":"2021-10-14"},{"lineNumber":22,"author":{"gitId":"Elxyng"},"content":"        }","lastModifiedDate":"2021-10-14"},{"lineNumber":23,"author":{"gitId":"Elxyng"},"content":"    }","lastModifiedDate":"2021-10-14"},{"lineNumber":24,"author":{"gitId":"Elxyng"},"content":"","lastModifiedDate":"2021-10-14"},{"lineNumber":25,"author":{"gitId":"Elxyng"},"content":"    public void deleteTask(String line) {","lastModifiedDate":"2021-10-14"},{"lineNumber":26,"author":{"gitId":"Elxyng"},"content":"        try {","lastModifiedDate":"2021-10-14"},{"lineNumber":27,"author":{"gitId":"Elxyng"},"content":"            checkListEmpty(userList);","lastModifiedDate":"2021-10-14"},{"lineNumber":28,"author":{"gitId":"Elxyng"},"content":"            String theStrIndex \u003d line.substring(7);","lastModifiedDate":"2021-10-14"},{"lineNumber":29,"author":{"gitId":"Elxyng"},"content":"            String[] theStrIndexArr \u003d theStrIndex.split(\",\");","lastModifiedDate":"2021-10-14"},{"lineNumber":30,"author":{"gitId":"Elxyng"},"content":"            int[] intArr \u003d new int[theStrIndexArr.length];","lastModifiedDate":"2021-10-14"},{"lineNumber":31,"author":{"gitId":"Elxyng"},"content":"            for (int i \u003d 0; i \u003c theStrIndexArr.length; i++) {","lastModifiedDate":"2021-10-14"},{"lineNumber":32,"author":{"gitId":"Elxyng"},"content":"                String num \u003d theStrIndexArr[i];","lastModifiedDate":"2021-10-14"},{"lineNumber":33,"author":{"gitId":"Elxyng"},"content":"                intArr[i] \u003d Integer.parseInt(num);","lastModifiedDate":"2021-10-14"},{"lineNumber":34,"author":{"gitId":"Elxyng"},"content":"                checkIndexOutOfRange(userList.size(), intArr[i]);","lastModifiedDate":"2021-10-14"},{"lineNumber":35,"author":{"gitId":"Elxyng"},"content":"            }","lastModifiedDate":"2021-10-14"},{"lineNumber":36,"author":{"gitId":"Elxyng"},"content":"","lastModifiedDate":"2021-10-14"},{"lineNumber":37,"author":{"gitId":"Elxyng"},"content":"            Ui.printRemoveTask();","lastModifiedDate":"2021-10-14"},{"lineNumber":38,"author":{"gitId":"Elxyng"},"content":"","lastModifiedDate":"2021-10-14"},{"lineNumber":39,"author":{"gitId":"Elxyng"},"content":"            for (int i \u003d 0; i \u003c intArr.length; i++) {","lastModifiedDate":"2021-10-14"},{"lineNumber":40,"author":{"gitId":"Elxyng"},"content":"                Module m \u003d userList.get(intArr[i] - (i + 1));","lastModifiedDate":"2021-10-14"},{"lineNumber":41,"author":{"gitId":"Elxyng"},"content":"                System.out.print(m.toString());","lastModifiedDate":"2021-10-14"},{"lineNumber":42,"author":{"gitId":"Elxyng"},"content":"                userList.remove(intArr[i] - (i + 1));","lastModifiedDate":"2021-10-14"},{"lineNumber":43,"author":{"gitId":"Elxyng"},"content":"            }","lastModifiedDate":"2021-10-14"},{"lineNumber":44,"author":{"gitId":"Elxyng"},"content":"","lastModifiedDate":"2021-10-14"},{"lineNumber":45,"author":{"gitId":"Elxyng"},"content":"            Ui.printNumberOfTasks(userList);","lastModifiedDate":"2021-10-14"},{"lineNumber":46,"author":{"gitId":"Elxyng"},"content":"","lastModifiedDate":"2021-10-14"},{"lineNumber":47,"author":{"gitId":"Elxyng"},"content":"        } catch (NumberFormatException e) {","lastModifiedDate":"2021-10-14"},{"lineNumber":48,"author":{"gitId":"Elxyng"},"content":"            Ui.printNumberFormatException();","lastModifiedDate":"2021-10-14"},{"lineNumber":49,"author":{"gitId":"Elxyng"},"content":"        } catch (IndexOutOfRangeException e) {","lastModifiedDate":"2021-10-14"},{"lineNumber":50,"author":{"gitId":"Elxyng"},"content":"            Ui.printIndexOutOfRangeException();","lastModifiedDate":"2021-10-14"},{"lineNumber":51,"author":{"gitId":"Elxyng"},"content":"        } catch (ListEmptyException e) {","lastModifiedDate":"2021-10-14"},{"lineNumber":52,"author":{"gitId":"Elxyng"},"content":"            Ui.printListEmpty();","lastModifiedDate":"2021-10-14"},{"lineNumber":53,"author":{"gitId":"Elxyng"},"content":"        }","lastModifiedDate":"2021-10-14"},{"lineNumber":54,"author":{"gitId":"Elxyng"},"content":"    }","lastModifiedDate":"2021-10-14"},{"lineNumber":55,"author":{"gitId":"Elxyng"},"content":"","lastModifiedDate":"2021-10-14"},{"lineNumber":56,"author":{"gitId":"Elxyng"},"content":"    public void printOutput(ArrayList\u003cModule\u003e userList) {","lastModifiedDate":"2021-10-14"},{"lineNumber":57,"author":{"gitId":"Elxyng"},"content":"        System.out.print(\"Here are the modules in your list: \");","lastModifiedDate":"2021-10-14"},{"lineNumber":58,"author":{"gitId":"Elxyng"},"content":"        for (int i \u003d 0; i \u003c userList.size(); i++) {","lastModifiedDate":"2021-10-14"},{"lineNumber":59,"author":{"gitId":"Elxyng"},"content":"            System.out.print((i + 1) + \". \" + userList.get(i).toString());","lastModifiedDate":"2021-10-14"},{"lineNumber":60,"author":{"gitId":"Elxyng"},"content":"        }","lastModifiedDate":"2021-10-14"},{"lineNumber":61,"author":{"gitId":"Elxyng"},"content":"    }","lastModifiedDate":"2021-10-14"},{"lineNumber":62,"author":{"gitId":"Elxyng"},"content":"","lastModifiedDate":"2021-10-14"},{"lineNumber":63,"author":{"gitId":"Elxyng"},"content":"    static void checkListEmpty(ArrayList\u003cModule\u003e userList) throws ListEmptyException {","lastModifiedDate":"2021-10-14"},{"lineNumber":64,"author":{"gitId":"Elxyng"},"content":"        if (userList.isEmpty()) {","lastModifiedDate":"2021-10-14"},{"lineNumber":65,"author":{"gitId":"Elxyng"},"content":"            throw new ListEmptyException();","lastModifiedDate":"2021-10-14"},{"lineNumber":66,"author":{"gitId":"Elxyng"},"content":"        }","lastModifiedDate":"2021-10-14"},{"lineNumber":67,"author":{"gitId":"Elxyng"},"content":"    }","lastModifiedDate":"2021-10-14"},{"lineNumber":68,"author":{"gitId":"Elxyng"},"content":"","lastModifiedDate":"2021-10-14"},{"lineNumber":69,"author":{"gitId":"Elxyng"},"content":"    static void checkIndexOutOfRange(int size,  int number) throws IndexOutOfRangeException {","lastModifiedDate":"2021-10-14"},{"lineNumber":70,"author":{"gitId":"Elxyng"},"content":"        if (number \u003e size || number \u003c 0) {","lastModifiedDate":"2021-10-14"},{"lineNumber":71,"author":{"gitId":"Elxyng"},"content":"            throw new IndexOutOfRangeException();","lastModifiedDate":"2021-10-14"},{"lineNumber":72,"author":{"gitId":"Elxyng"},"content":"        }","lastModifiedDate":"2021-10-14"},{"lineNumber":73,"author":{"gitId":"Elxyng"},"content":"    }","lastModifiedDate":"2021-10-14"},{"lineNumber":74,"author":{"gitId":"Elxyng"},"content":"}","lastModifiedDate":"2021-10-14"}],"authorContributionMap":{"Elxyng":74}},{"path":"src/main/java/seedu/duke/command/Command.java","fileType":"functional-code","lines":[{"lineNumber":1,"author":{"gitId":"IcyNoPeople"},"content":"package seedu.duke.command;","lastModifiedDate":"2021-10-08"},{"lineNumber":2,"author":{"gitId":"IcyNoPeople"},"content":"","lastModifiedDate":"2021-10-08"},{"lineNumber":3,"author":{"gitId":"IcyNoPeople"},"content":"public abstract class Command {","lastModifiedDate":"2021-10-08"},{"lineNumber":4,"author":{"gitId":"IcyNoPeople"},"content":"","lastModifiedDate":"2021-10-08"},{"lineNumber":5,"author":{"gitId":"IcyNoPeople"},"content":"    protected String userInstruction;","lastModifiedDate":"2021-10-08"},{"lineNumber":6,"author":{"gitId":"IcyNoPeople"},"content":"","lastModifiedDate":"2021-10-08"},{"lineNumber":7,"author":{"gitId":"IcyNoPeople"},"content":"    public Command() {","lastModifiedDate":"2021-10-08"},{"lineNumber":8,"author":{"gitId":"IcyNoPeople"},"content":"","lastModifiedDate":"2021-10-08"},{"lineNumber":9,"author":{"gitId":"IcyNoPeople"},"content":"    }","lastModifiedDate":"2021-10-08"},{"lineNumber":10,"author":{"gitId":"IcyNoPeople"},"content":"","lastModifiedDate":"2021-10-08"},{"lineNumber":11,"author":{"gitId":"IcyNoPeople"},"content":"    public Command(String userInstruction) {","lastModifiedDate":"2021-10-08"},{"lineNumber":12,"author":{"gitId":"IcyNoPeople"},"content":"        this.userInstruction \u003d userInstruction;","lastModifiedDate":"2021-10-08"},{"lineNumber":13,"author":{"gitId":"IcyNoPeople"},"content":"    }","lastModifiedDate":"2021-10-08"},{"lineNumber":14,"author":{"gitId":"IcyNoPeople"},"content":"","lastModifiedDate":"2021-10-08"},{"lineNumber":15,"author":{"gitId":"IcyNoPeople"},"content":"    public void execute() {","lastModifiedDate":"2021-10-08"},{"lineNumber":16,"author":{"gitId":"IcyNoPeople"},"content":"        throw new UnsupportedOperationException(\"This method is to be implemented by child classes\");","lastModifiedDate":"2021-10-08"},{"lineNumber":17,"author":{"gitId":"IcyNoPeople"},"content":"    }","lastModifiedDate":"2021-10-08"},{"lineNumber":18,"author":{"gitId":"IcyNoPeople"},"content":"","lastModifiedDate":"2021-10-08"},{"lineNumber":19,"author":{"gitId":"IcyNoPeople"},"content":"}","lastModifiedDate":"2021-10-08"}],"authorContributionMap":{"IcyNoPeople":19}},{"path":"src/main/java/seedu/duke/command/ExitCommand.java","fileType":"functional-code","lines":[{"lineNumber":1,"author":{"gitId":"IcyNoPeople"},"content":"package seedu.duke.command;","lastModifiedDate":"2021-10-08"},{"lineNumber":2,"author":{"gitId":"IcyNoPeople"},"content":"","lastModifiedDate":"2021-10-08"},{"lineNumber":3,"author":{"gitId":"IcyNoPeople"},"content":"import seedu.duke.Ui;","lastModifiedDate":"2021-10-08"},{"lineNumber":4,"author":{"gitId":"IcyNoPeople"},"content":"","lastModifiedDate":"2021-10-08"},{"lineNumber":5,"author":{"gitId":"IcyNoPeople"},"content":"public class ExitCommand extends Command {","lastModifiedDate":"2021-10-08"},{"lineNumber":6,"author":{"gitId":"IcyNoPeople"},"content":"","lastModifiedDate":"2021-10-08"},{"lineNumber":7,"author":{"gitId":"IcyNoPeople"},"content":"    @Override","lastModifiedDate":"2021-10-08"},{"lineNumber":8,"author":{"gitId":"IcyNoPeople"},"content":"    public void execute() {","lastModifiedDate":"2021-10-08"},{"lineNumber":9,"author":{"gitId":"IcyNoPeople"},"content":"    }","lastModifiedDate":"2021-10-08"},{"lineNumber":10,"author":{"gitId":"IcyNoPeople"},"content":"","lastModifiedDate":"2021-10-08"},{"lineNumber":11,"author":{"gitId":"IcyNoPeople"},"content":"    public static boolean isExit(Command command) {","lastModifiedDate":"2021-10-08"},{"lineNumber":12,"author":{"gitId":"IcyNoPeople"},"content":"        return command instanceof ExitCommand; // instanceof returns false if it is null","lastModifiedDate":"2021-10-08"},{"lineNumber":13,"author":{"gitId":"IcyNoPeople"},"content":"    }","lastModifiedDate":"2021-10-08"},{"lineNumber":14,"author":{"gitId":"IcyNoPeople"},"content":"","lastModifiedDate":"2021-10-08"},{"lineNumber":15,"author":{"gitId":"IcyNoPeople"},"content":"}","lastModifiedDate":"2021-10-08"}],"authorContributionMap":{"IcyNoPeople":15}},{"path":"src/main/java/seedu/duke/command/ListCommand.java","fileType":"functional-code","lines":[{"lineNumber":1,"author":{"gitId":"Elxyng"},"content":"package seedu.duke.command;","lastModifiedDate":"2021-10-13"},{"lineNumber":2,"author":{"gitId":"Elxyng"},"content":"","lastModifiedDate":"2021-10-13"},{"lineNumber":3,"author":{"gitId":"Mr-YaRou"},"content":"import seedu.duke.NusModList;","lastModifiedDate":"2021-10-14"},{"lineNumber":4,"author":{"gitId":"Mr-YaRou"},"content":"","lastModifiedDate":"2021-10-14"},{"lineNumber":5,"author":{"gitId":"Elxyng"},"content":"public class ListCommand extends Command {","lastModifiedDate":"2021-10-13"},{"lineNumber":6,"author":{"gitId":"Elxyng"},"content":"","lastModifiedDate":"2021-10-13"},{"lineNumber":7,"author":{"gitId":"Elxyng"},"content":"    public ListCommand(String userInstruction) {","lastModifiedDate":"2021-10-13"},{"lineNumber":8,"author":{"gitId":"Elxyng"},"content":"        super(userInstruction);","lastModifiedDate":"2021-10-13"},{"lineNumber":9,"author":{"gitId":"Elxyng"},"content":"    }","lastModifiedDate":"2021-10-13"},{"lineNumber":10,"author":{"gitId":"Elxyng"},"content":"","lastModifiedDate":"2021-10-13"},{"lineNumber":11,"author":{"gitId":"Elxyng"},"content":"    @Override","lastModifiedDate":"2021-10-13"},{"lineNumber":12,"author":{"gitId":"Elxyng"},"content":"    public void execute() {","lastModifiedDate":"2021-10-13"},{"lineNumber":13,"author":{"gitId":"Elxyng"},"content":"        System.out.println(\"Do \" + userInstruction);","lastModifiedDate":"2021-10-13"},{"lineNumber":14,"author":{"gitId":"Mr-YaRou"},"content":"","lastModifiedDate":"2021-10-14"},{"lineNumber":15,"author":{"gitId":"Mr-YaRou"},"content":"        // Refactor into UI Class","lastModifiedDate":"2021-10-14"},{"lineNumber":16,"author":{"gitId":"Mr-YaRou"},"content":"        // Get Data","lastModifiedDate":"2021-10-14"},{"lineNumber":17,"author":{"gitId":"Mr-YaRou"},"content":"        NusModList modData \u003d NusModList.sharedInstance();","lastModifiedDate":"2021-10-14"},{"lineNumber":18,"author":{"gitId":"Mr-YaRou"},"content":"","lastModifiedDate":"2021-10-14"},{"lineNumber":19,"author":{"gitId":"Mr-YaRou"},"content":"        //List and Format Data - List 15 Modules tbc","lastModifiedDate":"2021-10-14"},{"lineNumber":20,"author":{"gitId":"Mr-YaRou"},"content":"        System.out.println(\"Here are the list of available Modules (Limit to 10) : \");","lastModifiedDate":"2021-10-14"},{"lineNumber":21,"author":{"gitId":"Mr-YaRou"},"content":"        for (int i \u003d 0; i \u003c 15; i++) {","lastModifiedDate":"2021-10-14"},{"lineNumber":22,"author":{"gitId":"Mr-YaRou"},"content":"            System.out.println(modData.getMod(i).getModuleCode() + \" | \"","lastModifiedDate":"2021-10-14"},{"lineNumber":23,"author":{"gitId":"Mr-YaRou"},"content":"                                + modData.getMod(i).getModuleTitle());","lastModifiedDate":"2021-10-14"},{"lineNumber":24,"author":{"gitId":"Mr-YaRou"},"content":"        }","lastModifiedDate":"2021-10-14"},{"lineNumber":25,"author":{"gitId":"Mr-YaRou"},"content":"","lastModifiedDate":"2021-10-14"},{"lineNumber":26,"author":{"gitId":"Mr-YaRou"},"content":"        System.out.println(\"Data was retrieved using NUS MODS API.\");","lastModifiedDate":"2021-10-14"},{"lineNumber":27,"author":{"gitId":"Elxyng"},"content":"    }","lastModifiedDate":"2021-10-13"},{"lineNumber":28,"author":{"gitId":"Elxyng"},"content":"}","lastModifiedDate":"2021-10-13"}],"authorContributionMap":{"Elxyng":13,"Mr-YaRou":15}},{"path":"src/main/java/seedu/duke/command/PlaceholderCommand.java","fileType":"functional-code","lines":[{"lineNumber":1,"author":{"gitId":"IcyNoPeople"},"content":"package seedu.duke.command;","lastModifiedDate":"2021-10-08"},{"lineNumber":2,"author":{"gitId":"IcyNoPeople"},"content":"","lastModifiedDate":"2021-10-08"},{"lineNumber":3,"author":{"gitId":"IcyNoPeople"},"content":"/**","lastModifiedDate":"2021-10-08"},{"lineNumber":4,"author":{"gitId":"IcyNoPeople"},"content":" * Place holder for command only. Please implement a real class.","lastModifiedDate":"2021-10-08"},{"lineNumber":5,"author":{"gitId":"IcyNoPeople"},"content":" */","lastModifiedDate":"2021-10-08"},{"lineNumber":6,"author":{"gitId":"IcyNoPeople"},"content":"public class PlaceholderCommand extends Command {","lastModifiedDate":"2021-10-08"},{"lineNumber":7,"author":{"gitId":"IcyNoPeople"},"content":"","lastModifiedDate":"2021-10-08"},{"lineNumber":8,"author":{"gitId":"IcyNoPeople"},"content":"    public PlaceholderCommand(String userInstruction) {","lastModifiedDate":"2021-10-08"},{"lineNumber":9,"author":{"gitId":"IcyNoPeople"},"content":"        super(userInstruction);","lastModifiedDate":"2021-10-08"},{"lineNumber":10,"author":{"gitId":"IcyNoPeople"},"content":"    }","lastModifiedDate":"2021-10-08"},{"lineNumber":11,"author":{"gitId":"IcyNoPeople"},"content":"","lastModifiedDate":"2021-10-08"},{"lineNumber":12,"author":{"gitId":"IcyNoPeople"},"content":"    @Override","lastModifiedDate":"2021-10-08"},{"lineNumber":13,"author":{"gitId":"IcyNoPeople"},"content":"    public void execute() {","lastModifiedDate":"2021-10-08"},{"lineNumber":14,"author":{"gitId":"IcyNoPeople"},"content":"        System.out.println(\"Do \" + userInstruction);","lastModifiedDate":"2021-10-08"},{"lineNumber":15,"author":{"gitId":"IcyNoPeople"},"content":"    }","lastModifiedDate":"2021-10-08"},{"lineNumber":16,"author":{"gitId":"IcyNoPeople"},"content":"}","lastModifiedDate":"2021-10-08"}],"authorContributionMap":{"IcyNoPeople":16}},{"path":"src/main/java/seedu/duke/exceptions/IndexOutOfRangeException.java","fileType":"functional-code","lines":[{"lineNumber":1,"author":{"gitId":"Elxyng"},"content":"package seedu.duke.exceptions;","lastModifiedDate":"2021-10-14"},{"lineNumber":2,"author":{"gitId":"Elxyng"},"content":"","lastModifiedDate":"2021-10-14"},{"lineNumber":3,"author":{"gitId":"Elxyng"},"content":"public class IndexOutOfRangeException extends ModuleException {","lastModifiedDate":"2021-10-14"},{"lineNumber":4,"author":{"gitId":"Elxyng"},"content":"}","lastModifiedDate":"2021-10-14"}],"authorContributionMap":{"Elxyng":4}},{"path":"src/main/java/seedu/duke/exceptions/ListEmptyException.java","fileType":"functional-code","lines":[{"lineNumber":1,"author":{"gitId":"Elxyng"},"content":"package seedu.duke.exceptions;","lastModifiedDate":"2021-10-14"},{"lineNumber":2,"author":{"gitId":"Elxyng"},"content":"","lastModifiedDate":"2021-10-14"},{"lineNumber":3,"author":{"gitId":"Elxyng"},"content":"public class ListEmptyException extends ModuleException {","lastModifiedDate":"2021-10-14"},{"lineNumber":4,"author":{"gitId":"Elxyng"},"content":"}","lastModifiedDate":"2021-10-14"}],"authorContributionMap":{"Elxyng":4}},{"path":"src/main/java/seedu/duke/exceptions/ModuleException.java","fileType":"functional-code","lines":[{"lineNumber":1,"author":{"gitId":"Elxyng"},"content":"package seedu.duke.exceptions;","lastModifiedDate":"2021-10-14"},{"lineNumber":2,"author":{"gitId":"Elxyng"},"content":"","lastModifiedDate":"2021-10-14"},{"lineNumber":3,"author":{"gitId":"Elxyng"},"content":"public class ModuleException extends Exception {","lastModifiedDate":"2021-10-14"},{"lineNumber":4,"author":{"gitId":"Elxyng"},"content":"}","lastModifiedDate":"2021-10-14"}],"authorContributionMap":{"Elxyng":4}},{"path":"src/test/java/seedu/duke/ApiTest.java","fileType":"test-code","lines":[{"lineNumber":1,"author":{"gitId":"sohwkjames"},"content":"package seedu.duke;","lastModifiedDate":"2021-10-14"},{"lineNumber":2,"author":{"gitId":"sohwkjames"},"content":"","lastModifiedDate":"2021-10-14"},{"lineNumber":3,"author":{"gitId":"sohwkjames"},"content":"import org.junit.jupiter.api.Test;","lastModifiedDate":"2021-10-14"},{"lineNumber":4,"author":{"gitId":"sohwkjames"},"content":"","lastModifiedDate":"2021-10-14"},{"lineNumber":5,"author":{"gitId":"sohwkjames"},"content":"import java.util.Date;","lastModifiedDate":"2021-10-14"},{"lineNumber":6,"author":{"gitId":"sohwkjames"},"content":"","lastModifiedDate":"2021-10-14"},{"lineNumber":7,"author":{"gitId":"sohwkjames"},"content":"import static org.junit.jupiter.api.Assertions.assertEquals;","lastModifiedDate":"2021-10-14"},{"lineNumber":8,"author":{"gitId":"sohwkjames"},"content":"","lastModifiedDate":"2021-10-14"},{"lineNumber":9,"author":{"gitId":"sohwkjames"},"content":"class ApiTest {","lastModifiedDate":"2021-10-14"},{"lineNumber":10,"author":{"gitId":"sohwkjames"},"content":"    @Test","lastModifiedDate":"2021-10-14"},{"lineNumber":11,"author":{"gitId":"sohwkjames"},"content":"    public void testModule() {","lastModifiedDate":"2021-10-14"},{"lineNumber":12,"author":{"gitId":"sohwkjames"},"content":"        System.out.println(\"Hardcoded url strings should remain the same\");","lastModifiedDate":"2021-10-14"},{"lineNumber":13,"author":{"gitId":"sohwkjames"},"content":"        String hardcodeUrlString \u003d \"https://api.nusmods.com/v2/2020-2021/moduleList.json\";","lastModifiedDate":"2021-10-14"},{"lineNumber":14,"author":{"gitId":"sohwkjames"},"content":"        String hardcodeUrlStringDetailed \u003d \"https://api.nusmods.com/v2/2020-2021/moduleInfo.json\";","lastModifiedDate":"2021-10-14"},{"lineNumber":15,"author":{"gitId":"sohwkjames"},"content":"        Api api \u003d new Api();","lastModifiedDate":"2021-10-14"},{"lineNumber":16,"author":{"gitId":"sohwkjames"},"content":"        assertEquals(api.urlString, hardcodeUrlString);","lastModifiedDate":"2021-10-14"},{"lineNumber":17,"author":{"gitId":"sohwkjames"},"content":"        assertEquals(api.urlStringDetailed, hardcodeUrlStringDetailed);","lastModifiedDate":"2021-10-14"},{"lineNumber":18,"author":{"gitId":"sohwkjames"},"content":"    }","lastModifiedDate":"2021-10-14"},{"lineNumber":19,"author":{"gitId":"sohwkjames"},"content":"}","lastModifiedDate":"2021-10-14"}],"authorContributionMap":{"sohwkjames":19}},{"path":"src/test/java/seedu/duke/ModuleTest.java","fileType":"test-code","lines":[{"lineNumber":1,"author":{"gitId":"sohwkjames"},"content":"package seedu.duke;","lastModifiedDate":"2021-10-14"},{"lineNumber":2,"author":{"gitId":"sohwkjames"},"content":"","lastModifiedDate":"2021-10-14"},{"lineNumber":3,"author":{"gitId":"sohwkjames"},"content":"import org.junit.jupiter.api.Test;","lastModifiedDate":"2021-10-14"},{"lineNumber":4,"author":{"gitId":"sohwkjames"},"content":"","lastModifiedDate":"2021-10-14"},{"lineNumber":5,"author":{"gitId":"sohwkjames"},"content":"import java.util.Date;","lastModifiedDate":"2021-10-14"},{"lineNumber":6,"author":{"gitId":"sohwkjames"},"content":"","lastModifiedDate":"2021-10-14"},{"lineNumber":7,"author":{"gitId":"sohwkjames"},"content":"import static org.junit.jupiter.api.Assertions.assertEquals;","lastModifiedDate":"2021-10-14"},{"lineNumber":8,"author":{"gitId":"sohwkjames"},"content":"import static org.junit.jupiter.api.Assertions.assertNotNull;","lastModifiedDate":"2021-10-14"},{"lineNumber":9,"author":{"gitId":"sohwkjames"},"content":"","lastModifiedDate":"2021-10-14"},{"lineNumber":10,"author":{"gitId":"sohwkjames"},"content":"class ModuleTest {","lastModifiedDate":"2021-10-14"},{"lineNumber":11,"author":{"gitId":"sohwkjames"},"content":"    @Test","lastModifiedDate":"2021-10-14"},{"lineNumber":12,"author":{"gitId":"sohwkjames"},"content":"    public void testModule() {","lastModifiedDate":"2021-10-14"},{"lineNumber":13,"author":{"gitId":"sohwkjames"},"content":"        System.out.println(\"Module constructor should work with args, and getters return correct data\");","lastModifiedDate":"2021-10-14"},{"lineNumber":14,"author":{"gitId":"sohwkjames"},"content":"        Semesterdata[] semData \u003d new Semesterdata[1];","lastModifiedDate":"2021-10-14"},{"lineNumber":15,"author":{"gitId":"sohwkjames"},"content":"        Integer[] semesters \u003d {1,2};","lastModifiedDate":"2021-10-14"},{"lineNumber":16,"author":{"gitId":"sohwkjames"},"content":"        semData[0] \u003d new Semesterdata(1, new Date(), 100);","lastModifiedDate":"2021-10-14"},{"lineNumber":17,"author":{"gitId":"sohwkjames"},"content":"        Module mod \u003d new Module(\"TIC4001\", \"Software Eng\", semesters, \"A description\",","lastModifiedDate":"2021-10-14"},{"lineNumber":18,"author":{"gitId":"sohwkjames"},"content":"                4.0F, \"Computing\", \"Faculty of Comp\", \"TIC2001\",","lastModifiedDate":"2021-10-14"},{"lineNumber":19,"author":{"gitId":"sohwkjames"},"content":"                \"a\", \"b\", semData);","lastModifiedDate":"2021-10-14"},{"lineNumber":20,"author":{"gitId":"sohwkjames"},"content":"        assertNotNull(mod);","lastModifiedDate":"2021-10-14"},{"lineNumber":21,"author":{"gitId":"sohwkjames"},"content":"        assertEquals(mod.getModuleCode(), \"TIC4001\");","lastModifiedDate":"2021-10-14"},{"lineNumber":22,"author":{"gitId":"sohwkjames"},"content":"    }","lastModifiedDate":"2021-10-14"},{"lineNumber":23,"author":{"gitId":"sohwkjames"},"content":"}","lastModifiedDate":"2021-10-14"}],"authorContributionMap":{"sohwkjames":23}},{"path":"src/test/java/seedu/duke/NusModListTest.java","fileType":"test-code","lines":[{"lineNumber":1,"author":{"gitId":"IcyNoPeople"},"content":"package seedu.duke;","lastModifiedDate":"2021-10-14"},{"lineNumber":2,"author":{"gitId":"IcyNoPeople"},"content":"","lastModifiedDate":"2021-10-14"},{"lineNumber":3,"author":{"gitId":"IcyNoPeople"},"content":"import org.junit.jupiter.api.Test;","lastModifiedDate":"2021-10-14"},{"lineNumber":4,"author":{"gitId":"IcyNoPeople"},"content":"","lastModifiedDate":"2021-10-14"},{"lineNumber":5,"author":{"gitId":"IcyNoPeople"},"content":"import static org.junit.jupiter.api.Assertions.assertEquals;","lastModifiedDate":"2021-10-14"},{"lineNumber":6,"author":{"gitId":"IcyNoPeople"},"content":"","lastModifiedDate":"2021-10-14"},{"lineNumber":7,"author":{"gitId":"IcyNoPeople"},"content":"public class NusModListTest {","lastModifiedDate":"2021-10-14"},{"lineNumber":8,"author":{"gitId":"IcyNoPeople"},"content":"    @Test","lastModifiedDate":"2021-10-14"},{"lineNumber":9,"author":{"gitId":"IcyNoPeople"},"content":"    public void nusModListTest1() {","lastModifiedDate":"2021-10-14"},{"lineNumber":10,"author":{"gitId":"IcyNoPeople"},"content":"","lastModifiedDate":"2021-10-14"},{"lineNumber":11,"author":{"gitId":"IcyNoPeople"},"content":"        Integer[] sem \u003d {1};","lastModifiedDate":"2021-10-14"},{"lineNumber":12,"author":{"gitId":"IcyNoPeople"},"content":"","lastModifiedDate":"2021-10-14"},{"lineNumber":13,"author":{"gitId":"IcyNoPeople"},"content":"        String desTic4001 \u003d \"This module is one of the two modules where students get to practice software \"","lastModifiedDate":"2021-10-14"},{"lineNumber":14,"author":{"gitId":"IcyNoPeople"},"content":"                + \"engineering concepts learnt in a team environment to produce a well-designed, well-tested, \"","lastModifiedDate":"2021-10-14"},{"lineNumber":15,"author":{"gitId":"IcyNoPeople"},"content":"                + \"large-scaled software system. This module focuses on software engineering practice of a \"","lastModifiedDate":"2021-10-14"},{"lineNumber":16,"author":{"gitId":"IcyNoPeople"},"content":"                + \"greenfield project, where students will elicit the requirements, design the software architecture \"","lastModifiedDate":"2021-10-14"},{"lineNumber":17,"author":{"gitId":"IcyNoPeople"},"content":"                + \"and interfaces, and implement the software from scratch.\";","lastModifiedDate":"2021-10-14"},{"lineNumber":18,"author":{"gitId":"IcyNoPeople"},"content":"        String desTic4002 \u003d \"This module provides a broad introduction to software engineering approaches specific \"","lastModifiedDate":"2021-10-14"},{"lineNumber":19,"author":{"gitId":"IcyNoPeople"},"content":"                + \"to building a parallel/distributed software system. Such systems are challenging since they are \"","lastModifiedDate":"2021-10-14"},{"lineNumber":20,"author":{"gitId":"IcyNoPeople"},"content":"                + \"concurrent, prone to components failure, and non-deterministic. This module begins by introducing \"","lastModifiedDate":"2021-10-14"},{"lineNumber":21,"author":{"gitId":"IcyNoPeople"},"content":"                + \"students to the basics of concurrent and parallel programming, as well as common middleware and \"","lastModifiedDate":"2021-10-14"},{"lineNumber":22,"author":{"gitId":"IcyNoPeople"},"content":"                + \"tools for building distributed systems. It then covers how behaviours and challenges specific to \"","lastModifiedDate":"2021-10-14"},{"lineNumber":23,"author":{"gitId":"IcyNoPeople"},"content":"                + \"distributed and parallel software can be considered as part of the software engineering processes \"","lastModifiedDate":"2021-10-14"},{"lineNumber":24,"author":{"gitId":"IcyNoPeople"},"content":"                + \"(including requirements, design, and testing).\";","lastModifiedDate":"2021-10-14"},{"lineNumber":25,"author":{"gitId":"IcyNoPeople"},"content":"","lastModifiedDate":"2021-10-14"},{"lineNumber":26,"author":{"gitId":"IcyNoPeople"},"content":"        Module module1 \u003d new Module(\"TIC4001\", \"Software Engineering Practicum I\", sem, desTic4001);","lastModifiedDate":"2021-10-14"},{"lineNumber":27,"author":{"gitId":"IcyNoPeople"},"content":"        Module module2 \u003d new Module(\"TIC4005\", \"Parallel and Distributed Software Engineering\", sem, desTic4002);","lastModifiedDate":"2021-10-14"},{"lineNumber":28,"author":{"gitId":"IcyNoPeople"},"content":"        Module[] moduleList \u003d {module1, module2};","lastModifiedDate":"2021-10-14"},{"lineNumber":29,"author":{"gitId":"IcyNoPeople"},"content":"","lastModifiedDate":"2021-10-14"},{"lineNumber":30,"author":{"gitId":"IcyNoPeople"},"content":"        NusModList nusModList \u003d NusModList.createInstance(moduleList);","lastModifiedDate":"2021-10-14"},{"lineNumber":31,"author":{"gitId":"IcyNoPeople"},"content":"","lastModifiedDate":"2021-10-14"},{"lineNumber":32,"author":{"gitId":"IcyNoPeople"},"content":"        assertEquals(2, nusModList.getSize());","lastModifiedDate":"2021-10-14"},{"lineNumber":33,"author":{"gitId":"IcyNoPeople"},"content":"        assertEquals(moduleList, nusModList.getAllModule());","lastModifiedDate":"2021-10-14"},{"lineNumber":34,"author":{"gitId":"IcyNoPeople"},"content":"        assertEquals(module2, nusModList.getMod(\"TIC4005\"));","lastModifiedDate":"2021-10-14"},{"lineNumber":35,"author":{"gitId":"IcyNoPeople"},"content":"        assertEquals(false, nusModList.hasMod(\"TIC4002\"));","lastModifiedDate":"2021-10-14"},{"lineNumber":36,"author":{"gitId":"IcyNoPeople"},"content":"        assertEquals(true, nusModList.hasMod(\"TIC4005\"));","lastModifiedDate":"2021-10-14"},{"lineNumber":37,"author":{"gitId":"IcyNoPeople"},"content":"        assertEquals(0, nusModList.moduleIndex(\"TIC4001\"));","lastModifiedDate":"2021-10-14"},{"lineNumber":38,"author":{"gitId":"IcyNoPeople"},"content":"        assertEquals(module1, nusModList.getMod(0));","lastModifiedDate":"2021-10-14"},{"lineNumber":39,"author":{"gitId":"IcyNoPeople"},"content":"","lastModifiedDate":"2021-10-14"},{"lineNumber":40,"author":{"gitId":"IcyNoPeople"},"content":"    }","lastModifiedDate":"2021-10-14"},{"lineNumber":41,"author":{"gitId":"IcyNoPeople"},"content":"}","lastModifiedDate":"2021-10-14"}],"authorContributionMap":{"IcyNoPeople":41}}]
