{"authorDailyContributionsMap":{"Elxyng":[],"sohwkjames":[{"date":"2021-09-17","commitResults":[{"hash":"9345502d8ef8a7157ec77e7748252eb7b4e3f437","messageTitle":"Test pushing to master","messageBody":"","fileTypesAndContributionMap":{"docs":{"insertions":3,"deletions":0}}}]},{"date":"2021-10-06","commitResults":[{"hash":"097a14db24afc1dd7253b87de562e20f4a5e5938","messageTitle":"Added api, module, module planner class and update build.gradle","messageBody":"","fileTypesAndContributionMap":{"functional-code":{"insertions":73,"deletions":21},"other":{"insertions":2,"deletions":1}}}]},{"date":"2021-10-07","commitResults":[{"hash":"80139dfaa41489b08003eaccb111ab8cd5a7aa7d","messageTitle":"Some formatting","messageBody":"","fileTypesAndContributionMap":{"functional-code":{"insertions":2,"deletions":3}}}]},{"date":"2021-10-08","commitResults":[{"hash":"1128304641a71f030f6fb7cc67f2504ae6c7192f","messageTitle":"Revert build.gradle mainClassName","messageBody":"","fileTypesAndContributionMap":{"other":{"insertions":1,"deletions":1}}},{"hash":"e8de2a7dff87c4b94ba52a048eb87ef7bf9329b0","messageTitle":"Revert duke naming","messageBody":"","fileTypesAndContributionMap":{"other":{"insertions":1,"deletions":1}}}]}],"IcyNoPeople":[{"date":"2021-10-07","commitResults":[{"hash":"4d06b2854bc3c4e3cef41f81eca520abf7b0e4a4","messageTitle":"added ui to read user input","messageBody":"","fileTypesAndContributionMap":{"functional-code":{"insertions":23,"deletions":0}}},{"hash":"3390d76450e62a9e9564fe206e500aeba57b7cbe","messageTitle":"Parser class","messageBody":"","fileTypesAndContributionMap":{"functional-code":{"insertions":15,"deletions":0}}}]},{"date":"2021-10-08","commitResults":[{"hash":"e23f0b60ee2c9ea9e5dae1d20274f827e4774784","messageTitle":"gradle fixed","messageBody":"","fileTypesAndContributionMap":{"functional-code":{"insertions":9,"deletions":12}}},{"hash":"1f3a9c365f33d4d1391025ceb726e533b307e695","messageTitle":"formatting","messageBody":"","fileTypesAndContributionMap":{"functional-code":{"insertions":5,"deletions":5}}},{"hash":"9e14c65f80b8ee862ceabd48b58d922b48d6f07f","messageTitle":"added to read user command","messageBody":"","fileTypesAndContributionMap":{"functional-code":{"insertions":32,"deletions":1}}},{"hash":"9c9ac52ca9b671626a44995361857edea42d9ae7","messageTitle":"format","messageBody":"","fileTypesAndContributionMap":{"functional-code":{"insertions":5,"deletions":0}}},{"hash":"f345ed89233b35163204d60c11e3280324334462","messageTitle":"added exception for no input","messageBody":"","fileTypesAndContributionMap":{"functional-code":{"insertions":8,"deletions":2}}},{"hash":"29bd1b0b596ee0191e878ff2fe20a26e281a98ae","messageTitle":"adjustment to fit the gradle test","messageBody":"","fileTypesAndContributionMap":{"functional-code":{"insertions":1,"deletions":2}}},{"hash":"e14c453f344f2d126db835b37c0fbeec5ad5c35d","messageTitle":"added good bye","messageBody":"","fileTypesAndContributionMap":{"functional-code":{"insertions":8,"deletions":8}}},{"hash":"388433a55aa7c13b71023afc6a9f99172e9c8cda","messageTitle":"more oop","messageBody":"","fileTypesAndContributionMap":{"functional-code":{"insertions":109,"deletions":44}}},{"hash":"0a775ef3078570bb189db76805553d27664d2d2a","messageTitle":"small fixed","messageBody":"","fileTypesAndContributionMap":{"functional-code":{"insertions":8,"deletions":9}}},{"hash":"ccf5e1a99312678f908df10d1a15af77d745afd4","messageTitle":"test fixed","messageBody":"","fileTypesAndContributionMap":{"functional-code":{"insertions":9,"deletions":3}}}]}],"Mr-YaRou":[]},"authorFileTypeContributionMap":{"Elxyng":{"docs":0,"functional-code":0,"test-code":0},"sohwkjames":{"docs":3,"functional-code":65,"test-code":0,"other":1},"IcyNoPeople":{"docs":0,"functional-code":148,"test-code":0},"Mr-YaRou":{"docs":0,"functional-code":0,"test-code":0}},"authorContributionVariance":{"Elxyng":0.0,"sohwkjames":405.40704,"IcyNoPeople":3420.3384,"Mr-YaRou":0.0},"authorDisplayNameMap":{"Elxyng":"TIC4001-F18-1 NG X..N YI","sohwkjames":"TIC4001-F18-1 SOH ..AMES","IcyNoPeople":"TIC4001-F18-1 LEOW.. HUI","Mr-YaRou":"TIC4001-F18-1 GIMP..ADAY"}}
