{"authorDailyContributionsMap":{"Elxyng":[{"date":"2021-10-13","commitResults":[{"hash":"6f20e230b733b4b68c4547b33108b0835aff47ee","messageTitle":"Add ListCommand.java","messageBody":"","fileTypesAndContributionMap":{"functional-code":{"insertions":13,"deletions":0}}},{"hash":"07909e2690f6effffbd80e80fbd623e1dfed671f","messageTitle":"Update Parser.java","messageBody":"","fileTypesAndContributionMap":{"functional-code":{"insertions":2,"deletions":1}}}]},{"date":"2021-10-14","commitResults":[{"hash":"e666f52318bc4f39c76b3b07f5a725fbbeed8fd3","messageTitle":"Create userlist and exceptions.","messageBody":"","fileTypesAndContributionMap":{"functional-code":{"insertions":108,"deletions":0}}},{"hash":"b9127a5158e2556739899c5cd3316145764de1b4","messageTitle":"styling","messageBody":"","fileTypesAndContributionMap":{"functional-code":{"insertions":2,"deletions":2}}},{"hash":"3f666f1d14f858738a158e6d99e96bbd82f9b588","messageTitle":"styling","messageBody":"","fileTypesAndContributionMap":{"functional-code":{"insertions":2,"deletions":4}}},{"hash":"b246449d3db4c0df900bce883ed186bc22dbb8a8","messageTitle":"styling","messageBody":"","fileTypesAndContributionMap":{"functional-code":{"insertions":0,"deletions":1}}},{"hash":"9989b6c38193b82531bce2bfcdb0b1d361abf117","messageTitle":"styling","messageBody":"","fileTypesAndContributionMap":{"functional-code":{"insertions":0,"deletions":2}}},{"hash":"0f1b35d90c342e7b840b268dc4c89eef1c516f1d","messageTitle":"styling","messageBody":"","fileTypesAndContributionMap":{"functional-code":{"insertions":5,"deletions":2}}},{"hash":"3de85f7e8250fa97678099b5df4ea3c5c1ed542b","messageTitle":"styling","messageBody":"","fileTypesAndContributionMap":{"functional-code":{"insertions":4,"deletions":4}}},{"hash":"9596ef2208245c3864055b5277a70c67fb45c66e","messageTitle":"styling","messageBody":"","fileTypesAndContributionMap":{"functional-code":{"insertions":4,"deletions":3}}},{"hash":"a6b5e47d366e367201d9c6de83ed5e342cd0f264","messageTitle":"styling","messageBody":"","fileTypesAndContributionMap":{"functional-code":{"insertions":1,"deletions":1}}}]},{"date":"2021-10-15","commitResults":[{"hash":"fd8140fdf2c0d31f6291231a9a922920b27e1752","messageTitle":"AddCommand, DeleteCommand, MyListCommand.","messageBody":"","fileTypesAndContributionMap":{"functional-code":{"insertions":100,"deletions":16}}},{"hash":"c1176216caf47142351715d9fb535dadf915a47a","messageTitle":"AddCommand, DeleteCommand, MyListCommand.","messageBody":"","fileTypesAndContributionMap":{"functional-code":{"insertions":3,"deletions":2}}}]},{"date":"2021-10-27","commitResults":[{"hash":"032178d85d0f5c4942c5fcd20528961afed0ba9b","messageTitle":"Add filter search api modules by semester.","messageBody":"","fileTypesAndContributionMap":{"functional-code":{"insertions":36,"deletions":15}}},{"hash":"492dc617eefb7c8f2e3a49b847bc162ca89feb3f","messageTitle":"styling","messageBody":"","fileTypesAndContributionMap":{"functional-code":{"insertions":5,"deletions":6}}},{"hash":"4186e65443de99c7a25b9881b5007c03a6b8135f","messageTitle":"styling","messageBody":"","fileTypesAndContributionMap":{"functional-code":{"insertions":5,"deletions":5}}},{"hash":"4fac81ec5fa6b420ab3ca6c261da671462020c6b","messageTitle":"styling","messageBody":"","fileTypesAndContributionMap":{"test-code":{"insertions":1,"deletions":1}}},{"hash":"254629c103b1cb378c23364d590112bcd2bef1b9","messageTitle":"Updated code based on peer review.","messageBody":"","fileTypesAndContributionMap":{"functional-code":{"insertions":9,"deletions":10}}}]}],"sohwkjames":[{"date":"2021-09-17","commitResults":[{"hash":"9345502d8ef8a7157ec77e7748252eb7b4e3f437","messageTitle":"Test pushing to master","messageBody":"","fileTypesAndContributionMap":{"docs":{"insertions":3,"deletions":0}}}]},{"date":"2021-10-06","commitResults":[{"hash":"097a14db24afc1dd7253b87de562e20f4a5e5938","messageTitle":"Added api, module, module planner class and update build.gradle","messageBody":"","fileTypesAndContributionMap":{"functional-code":{"insertions":73,"deletions":21},"other":{"insertions":2,"deletions":1}}}]},{"date":"2021-10-07","commitResults":[{"hash":"80139dfaa41489b08003eaccb111ab8cd5a7aa7d","messageTitle":"Some formatting","messageBody":"","fileTypesAndContributionMap":{"functional-code":{"insertions":2,"deletions":3}}}]},{"date":"2021-10-08","commitResults":[{"hash":"1128304641a71f030f6fb7cc67f2504ae6c7192f","messageTitle":"Revert build.gradle mainClassName","messageBody":"","fileTypesAndContributionMap":{"other":{"insertions":1,"deletions":1}}},{"hash":"e8de2a7dff87c4b94ba52a048eb87ef7bf9329b0","messageTitle":"Revert duke naming","messageBody":"","fileTypesAndContributionMap":{"other":{"insertions":1,"deletions":1}}}]},{"date":"2021-10-13","commitResults":[{"hash":"a108b537d39fc0a23bd91a4cb52264364c436cca","messageTitle":"Api can now return detailed module info, Module class updated","messageBody":"","fileTypesAndContributionMap":{"functional-code":{"insertions":95,"deletions":12}}},{"hash":"cda753a6138623eda41ba57536da9e7483f72339","messageTitle":"styling","messageBody":"","fileTypesAndContributionMap":{"functional-code":{"insertions":17,"deletions":14},"other":{"insertions":2,"deletions":2}}},{"hash":"1e52445c8744a56fb16a7898a942676a76987333","messageTitle":"styling","messageBody":"","fileTypesAndContributionMap":{"functional-code":{"insertions":8,"deletions":8}}},{"hash":"bea6e3027d64d0aab8c0b03e1d2f5e79616206e3","messageTitle":"stlying","messageBody":"","fileTypesAndContributionMap":{"functional-code":{"insertions":1,"deletions":1}}},{"hash":"51494704b64a51e006bcf851d69e2d67463bfffe","messageTitle":"styling","messageBody":"","fileTypesAndContributionMap":{"functional-code":{"insertions":3,"deletions":1}}}]},{"date":"2021-10-14","commitResults":[{"hash":"5365d03aa6275025d82a9291c7206477c16ffcc2","messageTitle":"Add junit test","messageBody":"","fileTypesAndContributionMap":{"test-code":{"insertions":42,"deletions":0}}},{"hash":"333b2237392039d2f8ed8b89861c7caca6ec171e","messageTitle":"style","messageBody":"","fileTypesAndContributionMap":{"test-code":{"insertions":4,"deletions":4}}}]},{"date":"2021-10-15","commitResults":[{"hash":"e2b038562047469dae971719a0bbc02f721adf17","messageTitle":"tmp","messageBody":"","fileTypesAndContributionMap":{"functional-code":{"insertions":38,"deletions":0}}},{"hash":"0a9a3b0bc9342bc419a25799a2f39cfa62970d75","messageTitle":"Styling","messageBody":"","fileTypesAndContributionMap":{"functional-code":{"insertions":3,"deletions":3}}},{"hash":"f63f0038a4d3699ccce9eefa0745b11a7d43934b","messageTitle":"add test","messageBody":"","fileTypesAndContributionMap":{"test-code":{"insertions":15,"deletions":0}}},{"hash":"20519673219f44fd92c4d2f1dd7d557c13fd35bb","messageTitle":"Styling","messageBody":"","fileTypesAndContributionMap":{"test-code":{"insertions":1,"deletions":1}}},{"hash":"a401dd600bd12af7e6a545de16149bf9e5a458ac","messageTitle":"fix failing unit test","messageBody":"","fileTypesAndContributionMap":{"test-code":{"insertions":1,"deletions":1}}}]},{"date":"2021-10-27","commitResults":[{"hash":"f17b9679cb798bd4ba09f8a5b849f9191c215e43","messageTitle":"Implemented storage class","messageBody":"","fileTypesAndContributionMap":{"functional-code":{"insertions":116,"deletions":15},"test-code":{"insertions":61,"deletions":0}}},{"hash":"8e0465dd0d556f0905968beb83fbea489331df22","messageTitle":"Styling","messageBody":"","fileTypesAndContributionMap":{"functional-code":{"insertions":4,"deletions":4}}},{"hash":"46062ee38b9db01dc9bb64b8f22c58e70b84f3b4","messageTitle":"Styling","messageBody":"","fileTypesAndContributionMap":{"functional-code":{"insertions":15,"deletions":3}}},{"hash":"62e36ce85f7925b99c6e01a3f6f497088e145d6b","messageTitle":"styling","messageBody":"","fileTypesAndContributionMap":{"test-code":{"insertions":10,"deletions":10}}}]},{"date":"2021-11-10","commitResults":[{"hash":"c43185f6bab38b29365c9dd998a91b9a10a5f6c6","messageTitle":"add user guide","messageBody":"","fileTypesAndContributionMap":{"docs":{"insertions":30,"deletions":0}}}]}],"IcyNoPeople":[{"date":"2021-10-07","commitResults":[{"hash":"4d06b2854bc3c4e3cef41f81eca520abf7b0e4a4","messageTitle":"added ui to read user input","messageBody":"","fileTypesAndContributionMap":{"functional-code":{"insertions":23,"deletions":0}}},{"hash":"3390d76450e62a9e9564fe206e500aeba57b7cbe","messageTitle":"Parser class","messageBody":"","fileTypesAndContributionMap":{"functional-code":{"insertions":15,"deletions":0}}}]},{"date":"2021-10-08","commitResults":[{"hash":"e23f0b60ee2c9ea9e5dae1d20274f827e4774784","messageTitle":"gradle fixed","messageBody":"","fileTypesAndContributionMap":{"functional-code":{"insertions":9,"deletions":12}}},{"hash":"1f3a9c365f33d4d1391025ceb726e533b307e695","messageTitle":"formatting","messageBody":"","fileTypesAndContributionMap":{"functional-code":{"insertions":5,"deletions":5}}},{"hash":"9e14c65f80b8ee862ceabd48b58d922b48d6f07f","messageTitle":"added to read user command","messageBody":"","fileTypesAndContributionMap":{"functional-code":{"insertions":32,"deletions":1}}},{"hash":"9c9ac52ca9b671626a44995361857edea42d9ae7","messageTitle":"format","messageBody":"","fileTypesAndContributionMap":{"functional-code":{"insertions":5,"deletions":0}}},{"hash":"f345ed89233b35163204d60c11e3280324334462","messageTitle":"added exception for no input","messageBody":"","fileTypesAndContributionMap":{"functional-code":{"insertions":8,"deletions":2}}},{"hash":"29bd1b0b596ee0191e878ff2fe20a26e281a98ae","messageTitle":"adjustment to fit the gradle test","messageBody":"","fileTypesAndContributionMap":{"functional-code":{"insertions":1,"deletions":2}}},{"hash":"e14c453f344f2d126db835b37c0fbeec5ad5c35d","messageTitle":"added good bye","messageBody":"","fileTypesAndContributionMap":{"functional-code":{"insertions":8,"deletions":8}}},{"hash":"388433a55aa7c13b71023afc6a9f99172e9c8cda","messageTitle":"more oop","messageBody":"","fileTypesAndContributionMap":{"functional-code":{"insertions":109,"deletions":44}}},{"hash":"0a775ef3078570bb189db76805553d27664d2d2a","messageTitle":"small fixed","messageBody":"","fileTypesAndContributionMap":{"functional-code":{"insertions":8,"deletions":9}}},{"hash":"ccf5e1a99312678f908df10d1a15af77d745afd4","messageTitle":"test fixed","messageBody":"","fileTypesAndContributionMap":{"functional-code":{"insertions":9,"deletions":3}}}]},{"date":"2021-10-14","commitResults":[{"hash":"deec95e6305c94e7e15a0bb80021bf0835400561","messageTitle":"nus mod list","messageBody":"","fileTypesAndContributionMap":{"functional-code":{"insertions":62,"deletions":5}}},{"hash":"6967352c3110204b2cc5dcc5fa1b45cbeaa34a01","messageTitle":"formatting","messageBody":"","fileTypesAndContributionMap":{"functional-code":{"insertions":7,"deletions":7}}},{"hash":"578af3d565aadf38b593861be8a8b15d4d656967","messageTitle":"format","messageBody":"","fileTypesAndContributionMap":{"functional-code":{"insertions":10,"deletions":11}}},{"hash":"c9c296ff2660012aaf824e9dc0f01beee7f5b320","messageTitle":"format","messageBody":"","fileTypesAndContributionMap":{"functional-code":{"insertions":3,"deletions":2}}},{"hash":"ed01460680f9a8e059aeb029f26d23c4a3e00763","messageTitle":"j-unit","messageBody":"","fileTypesAndContributionMap":{"functional-code":{"insertions":0,"deletions":1},"test-code":{"insertions":33,"deletions":0}}},{"hash":"442c722892080998720bf17d274fd59f240e48c7","messageTitle":"reformat","messageBody":"","fileTypesAndContributionMap":{"test-code":{"insertions":19,"deletions":6}}},{"hash":"939ab3bb1640602c1b25851d8287138b2615f164","messageTitle":"added getting module list","messageBody":"","fileTypesAndContributionMap":{"functional-code":{"insertions":4,"deletions":0},"other":{"insertions":2,"deletions":7}}},{"hash":"de07b4e4b60d5e56c8144e83332d9da4326ac8d8","messageTitle":"minor fixed","messageBody":"","fileTypesAndContributionMap":{"test-code":{"insertions":1,"deletions":1}}},{"hash":"14b5f0a1beed534c1be501539326e0023e62f69c","messageTitle":"singleton adjustment to nus mod list","messageBody":"","fileTypesAndContributionMap":{"functional-code":{"insertions":16,"deletions":3},"test-code":{"insertions":2,"deletions":2}}}]},{"date":"2021-10-28","commitResults":[{"hash":"f4dc1c185859faa16bc11f0d5c272889dd4580ed","messageTitle":"Pull individual module as json","messageBody":"","fileTypesAndContributionMap":{"functional-code":{"insertions":20,"deletions":0},"test-code":{"insertions":4,"deletions":0}}}]},{"date":"2021-10-29","commitResults":[{"hash":"04cb4b79c0ab2ca12b1df54c2096e3be3819ab85","messageTitle":"added view","messageBody":"","fileTypesAndContributionMap":{"functional-code":{"insertions":55,"deletions":12},"test-code":{"insertions":1,"deletions":1}}},{"hash":"d7c714ecd1801c244b879bf3d6ea795c44d795c8","messageTitle":"format","messageBody":"","fileTypesAndContributionMap":{"functional-code":{"insertions":12,"deletions":2}}}]}],"Mr-YaRou":[{"date":"2021-10-13","commitResults":[{"hash":"b485fa6d975611e95cb810fc8ffbc917b0999e05","messageTitle":"Test Commit","messageBody":"","fileTypesAndContributionMap":{"functional-code":{"insertions":10,"deletions":11}}}]},{"date":"2021-10-14","commitResults":[{"hash":"4da390361d0208df272d882d609e489268be7942","messageTitle":"fix search bugs in NusModList Class","messageBody":"","fileTypesAndContributionMap":{"functional-code":{"insertions":6,"deletions":7}}},{"hash":"0d8e10e7ab8a10424792e61b32e86b72c223d650","messageTitle":"fix checkstyle","messageBody":"","fileTypesAndContributionMap":{"functional-code":{"insertions":6,"deletions":3}}},{"hash":"c5bf7265107a42e5e27653d216a6cc2996f3d358","messageTitle":"add list feature","messageBody":"","fileTypesAndContributionMap":{"functional-code":{"insertions":35,"deletions":5}}},{"hash":"a831295373b271486fd60b700346ac413d58d884","messageTitle":"Checkstyle fixes....","messageBody":"","fileTypesAndContributionMap":{"functional-code":{"insertions":1,"deletions":1}}},{"hash":"fa86566c6e3e7ae3d0b959fd894d29a797eeba61","messageTitle":"Fix Checkstyle errors again","messageBody":"","fileTypesAndContributionMap":{"functional-code":{"insertions":9,"deletions":7}}},{"hash":"22fb9e65c03abaec1c518036d512117bfc01a760","messageTitle":"Parser Update - allow subcommands","messageBody":"","fileTypesAndContributionMap":{"functional-code":{"insertions":9,"deletions":1}}},{"hash":"acdd75e796d6c0ef5ead8154d5bac4b3d297dce1","messageTitle":"Implement list search","messageBody":"","fileTypesAndContributionMap":{"functional-code":{"insertions":24,"deletions":11}}},{"hash":"72f65379cb3c176cdf5c10354d3235b783f423d0","messageTitle":"fix checkstyle AGAINgit add *.java","messageBody":"","fileTypesAndContributionMap":{"functional-code":{"insertions":3,"deletions":2}}}]}]},"authorFileTypeContributionMap":{"Elxyng":{"docs":0,"functional-code":231,"test-code":0},"sohwkjames":{"docs":33,"functional-code":298,"test-code":118,"other":1},"IcyNoPeople":{"docs":0,"functional-code":278,"test-code":45},"Mr-YaRou":{"docs":0,"functional-code":57,"test-code":0}},"authorContributionVariance":{"Elxyng":763.89453,"sohwkjames":1683.4784,"IcyNoPeople":2213.2996,"Mr-YaRou":307.7532},"authorDisplayNameMap":{"Elxyng":"TIC4001-F18-1 NG X..N YI","sohwkjames":"TIC4001-F18-1 SOH ..AMES","IcyNoPeople":"TIC4001-F18-1 LEOW.. HUI","Mr-YaRou":"TIC4001-F18-1 GIMP..ADAY"}}
