[{"path":"README.md","fileType":"docs","lines":[{"lineNumber":1,"author":{"gitId":"-"},"content":"# Duke project template","lastModifiedDate":"2020-05-25"},{"lineNumber":2,"author":{"gitId":"-"},"content":"","lastModifiedDate":"2020-05-25"},{"lineNumber":3,"author":{"gitId":"ivanhlb"},"content":"This is a project template for a greenfield Java project. It\u0027s named after the Java mascot _Duke_. Given below are","lastModifiedDate":"2021-10-09"},{"lineNumber":4,"author":{"gitId":"ivanhlb"},"content":"instructions on how to use it.","lastModifiedDate":"2021-10-09"},{"lineNumber":5,"author":{"gitId":"-"},"content":"","lastModifiedDate":"2020-05-25"},{"lineNumber":6,"author":{"gitId":"ivanhlb"},"content":"## General Skeleton for how the Project is structured.","lastModifiedDate":"2021-10-09"},{"lineNumber":7,"author":{"gitId":"-"},"content":"","lastModifiedDate":"2020-05-25"},{"lineNumber":8,"author":{"gitId":"ivanhlb"},"content":"There are 2 main concepts for the project.","lastModifiedDate":"2021-10-09"},{"lineNumber":9,"author":{"gitId":"ivanhlb"},"content":"1) We will have **_commands_** as per the following.","lastModifiedDate":"2021-10-09"},{"lineNumber":10,"author":{"gitId":"-"},"content":"","lastModifiedDate":"2020-05-24"},{"lineNumber":11,"author":{"gitId":"ivanhlb"},"content":"| CRUD          | Command                                                             |","lastModifiedDate":"2021-10-09"},{"lineNumber":12,"author":{"gitId":"ivanhlb"},"content":"|---------------|---------------------------------------------------------------------|","lastModifiedDate":"2021-10-09"},{"lineNumber":13,"author":{"gitId":"ivanhlb"},"content":"| CREATE        | add TASK_NAME                                                       |","lastModifiedDate":"2021-10-09"},{"lineNumber":14,"author":{"gitId":"ivanhlb"},"content":"| READ          | list inbox\u003cbr\u003elist next  \u003cbr\u003elist wait\u003cbr\u003elist proj\u003cbr\u003elist someday |","lastModifiedDate":"2021-10-09"},{"lineNumber":15,"author":{"gitId":"ivanhlb"},"content":"| UPDATE (Move) | move INDEX... -f\u003dFOLDER                                             |","lastModifiedDate":"2021-10-09"},{"lineNumber":16,"author":{"gitId":"ivanhlb"},"content":"| UPDATE (Done) | done INDEX...                                                       |","lastModifiedDate":"2021-10-09"},{"lineNumber":17,"author":{"gitId":"ivanhlb"},"content":"| DELETE        | delete INDEX...                                                     |","lastModifiedDate":"2021-10-09"},{"lineNumber":18,"author":{"gitId":"-"},"content":"","lastModifiedDate":"2020-05-24"},{"lineNumber":19,"author":{"gitId":"ivanhlb"},"content":"2) we will also track the current project context of the user.  ","lastModifiedDate":"2021-10-09"},{"lineNumber":20,"author":{"gitId":"ivanhlb"},"content":"So that the commands run will update their workspace accordingly.","lastModifiedDate":"2021-10-09"},{"lineNumber":21,"author":{"gitId":"-"},"content":"","lastModifiedDate":"2020-05-24"},{"lineNumber":22,"author":{"gitId":"ivanhlb"},"content":"","lastModifiedDate":"2021-10-09"},{"lineNumber":23,"author":{"gitId":"ivanhlb"},"content":"## How to use ","lastModifiedDate":"2021-10-09"},{"lineNumber":24,"author":{"gitId":"-"},"content":"","lastModifiedDate":"2020-05-24"},{"lineNumber":25,"author":{"gitId":"-"},"content":"## Build automation using Gradle","lastModifiedDate":"2020-05-24"},{"lineNumber":26,"author":{"gitId":"-"},"content":"","lastModifiedDate":"2020-05-24"},{"lineNumber":27,"author":{"gitId":"ivanhlb"},"content":"* This project uses Gradle for build automation and dependency management. It includes a basic build script as well (","lastModifiedDate":"2021-10-09"},{"lineNumber":28,"author":{"gitId":"ivanhlb"},"content":"  i.e. the `build.gradle` file).","lastModifiedDate":"2021-10-09"},{"lineNumber":29,"author":{"gitId":"ivanhlb"},"content":"* If you are new to Gradle, refer to","lastModifiedDate":"2021-10-09"},{"lineNumber":30,"author":{"gitId":"ivanhlb"},"content":"  the [Gradle Tutorial at se-education.org/guides](https://se-education.org/guides/tutorials/gradle.html).","lastModifiedDate":"2021-10-09"},{"lineNumber":31,"author":{"gitId":"-"},"content":"","lastModifiedDate":"2020-05-24"},{"lineNumber":32,"author":{"gitId":"-"},"content":"## Testing","lastModifiedDate":"2020-05-24"},{"lineNumber":33,"author":{"gitId":"-"},"content":"","lastModifiedDate":"2020-05-24"},{"lineNumber":34,"author":{"gitId":"-"},"content":"### I/O redirection tests","lastModifiedDate":"2020-05-24"},{"lineNumber":35,"author":{"gitId":"-"},"content":"","lastModifiedDate":"2020-05-24"},{"lineNumber":36,"author":{"gitId":"ivanhlb"},"content":"* To run _I/O redirection_ tests (aka _Text UI tests_), navigate to the `text-ui-test` and run the `runtest(.bat/.sh)`","lastModifiedDate":"2021-10-09"},{"lineNumber":37,"author":{"gitId":"ivanhlb"},"content":"  script.","lastModifiedDate":"2021-10-09"},{"lineNumber":38,"author":{"gitId":"-"},"content":"","lastModifiedDate":"2020-05-24"},{"lineNumber":39,"author":{"gitId":"-"},"content":"### JUnit tests","lastModifiedDate":"2020-05-24"},{"lineNumber":40,"author":{"gitId":"-"},"content":"","lastModifiedDate":"2020-05-24"},{"lineNumber":41,"author":{"gitId":"-"},"content":"* A skeleton JUnit test (`src/test/java/seedu/duke/DukeTest.java`) is provided with this project template.","lastModifiedDate":"2020-05-24"},{"lineNumber":42,"author":{"gitId":"ivanhlb"},"content":"* If you are new to JUnit, refer to","lastModifiedDate":"2021-10-09"},{"lineNumber":43,"author":{"gitId":"ivanhlb"},"content":"  the [JUnit Tutorial at se-education.org/guides](https://se-education.org/guides/tutorials/junit.html).","lastModifiedDate":"2021-10-09"},{"lineNumber":44,"author":{"gitId":"-"},"content":"","lastModifiedDate":"2020-05-24"},{"lineNumber":45,"author":{"gitId":"-"},"content":"## Checkstyle","lastModifiedDate":"2020-05-24"},{"lineNumber":46,"author":{"gitId":"-"},"content":"","lastModifiedDate":"2020-05-24"},{"lineNumber":47,"author":{"gitId":"-"},"content":"* A sample CheckStyle rule configuration is provided in this project.","lastModifiedDate":"2020-05-24"},{"lineNumber":48,"author":{"gitId":"ivanhlb"},"content":"* If you are new to Checkstyle, refer to","lastModifiedDate":"2021-10-09"},{"lineNumber":49,"author":{"gitId":"ivanhlb"},"content":"  the [Checkstyle Tutorial at se-education.org/guides](https://se-education.org/guides/tutorials/checkstyle.html).","lastModifiedDate":"2021-10-09"},{"lineNumber":50,"author":{"gitId":"-"},"content":"","lastModifiedDate":"2020-05-24"},{"lineNumber":51,"author":{"gitId":"-"},"content":"## CI using GitHub Actions","lastModifiedDate":"2020-05-24"},{"lineNumber":52,"author":{"gitId":"-"},"content":"","lastModifiedDate":"2020-05-24"},{"lineNumber":53,"author":{"gitId":"ivanhlb"},"content":"The project uses [GitHub actions](https://github.com/features/actions) for CI. When you push a commit to this repo or PR","lastModifiedDate":"2021-10-09"},{"lineNumber":54,"author":{"gitId":"ivanhlb"},"content":"against it, GitHub actions will run automatically to build and verify the code as updated by the commit/PR.","lastModifiedDate":"2021-10-09"},{"lineNumber":55,"author":{"gitId":"-"},"content":"","lastModifiedDate":"2020-05-24"},{"lineNumber":56,"author":{"gitId":"-"},"content":"## Documentation","lastModifiedDate":"2020-05-24"},{"lineNumber":57,"author":{"gitId":"-"},"content":"","lastModifiedDate":"2020-05-24"},{"lineNumber":58,"author":{"gitId":"-"},"content":"`/docs` folder contains a skeleton version of the project documentation.","lastModifiedDate":"2020-05-24"},{"lineNumber":59,"author":{"gitId":"-"},"content":"","lastModifiedDate":"2020-05-24"},{"lineNumber":60,"author":{"gitId":"-"},"content":"Steps for publishing documentation to the public:","lastModifiedDate":"2020-05-24"},{"lineNumber":61,"author":{"gitId":"ivanhlb"},"content":"","lastModifiedDate":"2021-10-09"},{"lineNumber":62,"author":{"gitId":"-"},"content":"1. If you are using this project template for an individual project, go your fork on GitHub.\u003cbr\u003e","lastModifiedDate":"2020-05-24"},{"lineNumber":63,"author":{"gitId":"-"},"content":"   If you are using this project template for a team project, go to the team fork on GitHub.","lastModifiedDate":"2020-05-24"},{"lineNumber":64,"author":{"gitId":"-"},"content":"1. Click on the `settings` tab.","lastModifiedDate":"2020-05-24"},{"lineNumber":65,"author":{"gitId":"-"},"content":"1. Scroll down to the `GitHub Pages` section.","lastModifiedDate":"2020-05-24"},{"lineNumber":66,"author":{"gitId":"-"},"content":"1. Set the `source` as `master branch /docs folder`.","lastModifiedDate":"2020-05-24"},{"lineNumber":67,"author":{"gitId":"-"},"content":"1. Optionally, use the `choose a theme` button to choose a theme for your documentation.","lastModifiedDate":"2020-05-24"}],"authorContributionMap":{"ivanhlb":29,"-":38}},{"path":"src/main/java/seedu/duke/Next.java","fileType":"functional-code","lines":[{"lineNumber":1,"author":{"gitId":"l-shihao"},"content":"package seedu.duke;","lastModifiedDate":"2021-10-09"},{"lineNumber":2,"author":{"gitId":"l-shihao"},"content":"","lastModifiedDate":"2021-10-09"},{"lineNumber":3,"author":{"gitId":"l-shihao"},"content":"import seedu.duke.project.Project;","lastModifiedDate":"2021-10-09"},{"lineNumber":4,"author":{"gitId":"l-shihao"},"content":"import seedu.duke.project.Stat;","lastModifiedDate":"2021-10-09"},{"lineNumber":5,"author":{"gitId":"l-shihao"},"content":"","lastModifiedDate":"2021-10-09"},{"lineNumber":6,"author":{"gitId":"l-shihao"},"content":"import java.util.Scanner;","lastModifiedDate":"2021-10-09"},{"lineNumber":7,"author":{"gitId":"l-shihao"},"content":"","lastModifiedDate":"2021-10-09"},{"lineNumber":8,"author":{"gitId":"l-shihao"},"content":"public class Next {","lastModifiedDate":"2021-10-09"},{"lineNumber":9,"author":{"gitId":"l-shihao"},"content":"    /**","lastModifiedDate":"2021-10-09"},{"lineNumber":10,"author":{"gitId":"l-shihao"},"content":"     * Main entry-point for the java.duke.Duke application.","lastModifiedDate":"2021-10-09"},{"lineNumber":11,"author":{"gitId":"l-shihao"},"content":"     */","lastModifiedDate":"2021-10-09"},{"lineNumber":12,"author":{"gitId":"l-shihao"},"content":"    public static void main(String[] args) {","lastModifiedDate":"2021-10-09"},{"lineNumber":13,"author":{"gitId":"l-shihao"},"content":"        String logo \u003d","lastModifiedDate":"2021-10-09"},{"lineNumber":14,"author":{"gitId":"l-shihao"},"content":"                          \" _   _           _   \\n\"","lastModifiedDate":"2021-10-09"},{"lineNumber":15,"author":{"gitId":"l-shihao"},"content":"                        + \"| \\\\ | | _____  _| |_ \\n\"","lastModifiedDate":"2021-10-09"},{"lineNumber":16,"author":{"gitId":"l-shihao"},"content":"                        + \"|  \\\\| |/ _ \\\\ \\\\/ / __|\\n\"","lastModifiedDate":"2021-10-09"},{"lineNumber":17,"author":{"gitId":"l-shihao"},"content":"                        + \"| |\\\\  |  __/\u003e  \u003c| |_ \\n\"","lastModifiedDate":"2021-10-09"},{"lineNumber":18,"author":{"gitId":"l-shihao"},"content":"                        + \"|_| \\\\_|\\\\___/_/\\\\_\\\\\\\\__|\\n\";","lastModifiedDate":"2021-10-09"},{"lineNumber":19,"author":{"gitId":"l-shihao"},"content":"","lastModifiedDate":"2021-10-09"},{"lineNumber":20,"author":{"gitId":"l-shihao"},"content":"        System.out.println(\"PROJECT\\n\" + logo);","lastModifiedDate":"2021-10-09"},{"lineNumber":21,"author":{"gitId":"l-shihao"},"content":"","lastModifiedDate":"2021-10-09"},{"lineNumber":22,"author":{"gitId":"l-shihao"},"content":"","lastModifiedDate":"2021-10-09"},{"lineNumber":23,"author":{"gitId":"l-shihao"},"content":"","lastModifiedDate":"2021-10-09"},{"lineNumber":24,"author":{"gitId":"l-shihao"},"content":"","lastModifiedDate":"2021-10-09"},{"lineNumber":25,"author":{"gitId":"l-shihao"},"content":"","lastModifiedDate":"2021-10-09"},{"lineNumber":26,"author":{"gitId":"l-shihao"},"content":"","lastModifiedDate":"2021-10-09"},{"lineNumber":27,"author":{"gitId":"l-shihao"},"content":"","lastModifiedDate":"2021-10-09"},{"lineNumber":28,"author":{"gitId":"l-shihao"},"content":"","lastModifiedDate":"2021-10-09"},{"lineNumber":29,"author":{"gitId":"l-shihao"},"content":"","lastModifiedDate":"2021-10-09"},{"lineNumber":30,"author":{"gitId":"l-shihao"},"content":"","lastModifiedDate":"2021-10-09"},{"lineNumber":31,"author":{"gitId":"l-shihao"},"content":"","lastModifiedDate":"2021-10-09"},{"lineNumber":32,"author":{"gitId":"l-shihao"},"content":"","lastModifiedDate":"2021-10-09"},{"lineNumber":33,"author":{"gitId":"l-shihao"},"content":"","lastModifiedDate":"2021-10-09"},{"lineNumber":34,"author":{"gitId":"l-shihao"},"content":"","lastModifiedDate":"2021-10-09"},{"lineNumber":35,"author":{"gitId":"l-shihao"},"content":"","lastModifiedDate":"2021-10-09"},{"lineNumber":36,"author":{"gitId":"l-shihao"},"content":"","lastModifiedDate":"2021-10-09"},{"lineNumber":37,"author":{"gitId":"l-shihao"},"content":"","lastModifiedDate":"2021-10-09"},{"lineNumber":38,"author":{"gitId":"l-shihao"},"content":"","lastModifiedDate":"2021-10-09"},{"lineNumber":39,"author":{"gitId":"l-shihao"},"content":"","lastModifiedDate":"2021-10-09"},{"lineNumber":40,"author":{"gitId":"l-shihao"},"content":"","lastModifiedDate":"2021-10-09"},{"lineNumber":41,"author":{"gitId":"l-shihao"},"content":"","lastModifiedDate":"2021-10-09"},{"lineNumber":42,"author":{"gitId":"l-shihao"},"content":"","lastModifiedDate":"2021-10-09"},{"lineNumber":43,"author":{"gitId":"l-shihao"},"content":"","lastModifiedDate":"2021-10-09"},{"lineNumber":44,"author":{"gitId":"l-shihao"},"content":"","lastModifiedDate":"2021-10-09"},{"lineNumber":45,"author":{"gitId":"l-shihao"},"content":"","lastModifiedDate":"2021-10-09"},{"lineNumber":46,"author":{"gitId":"l-shihao"},"content":"","lastModifiedDate":"2021-10-09"},{"lineNumber":47,"author":{"gitId":"l-shihao"},"content":"","lastModifiedDate":"2021-10-09"},{"lineNumber":48,"author":{"gitId":"l-shihao"},"content":"","lastModifiedDate":"2021-10-09"},{"lineNumber":49,"author":{"gitId":"l-shihao"},"content":"","lastModifiedDate":"2021-10-09"},{"lineNumber":50,"author":{"gitId":"l-shihao"},"content":"","lastModifiedDate":"2021-10-09"},{"lineNumber":51,"author":{"gitId":"l-shihao"},"content":"","lastModifiedDate":"2021-10-09"},{"lineNumber":52,"author":{"gitId":"l-shihao"},"content":"","lastModifiedDate":"2021-10-09"},{"lineNumber":53,"author":{"gitId":"l-shihao"},"content":"        String title \u003d \"This is my very first task\";","lastModifiedDate":"2021-10-09"},{"lineNumber":54,"author":{"gitId":"l-shihao"},"content":"        Project p1 \u003d new Project(title);","lastModifiedDate":"2021-10-09"},{"lineNumber":55,"author":{"gitId":"l-shihao"},"content":"","lastModifiedDate":"2021-10-09"},{"lineNumber":56,"author":{"gitId":"l-shihao"},"content":"        p1.print();","lastModifiedDate":"2021-10-09"},{"lineNumber":57,"author":{"gitId":"l-shihao"},"content":"","lastModifiedDate":"2021-10-09"},{"lineNumber":58,"author":{"gitId":"l-shihao"},"content":"        Project sub1 \u003d new Project(\"sub task a\");","lastModifiedDate":"2021-10-09"},{"lineNumber":59,"author":{"gitId":"l-shihao"},"content":"        Project sub2 \u003d new Project(\"sub task b\");","lastModifiedDate":"2021-10-09"},{"lineNumber":60,"author":{"gitId":"l-shihao"},"content":"        Project subsub1 \u003d new Project(\"sub task a.1\");","lastModifiedDate":"2021-10-09"},{"lineNumber":61,"author":{"gitId":"l-shihao"},"content":"","lastModifiedDate":"2021-10-09"},{"lineNumber":62,"author":{"gitId":"l-shihao"},"content":"        p1.addSub(sub1);","lastModifiedDate":"2021-10-09"},{"lineNumber":63,"author":{"gitId":"l-shihao"},"content":"        p1.addSub(sub2);","lastModifiedDate":"2021-10-09"},{"lineNumber":64,"author":{"gitId":"l-shihao"},"content":"        sub1.addSub(subsub1);","lastModifiedDate":"2021-10-09"},{"lineNumber":65,"author":{"gitId":"l-shihao"},"content":"","lastModifiedDate":"2021-10-09"},{"lineNumber":66,"author":{"gitId":"l-shihao"},"content":"        subsub1.setStatus(Stat.NEXT);","lastModifiedDate":"2021-10-09"},{"lineNumber":67,"author":{"gitId":"l-shihao"},"content":"","lastModifiedDate":"2021-10-09"},{"lineNumber":68,"author":{"gitId":"l-shihao"},"content":"        p1.printRec();","lastModifiedDate":"2021-10-09"},{"lineNumber":69,"author":{"gitId":"l-shihao"},"content":"","lastModifiedDate":"2021-10-09"},{"lineNumber":70,"author":{"gitId":"l-shihao"},"content":"","lastModifiedDate":"2021-10-09"},{"lineNumber":71,"author":{"gitId":"l-shihao"},"content":"    }","lastModifiedDate":"2021-10-09"},{"lineNumber":72,"author":{"gitId":"l-shihao"},"content":"}","lastModifiedDate":"2021-10-09"}],"authorContributionMap":{"l-shihao":72}},{"path":"src/main/java/seedu/duke/project/Project.java","fileType":"functional-code","lines":[{"lineNumber":1,"author":{"gitId":"l-shihao"},"content":"package seedu.duke.project;","lastModifiedDate":"2021-10-09"},{"lineNumber":2,"author":{"gitId":"l-shihao"},"content":"","lastModifiedDate":"2021-10-09"},{"lineNumber":3,"author":{"gitId":"l-shihao"},"content":"import java.time.LocalDateTime;","lastModifiedDate":"2021-10-09"},{"lineNumber":4,"author":{"gitId":"l-shihao"},"content":"import java.util.ArrayList;","lastModifiedDate":"2021-10-09"},{"lineNumber":5,"author":{"gitId":"l-shihao"},"content":"import java.util.Optional;","lastModifiedDate":"2021-10-09"},{"lineNumber":6,"author":{"gitId":"l-shihao"},"content":"","lastModifiedDate":"2021-10-09"},{"lineNumber":7,"author":{"gitId":"l-shihao"},"content":"public class Project {","lastModifiedDate":"2021-10-09"},{"lineNumber":8,"author":{"gitId":"l-shihao"},"content":"    private String dynamicID \u003d \"1\";","lastModifiedDate":"2021-10-09"},{"lineNumber":9,"author":{"gitId":"l-shihao"},"content":"    private Stat status \u003d Stat.NONE;","lastModifiedDate":"2021-10-09"},{"lineNumber":10,"author":{"gitId":"l-shihao"},"content":"    private String title;","lastModifiedDate":"2021-10-09"},{"lineNumber":11,"author":{"gitId":"l-shihao"},"content":"    private String note;","lastModifiedDate":"2021-10-09"},{"lineNumber":12,"author":{"gitId":"l-shihao"},"content":"    private Optional\u003cProject\u003e parent \u003d Optional.empty();","lastModifiedDate":"2021-10-09"},{"lineNumber":13,"author":{"gitId":"l-shihao"},"content":"    private ArrayList\u003cProject\u003e subprojects \u003d new ArrayList\u003c\u003e();","lastModifiedDate":"2021-10-09"},{"lineNumber":14,"author":{"gitId":"l-shihao"},"content":"    private LocalDateTime due;","lastModifiedDate":"2021-10-09"},{"lineNumber":15,"author":{"gitId":"l-shihao"},"content":"","lastModifiedDate":"2021-10-09"},{"lineNumber":16,"author":{"gitId":"l-shihao"},"content":"    public Project(String title) {","lastModifiedDate":"2021-10-09"},{"lineNumber":17,"author":{"gitId":"l-shihao"},"content":"        this.title \u003d title;","lastModifiedDate":"2021-10-09"},{"lineNumber":18,"author":{"gitId":"l-shihao"},"content":"    }","lastModifiedDate":"2021-10-09"},{"lineNumber":19,"author":{"gitId":"l-shihao"},"content":"","lastModifiedDate":"2021-10-09"},{"lineNumber":20,"author":{"gitId":"l-shihao"},"content":"    public Project(String title, Project parent) {","lastModifiedDate":"2021-10-09"},{"lineNumber":21,"author":{"gitId":"l-shihao"},"content":"        this.title \u003d title;","lastModifiedDate":"2021-10-09"},{"lineNumber":22,"author":{"gitId":"l-shihao"},"content":"        this.parent \u003d Optional.of(parent);","lastModifiedDate":"2021-10-09"},{"lineNumber":23,"author":{"gitId":"l-shihao"},"content":"    }","lastModifiedDate":"2021-10-09"},{"lineNumber":24,"author":{"gitId":"l-shihao"},"content":"","lastModifiedDate":"2021-10-09"},{"lineNumber":25,"author":{"gitId":"l-shihao"},"content":"    public void addSub(Project project) {","lastModifiedDate":"2021-10-09"},{"lineNumber":26,"author":{"gitId":"l-shihao"},"content":"        subprojects.add(project);","lastModifiedDate":"2021-10-09"},{"lineNumber":27,"author":{"gitId":"l-shihao"},"content":"        this.setStatus(Stat.PROJ);","lastModifiedDate":"2021-10-09"},{"lineNumber":28,"author":{"gitId":"l-shihao"},"content":"        project.addParent(this);","lastModifiedDate":"2021-10-09"},{"lineNumber":29,"author":{"gitId":"l-shihao"},"content":"        for (int i \u003d 0; i \u003c subprojects.size(); i++) {","lastModifiedDate":"2021-10-09"},{"lineNumber":30,"author":{"gitId":"l-shihao"},"content":"            subprojects.get(i).setID(Integer.toString(i + 1));","lastModifiedDate":"2021-10-09"},{"lineNumber":31,"author":{"gitId":"l-shihao"},"content":"        }","lastModifiedDate":"2021-10-09"},{"lineNumber":32,"author":{"gitId":"l-shihao"},"content":"    }","lastModifiedDate":"2021-10-09"},{"lineNumber":33,"author":{"gitId":"l-shihao"},"content":"","lastModifiedDate":"2021-10-09"},{"lineNumber":34,"author":{"gitId":"l-shihao"},"content":"    public ArrayList\u003cProject\u003e getSub() {","lastModifiedDate":"2021-10-09"},{"lineNumber":35,"author":{"gitId":"l-shihao"},"content":"        return subprojects;","lastModifiedDate":"2021-10-09"},{"lineNumber":36,"author":{"gitId":"l-shihao"},"content":"    }","lastModifiedDate":"2021-10-09"},{"lineNumber":37,"author":{"gitId":"l-shihao"},"content":"","lastModifiedDate":"2021-10-09"},{"lineNumber":38,"author":{"gitId":"l-shihao"},"content":"    public void addParent(Project project) {","lastModifiedDate":"2021-10-09"},{"lineNumber":39,"author":{"gitId":"l-shihao"},"content":"        this.parent \u003d Optional.of(project);","lastModifiedDate":"2021-10-09"},{"lineNumber":40,"author":{"gitId":"l-shihao"},"content":"    }","lastModifiedDate":"2021-10-09"},{"lineNumber":41,"author":{"gitId":"l-shihao"},"content":"","lastModifiedDate":"2021-10-09"},{"lineNumber":42,"author":{"gitId":"l-shihao"},"content":"    public String getID() {","lastModifiedDate":"2021-10-09"},{"lineNumber":43,"author":{"gitId":"l-shihao"},"content":"        return dynamicID;","lastModifiedDate":"2021-10-09"},{"lineNumber":44,"author":{"gitId":"l-shihao"},"content":"    }","lastModifiedDate":"2021-10-09"},{"lineNumber":45,"author":{"gitId":"l-shihao"},"content":"","lastModifiedDate":"2021-10-09"},{"lineNumber":46,"author":{"gitId":"l-shihao"},"content":"    public void setID(String id) {","lastModifiedDate":"2021-10-09"},{"lineNumber":47,"author":{"gitId":"l-shihao"},"content":"        this.dynamicID \u003d id;","lastModifiedDate":"2021-10-09"},{"lineNumber":48,"author":{"gitId":"l-shihao"},"content":"    }","lastModifiedDate":"2021-10-09"},{"lineNumber":49,"author":{"gitId":"l-shihao"},"content":"","lastModifiedDate":"2021-10-09"},{"lineNumber":50,"author":{"gitId":"l-shihao"},"content":"    public String updateID() {","lastModifiedDate":"2021-10-09"},{"lineNumber":51,"author":{"gitId":"l-shihao"},"content":"        if (parent.isPresent()) {","lastModifiedDate":"2021-10-09"},{"lineNumber":52,"author":{"gitId":"l-shihao"},"content":"            this.dynamicID \u003d parent.get().getID() + \"-\" + this.getID();","lastModifiedDate":"2021-10-09"},{"lineNumber":53,"author":{"gitId":"l-shihao"},"content":"        }","lastModifiedDate":"2021-10-09"},{"lineNumber":54,"author":{"gitId":"l-shihao"},"content":"        return this.dynamicID;","lastModifiedDate":"2021-10-09"},{"lineNumber":55,"author":{"gitId":"l-shihao"},"content":"    }","lastModifiedDate":"2021-10-09"},{"lineNumber":56,"author":{"gitId":"l-shihao"},"content":"","lastModifiedDate":"2021-10-09"},{"lineNumber":57,"author":{"gitId":"l-shihao"},"content":"    public void print() {","lastModifiedDate":"2021-10-09"},{"lineNumber":58,"author":{"gitId":"l-shihao"},"content":"        updateID();","lastModifiedDate":"2021-10-09"},{"lineNumber":59,"author":{"gitId":"l-shihao"},"content":"","lastModifiedDate":"2021-10-09"},{"lineNumber":60,"author":{"gitId":"l-shihao"},"content":"        switch (status) {","lastModifiedDate":"2021-10-09"},{"lineNumber":61,"author":{"gitId":"l-shihao"},"content":"        case NONE:","lastModifiedDate":"2021-10-09"},{"lineNumber":62,"author":{"gitId":"l-shihao"},"content":"            System.out.println(dynamicID + \" \" + this.title);","lastModifiedDate":"2021-10-09"},{"lineNumber":63,"author":{"gitId":"l-shihao"},"content":"            break;","lastModifiedDate":"2021-10-09"},{"lineNumber":64,"author":{"gitId":"l-shihao"},"content":"        default:","lastModifiedDate":"2021-10-09"},{"lineNumber":65,"author":{"gitId":"l-shihao"},"content":"            System.out.println(","lastModifiedDate":"2021-10-09"},{"lineNumber":66,"author":{"gitId":"l-shihao"},"content":"                    dynamicID + \" [\" + this.status + \"] \" + this.title);","lastModifiedDate":"2021-10-09"},{"lineNumber":67,"author":{"gitId":"l-shihao"},"content":"        }","lastModifiedDate":"2021-10-09"},{"lineNumber":68,"author":{"gitId":"l-shihao"},"content":"","lastModifiedDate":"2021-10-09"},{"lineNumber":69,"author":{"gitId":"l-shihao"},"content":"    }","lastModifiedDate":"2021-10-09"},{"lineNumber":70,"author":{"gitId":"l-shihao"},"content":"","lastModifiedDate":"2021-10-09"},{"lineNumber":71,"author":{"gitId":"l-shihao"},"content":"    public void printRec() {","lastModifiedDate":"2021-10-09"},{"lineNumber":72,"author":{"gitId":"l-shihao"},"content":"        this.print();","lastModifiedDate":"2021-10-09"},{"lineNumber":73,"author":{"gitId":"l-shihao"},"content":"","lastModifiedDate":"2021-10-09"},{"lineNumber":74,"author":{"gitId":"l-shihao"},"content":"        if (subprojects.isEmpty()) {","lastModifiedDate":"2021-10-09"},{"lineNumber":75,"author":{"gitId":"l-shihao"},"content":"            return;","lastModifiedDate":"2021-10-09"},{"lineNumber":76,"author":{"gitId":"l-shihao"},"content":"        }","lastModifiedDate":"2021-10-09"},{"lineNumber":77,"author":{"gitId":"l-shihao"},"content":"        for (Project sub : subprojects) {","lastModifiedDate":"2021-10-09"},{"lineNumber":78,"author":{"gitId":"l-shihao"},"content":"            sub.printRec();","lastModifiedDate":"2021-10-09"},{"lineNumber":79,"author":{"gitId":"l-shihao"},"content":"        }","lastModifiedDate":"2021-10-09"},{"lineNumber":80,"author":{"gitId":"l-shihao"},"content":"    }","lastModifiedDate":"2021-10-09"},{"lineNumber":81,"author":{"gitId":"l-shihao"},"content":"","lastModifiedDate":"2021-10-09"},{"lineNumber":82,"author":{"gitId":"l-shihao"},"content":"    public void setParent(Project project) {","lastModifiedDate":"2021-10-09"},{"lineNumber":83,"author":{"gitId":"l-shihao"},"content":"        this.parent \u003d Optional.of(project);","lastModifiedDate":"2021-10-09"},{"lineNumber":84,"author":{"gitId":"l-shihao"},"content":"    }","lastModifiedDate":"2021-10-09"},{"lineNumber":85,"author":{"gitId":"l-shihao"},"content":"","lastModifiedDate":"2021-10-09"},{"lineNumber":86,"author":{"gitId":"l-shihao"},"content":"    public Stat getStatus() {","lastModifiedDate":"2021-10-09"},{"lineNumber":87,"author":{"gitId":"l-shihao"},"content":"        return this.status;","lastModifiedDate":"2021-10-09"},{"lineNumber":88,"author":{"gitId":"l-shihao"},"content":"    }","lastModifiedDate":"2021-10-09"},{"lineNumber":89,"author":{"gitId":"l-shihao"},"content":"","lastModifiedDate":"2021-10-09"},{"lineNumber":90,"author":{"gitId":"l-shihao"},"content":"    public void setStatus(Stat status) {","lastModifiedDate":"2021-10-09"},{"lineNumber":91,"author":{"gitId":"l-shihao"},"content":"        this.status \u003d status;","lastModifiedDate":"2021-10-09"},{"lineNumber":92,"author":{"gitId":"l-shihao"},"content":"    }","lastModifiedDate":"2021-10-09"},{"lineNumber":93,"author":{"gitId":"l-shihao"},"content":"","lastModifiedDate":"2021-10-09"},{"lineNumber":94,"author":{"gitId":"l-shihao"},"content":"    public void setTitle(String title) {","lastModifiedDate":"2021-10-09"},{"lineNumber":95,"author":{"gitId":"l-shihao"},"content":"        this.title \u003d title;","lastModifiedDate":"2021-10-09"},{"lineNumber":96,"author":{"gitId":"l-shihao"},"content":"    }","lastModifiedDate":"2021-10-09"},{"lineNumber":97,"author":{"gitId":"l-shihao"},"content":"","lastModifiedDate":"2021-10-09"},{"lineNumber":98,"author":{"gitId":"l-shihao"},"content":"    public void setNote(String title) {","lastModifiedDate":"2021-10-09"},{"lineNumber":99,"author":{"gitId":"l-shihao"},"content":"        this.note \u003d note;","lastModifiedDate":"2021-10-09"},{"lineNumber":100,"author":{"gitId":"l-shihao"},"content":"    }","lastModifiedDate":"2021-10-09"},{"lineNumber":101,"author":{"gitId":"l-shihao"},"content":"","lastModifiedDate":"2021-10-09"},{"lineNumber":102,"author":{"gitId":"l-shihao"},"content":"}","lastModifiedDate":"2021-10-09"}],"authorContributionMap":{"l-shihao":102}},{"path":"src/main/java/seedu/duke/project/Stat.java","fileType":"functional-code","lines":[{"lineNumber":1,"author":{"gitId":"l-shihao"},"content":"package seedu.duke.project;","lastModifiedDate":"2021-10-09"},{"lineNumber":2,"author":{"gitId":"l-shihao"},"content":"","lastModifiedDate":"2021-10-09"},{"lineNumber":3,"author":{"gitId":"l-shihao"},"content":"public enum Stat {","lastModifiedDate":"2021-10-09"},{"lineNumber":4,"author":{"gitId":"l-shihao"},"content":"    NONE,","lastModifiedDate":"2021-10-09"},{"lineNumber":5,"author":{"gitId":"l-shihao"},"content":"    NEXT,","lastModifiedDate":"2021-10-09"},{"lineNumber":6,"author":{"gitId":"l-shihao"},"content":"    WAIT,","lastModifiedDate":"2021-10-09"},{"lineNumber":7,"author":{"gitId":"l-shihao"},"content":"    PROJ,","lastModifiedDate":"2021-10-09"},{"lineNumber":8,"author":{"gitId":"l-shihao"},"content":"    STRT,","lastModifiedDate":"2021-10-09"},{"lineNumber":9,"author":{"gitId":"l-shihao"},"content":"    SOME,","lastModifiedDate":"2021-10-09"},{"lineNumber":10,"author":{"gitId":"l-shihao"},"content":"    DONE","lastModifiedDate":"2021-10-09"},{"lineNumber":11,"author":{"gitId":"l-shihao"},"content":"}","lastModifiedDate":"2021-10-09"}],"authorContributionMap":{"l-shihao":11}}]
