{"authorDailyContributionsMap":{"ivanhlb":[],"Ruiting1":[],"TanChiaChun":[],"l-shihao":[{"date":"2021-10-09","commitResults":[{"hash":"7a1c8ffe31672a8b9f232f8caf15e64f4dc26706","messageTitle":"issue#06: Project Data Struct","messageBody":"","fileTypesAndContributionMap":{"functional-code":{"insertions":139,"deletions":21}}},{"hash":"e46dc451739299dc6e37f0bc4103d205915401db","messageTitle":"issue#06: Add more methods to Project Class","messageBody":"","fileTypesAndContributionMap":{"functional-code":{"insertions":60,"deletions":15}}},{"hash":"1a5f606d6eaa7d73e0952c9afb083365616943a7","messageTitle":"issue06, add SOME to enum Stat","messageBody":"","fileTypesAndContributionMap":{"functional-code":{"insertions":1,"deletions":0}}}]}]},"authorFileTypeContributionMap":{"ivanhlb":{"docs":0,"functional-code":0,"test-code":0},"Ruiting1":{"docs":0,"functional-code":0,"test-code":0},"TanChiaChun":{"docs":0,"functional-code":0,"test-code":0},"l-shihao":{"docs":0,"functional-code":185,"test-code":0}},"authorContributionVariance":{"ivanhlb":0.0,"Ruiting1":0.0,"TanChiaChun":0.0,"l-shihao":2316.2798},"authorDisplayNameMap":{"ivanhlb":"TIC4001-F18-3 IVAN..BOON","Ruiting1":"TIC4001-F18-3 NIE ..TING","TanChiaChun":"TIC4001-F18-3 TAN ..CHUN","l-shihao":"TIC4001-F18-3 LI S..IHAO"}}
