{"authorDailyContributionsMap":{"ivanhlb":[{"date":"2021-10-09","commitResults":[{"hash":"5443c8dd16dd5a26240865d4bb7888dcd01f6cb2","messageTitle":"Added WIP readme.md so that we can get started on the project.","messageBody":"","fileTypesAndContributionMap":{"docs":{"insertions":36,"deletions":33}}}]}],"Ruiting1":[{"date":"2021-10-12","commitResults":[{"hash":"7bf802f54e84a0368db2654163bfe43b94c915fa","messageTitle":"parser related to command, with some ui as well","messageBody":"","fileTypesAndContributionMap":{"functional-code":{"insertions":405,"deletions":0}}}]}],"TanChiaChun":[],"l-shihao":[{"date":"2021-10-09","commitResults":[{"hash":"7a1c8ffe31672a8b9f232f8caf15e64f4dc26706","messageTitle":"issue#06: Project Data Struct","messageBody":"","fileTypesAndContributionMap":{"functional-code":{"insertions":139,"deletions":21}}},{"hash":"e46dc451739299dc6e37f0bc4103d205915401db","messageTitle":"issue#06: Add more methods to Project Class","messageBody":"","fileTypesAndContributionMap":{"functional-code":{"insertions":60,"deletions":15}}},{"hash":"1a5f606d6eaa7d73e0952c9afb083365616943a7","messageTitle":"issue06, add SOME to enum Stat","messageBody":"","fileTypesAndContributionMap":{"functional-code":{"insertions":1,"deletions":0}}}]},{"date":"2021-10-12","commitResults":[{"hash":"0ac8631d496bee0851f56766a69174931e057f8e","messageTitle":"rename Project Class, add GTDList Class","messageBody":"","fileTypesAndContributionMap":{"functional-code":{"insertions":208,"deletions":109},"docs":{"insertions":12,"deletions":12}}},{"hash":"0fd2fe119ea2dbcfa6f49d7303f71a3d2a3b59eb","messageTitle":"fix level bug and add indentation for getText","messageBody":"","fileTypesAndContributionMap":{"functional-code":{"insertions":16,"deletions":11}}},{"hash":"3b669a0a0cca8761a97936667980fd5700cb49fb","messageTitle":"Update README.md","messageBody":"","fileTypesAndContributionMap":{"docs":{"insertions":3,"deletions":2}}}]}]},"authorFileTypeContributionMap":{"ivanhlb":{"docs":26,"functional-code":0,"test-code":0},"Ruiting1":{"docs":0,"functional-code":390,"test-code":0},"TanChiaChun":{"docs":0,"functional-code":0,"test-code":0},"l-shihao":{"docs":12,"functional-code":279,"test-code":0}},"authorContributionVariance":{"ivanhlb":176.0725,"Ruiting1":6066.013,"TanChiaChun":0.0,"l-shihao":6944.6294},"authorDisplayNameMap":{"ivanhlb":"TIC4001-F18-3 IVAN..BOON","Ruiting1":"TIC4001-F18-3 NIE ..TING","TanChiaChun":"TIC4001-F18-3 TAN ..CHUN","l-shihao":"TIC4001-F18-3 LI S..IHAO"}}
