{"authorDailyContributionsMap":{"ivanhlb":[{"date":"2021-10-09","commitResults":[{"hash":"5443c8dd16dd5a26240865d4bb7888dcd01f6cb2","messageTitle":"Added WIP readme.md so that we can get started on the project.","messageBody":"","fileTypesAndContributionMap":{"docs":{"insertions":36,"deletions":33}}}]},{"date":"2021-10-13","commitResults":[{"hash":"31f27c0b7e9a15fce17c0d5470e80db4a37561b8","messageTitle":"added hashmap\u003cString, GTDList\u003e GTDLists for easy access of all available lists.","messageBody":"","fileTypesAndContributionMap":{"functional-code":{"insertions":14,"deletions":13}}}]},{"date":"2021-10-14","commitResults":[{"hash":"03e60de927a6c6c2255f39f43c9338ad70f2af7b","messageTitle":"implemented basic done and move command.","messageBody":"","fileTypesAndContributionMap":{"functional-code":{"insertions":22,"deletions":8}}}]},{"date":"2021-10-27","commitResults":[{"hash":"73b0d7d12108f0b0ddcbe445c04bb5c96856d74e","messageTitle":"refactored and updated moveCommand to be setCommand.","messageBody":"","fileTypesAndContributionMap":{"functional-code":{"insertions":11,"deletions":12},"other":{"insertions":4,"deletions":4},"docs":{"insertions":7,"deletions":6},"test-code":{"insertions":3,"deletions":3}}}]}],"Ruiting1":[{"date":"2021-10-12","commitResults":[{"hash":"7bf802f54e84a0368db2654163bfe43b94c915fa","messageTitle":"parser related to command, with some ui as well","messageBody":"","fileTypesAndContributionMap":{"functional-code":{"insertions":405,"deletions":0}}}]},{"date":"2021-10-13","commitResults":[{"hash":"9ffa178553c371b0d8e86cc08caee98d02094587","messageTitle":"add a optional move command pattern in the parser\u0026modify the build.gradle","messageBody":"","fileTypesAndContributionMap":{"functional-code":{"insertions":28,"deletions":11},"other":{"insertions":2,"deletions":1}}},{"hash":"e9d5df0e61727386cf1c6a4894110044a9324b3c","messageTitle":"setData for whole hashtable of list","messageBody":"","fileTypesAndContributionMap":{"functional-code":{"insertions":16,"deletions":2}}}]},{"date":"2021-10-14","commitResults":[{"hash":"334554d2dc72fc18a97ae89f30a84b8998c33d69","messageTitle":"fix some JavaCI checkStyle","messageBody":"","fileTypesAndContributionMap":{"functional-code":{"insertions":38,"deletions":25}}}]},{"date":"2021-10-15","commitResults":[{"hash":"51e9b3f437fb0f00f17c307b5a34fe4d3fae3fb7","messageTitle":"add some Junit test on parser","messageBody":"","fileTypesAndContributionMap":{"functional-code":{"insertions":3,"deletions":2},"test-code":{"insertions":75,"deletions":0}}},{"hash":"adea37cc16e1a3a093beed5d2f0465b0dda92518","messageTitle":"add a simple assert in parser prepareAdd()","messageBody":"","fileTypesAndContributionMap":{"functional-code":{"insertions":1,"deletions":0}}},{"hash":"0dd556afea3146f06c7a68578d1c96ecaff2f255","messageTitle":"fix move to someday problem","messageBody":"","fileTypesAndContributionMap":{"functional-code":{"insertions":2,"deletions":2}}},{"hash":"dfea842a4eb03062daa50a29a05261bd9a586933","messageTitle":"java ci updates","messageBody":"","fileTypesAndContributionMap":{"functional-code":{"insertions":1,"deletions":1}}}]},{"date":"2021-10-17","commitResults":[{"hash":"93bd0cd7512af951f0672ad5d90c694605924e3f","messageTitle":"test dynamic no","messageBody":"","fileTypesAndContributionMap":{"functional-code":{"insertions":23,"deletions":3}}},{"hash":"3836814083d31c70941ade4e112c9a0db0484e0c","messageTitle":"fix javaci","messageBody":"","fileTypesAndContributionMap":{"functional-code":{"insertions":5,"deletions":11}}}]},{"date":"2021-10-18","commitResults":[{"hash":"6cfbec30221d25b1b78f930b458e995f5969d0f5","messageTitle":"basic storgae structure","messageBody":"","fileTypesAndContributionMap":{"functional-code":{"insertions":298,"deletions":11}}},{"hash":"d1009a89378877c381fc3612c32a5c92221d54e9","messageTitle":"create maxID property and make the Gtdthought id auto increment when add","messageBody":"","fileTypesAndContributionMap":{"functional-code":{"insertions":6,"deletions":1}}}]},{"date":"2021-10-19","commitResults":[{"hash":"fefb69e239470b6fa3f2d1197fb5b64b3a6ba945","messageTitle":"checkstyle fix","messageBody":"","fileTypesAndContributionMap":{"functional-code":{"insertions":23,"deletions":11}}},{"hash":"cc8ed1768c2049efa5268d3c14069393fb7159a5","messageTitle":"initialize the current list to avoid null pointer exception","messageBody":"","fileTypesAndContributionMap":{"functional-code":{"insertions":3,"deletions":1}}},{"hash":"23758e9f8a5faee51e0ceac5e31a20343406770e","messageTitle":"comment the demo part to avoid java CI","messageBody":"","fileTypesAndContributionMap":{"functional-code":{"insertions":2,"deletions":2}}}]},{"date":"2021-10-20","commitResults":[{"hash":"30b505179eb8f2ca56f024a398a887815c2e2c0e","messageTitle":"restrict parser to get | from user input \u0026 add next.txt to .git ignore","messageBody":"","fileTypesAndContributionMap":{"functional-code":{"insertions":3,"deletions":2}}},{"hash":"de8e0332015fbdf74457679b6df4cd56bfb6623e","messageTitle":"updates","messageBody":"","fileTypesAndContributionMap":{"functional-code":{"insertions":5,"deletions":5}}}]},{"date":"2021-10-27","commitResults":[{"hash":"b029f6693998b0de930ea414778072d02eea4ae6","messageTitle":"improve parser for \u00271-1-1\u0027 index string","messageBody":"","fileTypesAndContributionMap":{"functional-code":{"insertions":42,"deletions":8}}}]}],"TanChiaChun":[{"date":"2021-10-13","commitResults":[{"hash":"db1549a1b534421fa56214019d5d3fad5e65370a","messageTitle":"Add ArrayList\u003cGTDList\u003e param to execute() of Command related classes","messageBody":"","fileTypesAndContributionMap":{"functional-code":{"insertions":42,"deletions":11}}},{"hash":"22083adc29dad97ce8321fc3e33b336fd50f34c3","messageTitle":"Implement execute() for AddCommand","messageBody":"","fileTypesAndContributionMap":{"functional-code":{"insertions":2,"deletions":0}}}]},{"date":"2021-10-14","commitResults":[{"hash":"f23b014fd7a6f8dae9e03b7643cc45861ac88ee9","messageTitle":"Fix execute() of AddCommand for GTDLists Hashtable","messageBody":"","fileTypesAndContributionMap":{"functional-code":{"insertions":1,"deletions":1}}},{"hash":"1aec803de7e09ea87ab6f7c81c03cc90ca32e400","messageTitle":"Clean up unnecessary changes with upstream main","messageBody":"","fileTypesAndContributionMap":{"functional-code":{"insertions":0,"deletions":16}}},{"hash":"35302e591efc6049de8ede3053a3d5740908378e","messageTitle":"ListCommand execute() to print inbox","messageBody":"","fileTypesAndContributionMap":{"functional-code":{"insertions":1,"deletions":0}}},{"hash":"9dd8a4f42be43342a9a808599853acf00ba31d46","messageTitle":"Remove unnecessary comments","messageBody":"","fileTypesAndContributionMap":{"functional-code":{"insertions":0,"deletions":2}}},{"hash":"03e49b2b92ab6454d321c9542a7a766f499bfda3","messageTitle":"Add line separator to AddCommand","messageBody":"","fileTypesAndContributionMap":{"functional-code":{"insertions":1,"deletions":1}}},{"hash":"e868e3659b85a18cb84f8b6a29d4df3ed24d8f2a","messageTitle":"Remove printing GTDLists","messageBody":"","fileTypesAndContributionMap":{"functional-code":{"insertions":0,"deletions":1}}},{"hash":"635554b5709eda7abe868789320f5a9a9934d016","messageTitle":"Add InvalidListArgumentException","messageBody":"","fileTypesAndContributionMap":{"functional-code":{"insertions":4,"deletions":0}}},{"hash":"a08afca109bf6a1b772d69d11153c690d8c780cd","messageTitle":"Enhance ListCommand to print next, wait, someday","messageBody":"","fileTypesAndContributionMap":{"functional-code":{"insertions":26,"deletions":19}}}]},{"date":"2021-10-27","commitResults":[{"hash":"e917cedccefea7e254955bc42a1f05a55e835b31","messageTitle":"Modify to isolate test AddCommand-Storage","messageBody":"","fileTypesAndContributionMap":{"functional-code":{"insertions":7,"deletions":7}}},{"hash":"61b58b25907ac221e3ec4d580f1dc5076cd6cd74","messageTitle":"Bug fix for ListCommand","messageBody":"","fileTypesAndContributionMap":{"functional-code":{"insertions":3,"deletions":3}}},{"hash":"ece328866e917c0b4c1593a174ac8f559d905ebc","messageTitle":"Write multi-level list to Storage","messageBody":"","fileTypesAndContributionMap":{"functional-code":{"insertions":18,"deletions":1}}},{"hash":"c1f9d61587da61cb684baa18bd88f3ac5a004489","messageTitle":"Change encodeGtdThought() to private","messageBody":"","fileTypesAndContributionMap":{"functional-code":{"insertions":1,"deletions":1}}},{"hash":"67e279a29b838d1143f4efed3b192da047396bc3","messageTitle":"Write parents to Storage","messageBody":"","fileTypesAndContributionMap":{"functional-code":{"insertions":17,"deletions":4}}},{"hash":"a85e24812e4ddbecab22a1ed3973ff3657f05921","messageTitle":"Change | to suffix","messageBody":"","fileTypesAndContributionMap":{"functional-code":{"insertions":2,"deletions":2}}},{"hash":"7a9db4df964a0256baa2f8950def00a395c1bf06","messageTitle":"Read from latest Storage format","messageBody":"","fileTypesAndContributionMap":{"functional-code":{"insertions":51,"deletions":10}}},{"hash":"39495321fc054fcc7a906fb52ec9f045683fd4ec","messageTitle":"Shorten line \u003e120 characters","messageBody":"","fileTypesAndContributionMap":{"functional-code":{"insertions":4,"deletions":2}}},{"hash":"1514ee0eab68795f7840633304b22d1d2d084f89","messageTitle":"Add junit for encodeGtdList()","messageBody":"","fileTypesAndContributionMap":{"test-code":{"insertions":29,"deletions":0}}},{"hash":"a7ebb81b687d3dc75146eef26aeaf2cafe7c046d","messageTitle":"Fix junit for GitHub macos","messageBody":"","fileTypesAndContributionMap":{"test-code":{"insertions":3,"deletions":3}}},{"hash":"51179ab06e312e14181eb24b8bff5b72a10f1fc7","messageTitle":"Add assertion for matchIdx","messageBody":"","fileTypesAndContributionMap":{"functional-code":{"insertions":2,"deletions":0}}},{"hash":"d9e7a89d8454665b6bc83591c7c5ba767809517a","messageTitle":"Add assertion for matchIdx","messageBody":"","fileTypesAndContributionMap":{"functional-code":{"insertions":3,"deletions":1}}},{"hash":"a8904f1d48f65369783a2089f3b8e132635f4a9e","messageTitle":"Remove commented allList","messageBody":"","fileTypesAndContributionMap":{"functional-code":{"insertions":0,"deletions":6}}},{"hash":"36f5a099272304d9e185a36073075a4d7ea96752","messageTitle":"Fix bug for setting GtdThought to done","messageBody":"","fileTypesAndContributionMap":{"functional-code":{"insertions":0,"deletions":1}}}]}],"l-shihao":[{"date":"2021-10-09","commitResults":[{"hash":"7a1c8ffe31672a8b9f232f8caf15e64f4dc26706","messageTitle":"issue#06: Project Data Struct","messageBody":"","fileTypesAndContributionMap":{"functional-code":{"insertions":139,"deletions":21}}},{"hash":"e46dc451739299dc6e37f0bc4103d205915401db","messageTitle":"issue#06: Add more methods to Project Class","messageBody":"","fileTypesAndContributionMap":{"functional-code":{"insertions":60,"deletions":15}}},{"hash":"1a5f606d6eaa7d73e0952c9afb083365616943a7","messageTitle":"issue06, add SOME to enum Stat","messageBody":"","fileTypesAndContributionMap":{"functional-code":{"insertions":1,"deletions":0}}}]},{"date":"2021-10-12","commitResults":[{"hash":"0ac8631d496bee0851f56766a69174931e057f8e","messageTitle":"rename Project Class, add GTDList Class","messageBody":"","fileTypesAndContributionMap":{"functional-code":{"insertions":208,"deletions":109},"docs":{"insertions":12,"deletions":12}}},{"hash":"0fd2fe119ea2dbcfa6f49d7303f71a3d2a3b59eb","messageTitle":"fix level bug and add indentation for getText","messageBody":"","fileTypesAndContributionMap":{"functional-code":{"insertions":16,"deletions":11}}},{"hash":"3b669a0a0cca8761a97936667980fd5700cb49fb","messageTitle":"Update README.md","messageBody":"","fileTypesAndContributionMap":{"docs":{"insertions":3,"deletions":2}}}]},{"date":"2021-10-13","commitResults":[{"hash":"a85a9116e1486b5dc6681c39f7c84fd66e02055e","messageTitle":"Add methods in GTDList for printing and get","messageBody":"","fileTypesAndContributionMap":{"functional-code":{"insertions":83,"deletions":10}}},{"hash":"d24734b80a5fadb750a8bdc0b6cae473782a4686","messageTitle":"added 1 line(83) in Next main() to demo one of the get() method","messageBody":"","fileTypesAndContributionMap":{"functional-code":{"insertions":3,"deletions":1}}},{"hash":"4b52ce35508241c34e38fa021fb2ce0c7da162a5","messageTitle":"bug fix: a bug allows PROJ to be set to NEXT","messageBody":"","fileTypesAndContributionMap":{"functional-code":{"insertions":3,"deletions":2}}},{"hash":"d2f8310861b0f991e8f2f821d6b65401fe1507d6","messageTitle":"miss out remove(Int) in GTDList","messageBody":"","fileTypesAndContributionMap":{"functional-code":{"insertions":4,"deletions":0}}},{"hash":"09870c4e5f086db66bebfee6ad711fd3c4d7413e","messageTitle":"checkstyle fix: mostly switch case, left some for ruiting","messageBody":"","fileTypesAndContributionMap":{"functional-code":{"insertions":69,"deletions":72}}},{"hash":"72fe067f8a8e1d293d0c76183e1d43105bd93ca5","messageTitle":"commit before merge, added demo getTextRec","messageBody":"","fileTypesAndContributionMap":{"functional-code":{"insertions":2,"deletions":0}}}]},{"date":"2021-10-15","commitResults":[{"hash":"3ceedfb48d0853145ef3bf11417b2103ea2d76e8","messageTitle":"JUnit NextTest","messageBody":"","fileTypesAndContributionMap":{"functional-code":{"insertions":0,"deletions":37},"test-code":{"insertions":61,"deletions":12}}},{"hash":"5bebf0be63cc7ae1dae44f758c79b66884c777ef","messageTitle":"fix list tasks index starting from 0 instead of 1","messageBody":"","fileTypesAndContributionMap":{"functional-code":{"insertions":3,"deletions":3}}},{"hash":"0c6a19ccb5aa9fabfe9c6507cf382f3e6edc153a","messageTitle":"quick fix for inbox print 1 3 when 2 removed","messageBody":"","fileTypesAndContributionMap":{"functional-code":{"insertions":18,"deletions":6}}},{"hash":"3d83dcdec0a2b47d86ed3a7fcf7d0a4f0c9d28bb","messageTitle":"add quick delete command","messageBody":"","fileTypesAndContributionMap":{"functional-code":{"insertions":5,"deletions":1}}},{"hash":"e8656a26358a77b2c02affe0f44b362215c50d35","messageTitle":"GTD --\u003e Gtd","messageBody":"","fileTypesAndContributionMap":{"functional-code":{"insertions":22,"deletions":18},"other":{"insertions":20,"deletions":21},"test-code":{"insertions":8,"deletions":8}}},{"hash":"53b3321b0a71391f7de85b474ad83d86226b0225","messageTitle":"checkStyle all fixed","messageBody":"","fileTypesAndContributionMap":{"functional-code":{"insertions":36,"deletions":52},"test-code":{"insertions":35,"deletions":35}}}]},{"date":"2021-10-16","commitResults":[{"hash":"ad2a563a5ea6bb954fa334aab80a9f436bdb1193","messageTitle":"add 1 assertion","messageBody":"","fileTypesAndContributionMap":{"functional-code":{"insertions":5,"deletions":2}}},{"hash":"d200e9b36ea59ccded9119e2ca32b39bd535d8aa","messageTitle":"checkstyle fix for assertion","messageBody":"","fileTypesAndContributionMap":{"functional-code":{"insertions":1,"deletions":1}}},{"hash":"55b2caa5c3e53e677b5da2300bcf75b6855c149e","messageTitle":"fix javaCI runtest.sh input,expect.txt","messageBody":"","fileTypesAndContributionMap":{"functional-code":{"insertions":4,"deletions":4}}},{"hash":"c4c6a4a0d7dbe24873dc0c3be83913309e557e09","messageTitle":"test on CI behavior","messageBody":"","fileTypesAndContributionMap":{"test-code":{"insertions":8,"deletions":4}}}]},{"date":"2021-10-17","commitResults":[{"hash":"dcb2d8f12b22328523e8ed46d177edc78fcb00a2","messageTitle":"Issue#42-master-list-scrap-hashtable","messageBody":"","fileTypesAndContributionMap":{"functional-code":{"insertions":18,"deletions":20}}}]},{"date":"2021-10-18","commitResults":[{"hash":"e81f782f30e204abd7c3e15154f77e30bef91dd4","messageTitle":"add stream() support for GtdList","messageBody":"","fileTypesAndContributionMap":{"functional-code":{"insertions":66,"deletions":8},"test-code":{"insertions":11,"deletions":0}}}]},{"date":"2021-10-19","commitResults":[{"hash":"7e56807a1c5fe23035764507f8b03ad7a59325d8","messageTitle":"fix afetr stream closed the list command cant list after first trial","messageBody":"","fileTypesAndContributionMap":{"functional-code":{"insertions":21,"deletions":16}}},{"hash":"498655b2fed6b6a175903227a459470747ea7155","messageTitle":"fix checkstyle","messageBody":"","fileTypesAndContributionMap":{"functional-code":{"insertions":3,"deletions":3}}}]},{"date":"2021-10-20","commitResults":[{"hash":"32c8012761803e28dad4f241d8b0e152e64a4fd1","messageTitle":"issue#43: list with status","messageBody":"","fileTypesAndContributionMap":{"functional-code":{"insertions":40,"deletions":18},"test-code":{"insertions":6,"deletions":1}}},{"hash":"12f13f9b97a46cb5a16f8ff010d96735d7a0ae35","messageTitle":"fix checkstyle","messageBody":"","fileTypesAndContributionMap":{"functional-code":{"insertions":7,"deletions":7}}},{"hash":"6f40e47e4de39058b1d189363a76d0b7b614bc1f","messageTitle":"issue#53: proj-mode move in inbox to under proj","messageBody":"","fileTypesAndContributionMap":{"functional-code":{"insertions":160,"deletions":11}}}]},{"date":"2021-10-22","commitResults":[{"hash":"6cda71a2c8b351479786aecfc4512e83da2741af","messageTitle":"Update Developer Guide Draft V0.2","messageBody":"","fileTypesAndContributionMap":{"functional-code":{"insertions":14,"deletions":4},"docs":{"insertions":78,"deletions":11}}}]}]},"authorFileTypeContributionMap":{"ivanhlb":{"docs":29,"functional-code":31,"test-code":3},"Ruiting1":{"docs":0,"functional-code":712,"test-code":72,"other":2},"TanChiaChun":{"docs":0,"functional-code":118,"test-code":29},"l-shihao":{"docs":89,"functional-code":594,"test-code":81}},"authorContributionVariance":{"ivanhlb":198.40216,"Ruiting1":6263.9805,"TanChiaChun":946.00464,"l-shihao":10315.655},"authorDisplayNameMap":{"ivanhlb":"TIC4001-F18-3 IVAN..BOON","Ruiting1":"TIC4001-F18-3 NIE ..TING","TanChiaChun":"TIC4001-F18-3 TAN ..CHUN","l-shihao":"TIC4001-F18-3 LI S..IHAO"}}
