{"authorDailyContributionsMap":{"ivanhlb":[],"Ruiting1":[],"TanChiaChun":[],"l-shihao":[]},"authorFileTypeContributionMap":{"ivanhlb":{"docs":0,"functional-code":0,"test-code":0},"Ruiting1":{"docs":0,"functional-code":0,"test-code":0},"TanChiaChun":{"docs":0,"functional-code":0,"test-code":0},"l-shihao":{"docs":0,"functional-code":0,"test-code":0}},"authorContributionVariance":{"ivanhlb":0.0,"Ruiting1":0.0,"TanChiaChun":0.0,"l-shihao":0.0},"authorDisplayNameMap":{"ivanhlb":"TIC4001-F18-3 IVAN..BOON","Ruiting1":"TIC4001-F18-3 NIE ..TING","TanChiaChun":"TIC4001-F18-3 TAN ..CHUN","l-shihao":"TIC4001-F18-3 LI S..IHAO"}}
