[{"path":"docs/AboutUs.md","fileType":"docs","lines":[{"lineNumber":1,"author":{"gitId":"-"},"content":"# About us","lastModifiedDate":"2020-05-24"},{"lineNumber":2,"author":{"gitId":"-"},"content":"","lastModifiedDate":"2020-05-24"},{"lineNumber":3,"author":{"gitId":"-"},"content":"Display | Name | Github Profile | Portfolio ","lastModifiedDate":"2020-05-24"},{"lineNumber":4,"author":{"gitId":"-"},"content":"--------|:----:|:--------------:|:---------:","lastModifiedDate":"2020-05-24"},{"lineNumber":5,"author":{"gitId":"YangShuogeng"},"content":"![](https://via.placeholder.com/100.png?text\u003dPhoto) | Yang Shuogeng | [Github](https://github.com/) | [Portfolio](docs/team/johndoe.md)","lastModifiedDate":"2021-09-23"},{"lineNumber":6,"author":{"gitId":"e0373972"},"content":"![](https://via.placeholder.com/100.png?text\u003dPhoto) | Wang Wenwei | [Github](https://github.com/) | [Portfolio](docs/team/johndoe.md)","lastModifiedDate":"2021-09-23"},{"lineNumber":7,"author":{"gitId":"jr-mojito"},"content":"![](https://via.placeholder.com/100.png?text\u003dPhoto) | Lim Chun Yong  | [Github](https://github.com/) | [Portfolio](docs/team/johndoe.md)","lastModifiedDate":"2021-09-23"},{"lineNumber":8,"author":{"gitId":"zyjarvis"},"content":"![](https://via.placeholder.com/100.png?text\u003dPhoto) | Zhang Yun | [Github](https://github.com/) | [Portfolio](docs/team/johndoe.md)","lastModifiedDate":"2021-09-23"},{"lineNumber":9,"author":{"gitId":"YangShuogeng"},"content":"![](https://via.placeholder.com/100.png?text\u003dPhoto) |  | [Github](https://github.com/) | [Portfolio](docs/team/johndoe.md)","lastModifiedDate":"2021-09-23"}],"authorContributionMap":{"jr-mojito":1,"e0373972":1,"zyjarvis":1,"-":4,"YangShuogeng":2}},{"path":"docs/team/chunyong.md","fileType":"docs","lines":[{"lineNumber":1,"author":{"gitId":"jr-mojito"},"content":"##test","lastModifiedDate":"2021-09-22"}],"authorContributionMap":{"jr-mojito":1}},{"path":"docs/team/wenweiWang.md","fileType":"docs","lines":[{"lineNumber":1,"author":{"gitId":"e0373972"},"content":"Wang Wenwei","lastModifiedDate":"2021-09-22"}],"authorContributionMap":{"e0373972":1}},{"path":"docs/team/yangshuogeng.md","fileType":"docs","lines":[{"lineNumber":1,"author":{"gitId":"YangShuogeng"},"content":"# Yang Shuogeng - Project Portfolio Page","lastModifiedDate":"2021-09-22"},{"lineNumber":2,"author":{"gitId":"YangShuogeng"},"content":"","lastModifiedDate":"2021-09-22"},{"lineNumber":3,"author":{"gitId":"YangShuogeng"},"content":"## Overview","lastModifiedDate":"2021-09-22"},{"lineNumber":4,"author":{"gitId":"YangShuogeng"},"content":"","lastModifiedDate":"2021-09-22"},{"lineNumber":5,"author":{"gitId":"YangShuogeng"},"content":"","lastModifiedDate":"2021-09-22"},{"lineNumber":6,"author":{"gitId":"YangShuogeng"},"content":"","lastModifiedDate":"2021-09-22"},{"lineNumber":7,"author":{"gitId":"YangShuogeng"},"content":"### Summary of Contributions","lastModifiedDate":"2021-09-22"}],"authorContributionMap":{"YangShuogeng":7}},{"path":"src/main/java/expense/Deleting.java","fileType":"functional-code","lines":[{"lineNumber":1,"author":{"gitId":"YangShuogeng"},"content":"package expense;","lastModifiedDate":"2021-10-13"},{"lineNumber":2,"author":{"gitId":"YangShuogeng"},"content":"","lastModifiedDate":"2021-10-07"},{"lineNumber":3,"author":{"gitId":"YangShuogeng"},"content":"import java.util.ArrayList;","lastModifiedDate":"2021-10-07"},{"lineNumber":4,"author":{"gitId":"YangShuogeng"},"content":"","lastModifiedDate":"2021-10-07"},{"lineNumber":5,"author":{"gitId":"YangShuogeng"},"content":"public class Deleting {","lastModifiedDate":"2021-10-07"},{"lineNumber":6,"author":{"gitId":"YangShuogeng"},"content":"    //private int expenseIndex;","lastModifiedDate":"2021-10-12"},{"lineNumber":7,"author":{"gitId":"YangShuogeng"},"content":"    private ArrayList\u003cExpense\u003e expList;","lastModifiedDate":"2021-10-07"},{"lineNumber":8,"author":{"gitId":"YangShuogeng"},"content":"","lastModifiedDate":"2021-10-07"},{"lineNumber":9,"author":{"gitId":"YangShuogeng"},"content":"    Deleting(ArrayList expList) {","lastModifiedDate":"2021-10-12"},{"lineNumber":10,"author":{"gitId":"YangShuogeng"},"content":"","lastModifiedDate":"2021-10-13"},{"lineNumber":11,"author":{"gitId":"YangShuogeng"},"content":"        this.expList \u003d expList;","lastModifiedDate":"2021-10-12"},{"lineNumber":12,"author":{"gitId":"YangShuogeng"},"content":"    }","lastModifiedDate":"2021-10-07"},{"lineNumber":13,"author":{"gitId":"YangShuogeng"},"content":"","lastModifiedDate":"2021-10-07"},{"lineNumber":14,"author":{"gitId":"YangShuogeng"},"content":"    ArrayList deleteExpense(int index) {","lastModifiedDate":"2021-10-07"},{"lineNumber":15,"author":{"gitId":"YangShuogeng"},"content":"        this.expList.remove(index);","lastModifiedDate":"2021-10-12"},{"lineNumber":16,"author":{"gitId":"YangShuogeng"},"content":"","lastModifiedDate":"2021-10-07"},{"lineNumber":17,"author":{"gitId":"YangShuogeng"},"content":"        return this.expList;","lastModifiedDate":"2021-10-07"},{"lineNumber":18,"author":{"gitId":"YangShuogeng"},"content":"    }","lastModifiedDate":"2021-10-07"},{"lineNumber":19,"author":{"gitId":"YangShuogeng"},"content":"}","lastModifiedDate":"2021-10-07"}],"authorContributionMap":{"YangShuogeng":19}},{"path":"src/main/java/expense/Expense.java","fileType":"functional-code","lines":[{"lineNumber":1,"author":{"gitId":"YangShuogeng"},"content":"package expense;","lastModifiedDate":"2021-10-13"},{"lineNumber":2,"author":{"gitId":"YangShuogeng"},"content":"","lastModifiedDate":"2021-10-07"},{"lineNumber":3,"author":{"gitId":"YangShuogeng"},"content":"import java.util.Date;","lastModifiedDate":"2021-10-07"},{"lineNumber":4,"author":{"gitId":"YangShuogeng"},"content":"","lastModifiedDate":"2021-10-07"},{"lineNumber":5,"author":{"gitId":"YangShuogeng"},"content":"public class Expense {","lastModifiedDate":"2021-10-07"},{"lineNumber":6,"author":{"gitId":"YangShuogeng"},"content":"    int amount;","lastModifiedDate":"2021-10-07"},{"lineNumber":7,"author":{"gitId":"YangShuogeng"},"content":"    Date date;","lastModifiedDate":"2021-10-07"},{"lineNumber":8,"author":{"gitId":"YangShuogeng"},"content":"    String description;","lastModifiedDate":"2021-10-07"},{"lineNumber":9,"author":{"gitId":"YangShuogeng"},"content":"","lastModifiedDate":"2021-10-07"},{"lineNumber":10,"author":{"gitId":"YangShuogeng"},"content":"    Expense(int amount, Date date, String description) {","lastModifiedDate":"2021-10-07"},{"lineNumber":11,"author":{"gitId":"YangShuogeng"},"content":"        this.amount \u003d amount;","lastModifiedDate":"2021-10-07"},{"lineNumber":12,"author":{"gitId":"YangShuogeng"},"content":"        this.date \u003d date;","lastModifiedDate":"2021-10-07"},{"lineNumber":13,"author":{"gitId":"YangShuogeng"},"content":"        this.description \u003d description;","lastModifiedDate":"2021-10-07"},{"lineNumber":14,"author":{"gitId":"YangShuogeng"},"content":"    }","lastModifiedDate":"2021-10-07"},{"lineNumber":15,"author":{"gitId":"YangShuogeng"},"content":"}","lastModifiedDate":"2021-10-07"}],"authorContributionMap":{"YangShuogeng":15}},{"path":"src/main/java/seedu/duke/Duke.java","fileType":"functional-code","lines":[{"lineNumber":1,"author":{"gitId":"-"},"content":"package seedu.duke;","lastModifiedDate":"2020-05-24"},{"lineNumber":2,"author":{"gitId":"-"},"content":"","lastModifiedDate":"2020-05-24"},{"lineNumber":3,"author":{"gitId":"-"},"content":"public class Duke {","lastModifiedDate":"2019-07-29"},{"lineNumber":4,"author":{"gitId":"zyjarvis"},"content":"    private void run() {","lastModifiedDate":"2021-10-13"},{"lineNumber":5,"author":{"gitId":"zyjarvis"},"content":"        UI.welcome();","lastModifiedDate":"2021-10-13"},{"lineNumber":6,"author":{"gitId":"zyjarvis"},"content":"        boolean isExit \u003d false;","lastModifiedDate":"2021-10-13"},{"lineNumber":7,"author":{"gitId":"zyjarvis"},"content":"        while (!isExit) {","lastModifiedDate":"2021-10-13"},{"lineNumber":8,"author":{"gitId":"zyjarvis"},"content":"            String fullCommand \u003d UI.readCommand();","lastModifiedDate":"2021-10-13"},{"lineNumber":9,"author":{"gitId":"zyjarvis"},"content":"            if (fullCommand.equals(\"exit\")) {","lastModifiedDate":"2021-10-13"},{"lineNumber":10,"author":{"gitId":"zyjarvis"},"content":"                isExit \u003d true;","lastModifiedDate":"2021-10-13"},{"lineNumber":11,"author":{"gitId":"zyjarvis"},"content":"            }","lastModifiedDate":"2021-10-13"},{"lineNumber":12,"author":{"gitId":"zyjarvis"},"content":"        }","lastModifiedDate":"2021-10-13"},{"lineNumber":13,"author":{"gitId":"zyjarvis"},"content":"    }","lastModifiedDate":"2021-10-13"},{"lineNumber":14,"author":{"gitId":"-"},"content":"","lastModifiedDate":"2020-05-24"},{"lineNumber":15,"author":{"gitId":"zyjarvis"},"content":"    public static void main(String[] args) {","lastModifiedDate":"2021-10-13"},{"lineNumber":16,"author":{"gitId":"zyjarvis"},"content":"        new Duke().run();","lastModifiedDate":"2021-10-13"},{"lineNumber":17,"author":{"gitId":"-"},"content":"    }","lastModifiedDate":"2019-07-29"},{"lineNumber":18,"author":{"gitId":"-"},"content":"}","lastModifiedDate":"2019-07-29"}],"authorContributionMap":{"zyjarvis":12,"-":6}},{"path":"src/main/java/seedu/duke/Expense.java","fileType":"functional-code","lines":[{"lineNumber":1,"author":{"gitId":"jr-mojito"},"content":"package seedu.duke;","lastModifiedDate":"2021-10-12"},{"lineNumber":2,"author":{"gitId":"jr-mojito"},"content":"","lastModifiedDate":"2021-10-12"},{"lineNumber":3,"author":{"gitId":"jr-mojito"},"content":"import java.util.Date;","lastModifiedDate":"2021-10-12"},{"lineNumber":4,"author":{"gitId":"jr-mojito"},"content":"","lastModifiedDate":"2021-10-12"},{"lineNumber":5,"author":{"gitId":"jr-mojito"},"content":"public class Expense {","lastModifiedDate":"2021-10-12"},{"lineNumber":6,"author":{"gitId":"jr-mojito"},"content":"","lastModifiedDate":"2021-10-12"},{"lineNumber":7,"author":{"gitId":"jr-mojito"},"content":"    String date;","lastModifiedDate":"2021-10-12"},{"lineNumber":8,"author":{"gitId":"jr-mojito"},"content":"    String type;","lastModifiedDate":"2021-10-12"},{"lineNumber":9,"author":{"gitId":"jr-mojito"},"content":"    Double amount;","lastModifiedDate":"2021-10-12"},{"lineNumber":10,"author":{"gitId":"jr-mojito"},"content":"    String description;","lastModifiedDate":"2021-10-12"},{"lineNumber":11,"author":{"gitId":"jr-mojito"},"content":"","lastModifiedDate":"2021-10-12"},{"lineNumber":12,"author":{"gitId":"jr-mojito"},"content":"    public Expense(String date, String type, Double amount, String description) {","lastModifiedDate":"2021-10-12"},{"lineNumber":13,"author":{"gitId":"jr-mojito"},"content":"        this.date \u003d date;","lastModifiedDate":"2021-10-12"},{"lineNumber":14,"author":{"gitId":"jr-mojito"},"content":"        this.type \u003d type;","lastModifiedDate":"2021-10-12"},{"lineNumber":15,"author":{"gitId":"jr-mojito"},"content":"        this.amount \u003d amount;","lastModifiedDate":"2021-10-12"},{"lineNumber":16,"author":{"gitId":"jr-mojito"},"content":"        this.description \u003d description;","lastModifiedDate":"2021-10-12"},{"lineNumber":17,"author":{"gitId":"jr-mojito"},"content":"    }","lastModifiedDate":"2021-10-12"},{"lineNumber":18,"author":{"gitId":"jr-mojito"},"content":"","lastModifiedDate":"2021-10-12"},{"lineNumber":19,"author":{"gitId":"jr-mojito"},"content":"    public String getDate() {","lastModifiedDate":"2021-10-12"},{"lineNumber":20,"author":{"gitId":"jr-mojito"},"content":"        return date;","lastModifiedDate":"2021-10-12"},{"lineNumber":21,"author":{"gitId":"jr-mojito"},"content":"    }","lastModifiedDate":"2021-10-12"},{"lineNumber":22,"author":{"gitId":"jr-mojito"},"content":"","lastModifiedDate":"2021-10-12"},{"lineNumber":23,"author":{"gitId":"jr-mojito"},"content":"    public void setDate(String date) {","lastModifiedDate":"2021-10-12"},{"lineNumber":24,"author":{"gitId":"jr-mojito"},"content":"        this.date \u003d date;","lastModifiedDate":"2021-10-12"},{"lineNumber":25,"author":{"gitId":"jr-mojito"},"content":"    }","lastModifiedDate":"2021-10-12"},{"lineNumber":26,"author":{"gitId":"jr-mojito"},"content":"","lastModifiedDate":"2021-10-12"},{"lineNumber":27,"author":{"gitId":"jr-mojito"},"content":"    public String getType() {","lastModifiedDate":"2021-10-12"},{"lineNumber":28,"author":{"gitId":"jr-mojito"},"content":"        return type;","lastModifiedDate":"2021-10-12"},{"lineNumber":29,"author":{"gitId":"jr-mojito"},"content":"    }","lastModifiedDate":"2021-10-12"},{"lineNumber":30,"author":{"gitId":"jr-mojito"},"content":"","lastModifiedDate":"2021-10-12"},{"lineNumber":31,"author":{"gitId":"jr-mojito"},"content":"    public void setType(String type) {","lastModifiedDate":"2021-10-12"},{"lineNumber":32,"author":{"gitId":"jr-mojito"},"content":"        this.type \u003d type;","lastModifiedDate":"2021-10-12"},{"lineNumber":33,"author":{"gitId":"jr-mojito"},"content":"    }","lastModifiedDate":"2021-10-12"},{"lineNumber":34,"author":{"gitId":"jr-mojito"},"content":"","lastModifiedDate":"2021-10-12"},{"lineNumber":35,"author":{"gitId":"jr-mojito"},"content":"    public Double getAmount() {","lastModifiedDate":"2021-10-12"},{"lineNumber":36,"author":{"gitId":"jr-mojito"},"content":"        return amount;","lastModifiedDate":"2021-10-12"},{"lineNumber":37,"author":{"gitId":"jr-mojito"},"content":"    }","lastModifiedDate":"2021-10-12"},{"lineNumber":38,"author":{"gitId":"jr-mojito"},"content":"","lastModifiedDate":"2021-10-12"},{"lineNumber":39,"author":{"gitId":"jr-mojito"},"content":"    public void setAmount(Double amount) {","lastModifiedDate":"2021-10-12"},{"lineNumber":40,"author":{"gitId":"jr-mojito"},"content":"        this.amount \u003d amount;","lastModifiedDate":"2021-10-12"},{"lineNumber":41,"author":{"gitId":"jr-mojito"},"content":"    }","lastModifiedDate":"2021-10-12"},{"lineNumber":42,"author":{"gitId":"jr-mojito"},"content":"","lastModifiedDate":"2021-10-12"},{"lineNumber":43,"author":{"gitId":"jr-mojito"},"content":"    public String getDescription() {","lastModifiedDate":"2021-10-12"},{"lineNumber":44,"author":{"gitId":"jr-mojito"},"content":"        return description;","lastModifiedDate":"2021-10-12"},{"lineNumber":45,"author":{"gitId":"jr-mojito"},"content":"    }","lastModifiedDate":"2021-10-12"},{"lineNumber":46,"author":{"gitId":"jr-mojito"},"content":"","lastModifiedDate":"2021-10-12"},{"lineNumber":47,"author":{"gitId":"jr-mojito"},"content":"    public void setDescription(String description) {","lastModifiedDate":"2021-10-12"},{"lineNumber":48,"author":{"gitId":"jr-mojito"},"content":"        this.description \u003d description;","lastModifiedDate":"2021-10-12"},{"lineNumber":49,"author":{"gitId":"jr-mojito"},"content":"    }","lastModifiedDate":"2021-10-12"},{"lineNumber":50,"author":{"gitId":"jr-mojito"},"content":"","lastModifiedDate":"2021-10-12"},{"lineNumber":51,"author":{"gitId":"jr-mojito"},"content":"    @Override","lastModifiedDate":"2021-10-12"},{"lineNumber":52,"author":{"gitId":"jr-mojito"},"content":"    public String toString() {","lastModifiedDate":"2021-10-12"},{"lineNumber":53,"author":{"gitId":"jr-mojito"},"content":"        return date + \" \" + type + \" \" + description + \" \" + \"$\" + amount;","lastModifiedDate":"2021-10-12"},{"lineNumber":54,"author":{"gitId":"jr-mojito"},"content":"    }","lastModifiedDate":"2021-10-12"},{"lineNumber":55,"author":{"gitId":"jr-mojito"},"content":"}","lastModifiedDate":"2021-10-12"}],"authorContributionMap":{"jr-mojito":55}},{"path":"src/main/java/seedu/duke/UI.java","fileType":"functional-code","lines":[{"lineNumber":1,"author":{"gitId":"zyjarvis"},"content":"package seedu.duke;","lastModifiedDate":"2021-10-13"},{"lineNumber":2,"author":{"gitId":"zyjarvis"},"content":"","lastModifiedDate":"2021-10-13"},{"lineNumber":3,"author":{"gitId":"zyjarvis"},"content":"import java.util.Scanner;","lastModifiedDate":"2021-10-13"},{"lineNumber":4,"author":{"gitId":"zyjarvis"},"content":"","lastModifiedDate":"2021-10-13"},{"lineNumber":5,"author":{"gitId":"zyjarvis"},"content":"public class UI {","lastModifiedDate":"2021-10-13"},{"lineNumber":6,"author":{"gitId":"zyjarvis"},"content":"    public static void welcome() {","lastModifiedDate":"2021-10-13"},{"lineNumber":7,"author":{"gitId":"zyjarvis"},"content":"        String logo \u003d \" ____        _        \\n\"","lastModifiedDate":"2021-10-13"},{"lineNumber":8,"author":{"gitId":"zyjarvis"},"content":"                + \"|  _ \\\\ _   _| | _____ \\n\"","lastModifiedDate":"2021-10-13"},{"lineNumber":9,"author":{"gitId":"zyjarvis"},"content":"                + \"| | | | | | | |/ / _ \\\\\\n\"","lastModifiedDate":"2021-10-13"},{"lineNumber":10,"author":{"gitId":"zyjarvis"},"content":"                + \"| |_| | |_| |   \u003c  __/\\n\"","lastModifiedDate":"2021-10-13"},{"lineNumber":11,"author":{"gitId":"zyjarvis"},"content":"                + \"|____/ \\\\__,_|_|\\\\_\\\\___|\\n\";","lastModifiedDate":"2021-10-13"},{"lineNumber":12,"author":{"gitId":"zyjarvis"},"content":"        System.out.println(\"Hello from\\n\" + logo);","lastModifiedDate":"2021-10-13"},{"lineNumber":13,"author":{"gitId":"zyjarvis"},"content":"        System.out.println(\"What can I help you?\");","lastModifiedDate":"2021-10-13"},{"lineNumber":14,"author":{"gitId":"zyjarvis"},"content":"    }","lastModifiedDate":"2021-10-13"},{"lineNumber":15,"author":{"gitId":"zyjarvis"},"content":"","lastModifiedDate":"2021-10-13"},{"lineNumber":16,"author":{"gitId":"zyjarvis"},"content":"    public static String readCommand() {","lastModifiedDate":"2021-10-13"},{"lineNumber":17,"author":{"gitId":"zyjarvis"},"content":"        Scanner in \u003d new Scanner(System.in);","lastModifiedDate":"2021-10-13"},{"lineNumber":18,"author":{"gitId":"zyjarvis"},"content":"        return in.nextLine();","lastModifiedDate":"2021-10-13"},{"lineNumber":19,"author":{"gitId":"zyjarvis"},"content":"    }","lastModifiedDate":"2021-10-13"},{"lineNumber":20,"author":{"gitId":"zyjarvis"},"content":"}","lastModifiedDate":"2021-10-13"}],"authorContributionMap":{"zyjarvis":20}},{"path":"src/main/java/seedu/duke/command/Command.java","fileType":"functional-code","lines":[{"lineNumber":1,"author":{"gitId":"e0373972"},"content":"package seedu.duke.command;","lastModifiedDate":"2021-10-12"},{"lineNumber":2,"author":{"gitId":"e0373972"},"content":"","lastModifiedDate":"2021-10-12"},{"lineNumber":3,"author":{"gitId":"e0373972"},"content":"import java.util.List;","lastModifiedDate":"2021-10-12"},{"lineNumber":4,"author":{"gitId":"e0373972"},"content":"import java.io.IOException;","lastModifiedDate":"2021-10-12"},{"lineNumber":5,"author":{"gitId":"e0373972"},"content":"","lastModifiedDate":"2021-10-12"},{"lineNumber":6,"author":{"gitId":"e0373972"},"content":"public interface Command {","lastModifiedDate":"2021-10-12"},{"lineNumber":7,"author":{"gitId":"e0373972"},"content":"    List\u003cString\u003e run(String[] fullCommand) throws IOException;","lastModifiedDate":"2021-10-12"},{"lineNumber":8,"author":{"gitId":"e0373972"},"content":"","lastModifiedDate":"2021-10-12"},{"lineNumber":9,"author":{"gitId":"e0373972"},"content":"    default boolean isExit() {","lastModifiedDate":"2021-10-12"},{"lineNumber":10,"author":{"gitId":"e0373972"},"content":"        return false;","lastModifiedDate":"2021-10-12"},{"lineNumber":11,"author":{"gitId":"e0373972"},"content":"    }","lastModifiedDate":"2021-10-12"},{"lineNumber":12,"author":{"gitId":"e0373972"},"content":"}","lastModifiedDate":"2021-10-12"}],"authorContributionMap":{"e0373972":12}},{"path":"src/main/java/seedu/duke/command/ListCommand.java","fileType":"functional-code","lines":[{"lineNumber":1,"author":{"gitId":"e0373972"},"content":"package seedu.duke.command;","lastModifiedDate":"2021-10-12"},{"lineNumber":2,"author":{"gitId":"e0373972"},"content":"","lastModifiedDate":"2021-10-12"},{"lineNumber":3,"author":{"gitId":"e0373972"},"content":"import java.util.ArrayList;","lastModifiedDate":"2021-10-12"},{"lineNumber":4,"author":{"gitId":"e0373972"},"content":"import java.util.List;","lastModifiedDate":"2021-10-12"},{"lineNumber":5,"author":{"gitId":"e0373972"},"content":"","lastModifiedDate":"2021-10-13"},{"lineNumber":6,"author":{"gitId":"e0373972"},"content":"import seedu.duke.task.TaskList;","lastModifiedDate":"2021-10-12"},{"lineNumber":7,"author":{"gitId":"e0373972"},"content":"","lastModifiedDate":"2021-10-12"},{"lineNumber":8,"author":{"gitId":"e0373972"},"content":"public class ListCommand implements Command {","lastModifiedDate":"2021-10-12"},{"lineNumber":9,"author":{"gitId":"e0373972"},"content":"    private TaskList tasks;","lastModifiedDate":"2021-10-12"},{"lineNumber":10,"author":{"gitId":"e0373972"},"content":"","lastModifiedDate":"2021-10-12"},{"lineNumber":11,"author":{"gitId":"e0373972"},"content":"    public ListCommand(TaskList tasks) {","lastModifiedDate":"2021-10-12"},{"lineNumber":12,"author":{"gitId":"e0373972"},"content":"        this.tasks \u003d tasks;","lastModifiedDate":"2021-10-12"},{"lineNumber":13,"author":{"gitId":"e0373972"},"content":"    }","lastModifiedDate":"2021-10-12"},{"lineNumber":14,"author":{"gitId":"e0373972"},"content":"","lastModifiedDate":"2021-10-12"},{"lineNumber":15,"author":{"gitId":"e0373972"},"content":"    @Override","lastModifiedDate":"2021-10-12"},{"lineNumber":16,"author":{"gitId":"e0373972"},"content":"    public List\u003cString\u003e run(String[] fullCommand) {","lastModifiedDate":"2021-10-12"},{"lineNumber":17,"author":{"gitId":"e0373972"},"content":"        List\u003cString\u003e messages \u003d new ArrayList\u003c\u003e();","lastModifiedDate":"2021-10-12"},{"lineNumber":18,"author":{"gitId":"e0373972"},"content":"        messages.add(\"Here are the tasks in your list:\");","lastModifiedDate":"2021-10-12"},{"lineNumber":19,"author":{"gitId":"e0373972"},"content":"        for (int i \u003d 0; i \u003c tasks.size(); i++) {","lastModifiedDate":"2021-10-12"},{"lineNumber":20,"author":{"gitId":"e0373972"},"content":"            messages.add((i + 1) + \".\" + tasks.get(i));","lastModifiedDate":"2021-10-12"},{"lineNumber":21,"author":{"gitId":"e0373972"},"content":"        }","lastModifiedDate":"2021-10-12"},{"lineNumber":22,"author":{"gitId":"e0373972"},"content":"        return messages;","lastModifiedDate":"2021-10-12"},{"lineNumber":23,"author":{"gitId":"e0373972"},"content":"    }","lastModifiedDate":"2021-10-12"},{"lineNumber":24,"author":{"gitId":"e0373972"},"content":"}","lastModifiedDate":"2021-10-12"}],"authorContributionMap":{"e0373972":24}},{"path":"src/main/java/seedu/duke/task/Task.java","fileType":"functional-code","lines":[{"lineNumber":1,"author":{"gitId":"e0373972"},"content":"package seedu.duke.task;","lastModifiedDate":"2021-10-12"},{"lineNumber":2,"author":{"gitId":"e0373972"},"content":"","lastModifiedDate":"2021-10-12"},{"lineNumber":3,"author":{"gitId":"e0373972"},"content":"import seedu.duke.task.TaskList;","lastModifiedDate":"2021-10-12"},{"lineNumber":4,"author":{"gitId":"e0373972"},"content":"","lastModifiedDate":"2021-10-13"},{"lineNumber":5,"author":{"gitId":"e0373972"},"content":"import java.util.ArrayList;","lastModifiedDate":"2021-10-12"},{"lineNumber":6,"author":{"gitId":"e0373972"},"content":"import java.util.List;","lastModifiedDate":"2021-10-12"},{"lineNumber":7,"author":{"gitId":"e0373972"},"content":"","lastModifiedDate":"2021-10-12"},{"lineNumber":8,"author":{"gitId":"e0373972"},"content":"public class Task {","lastModifiedDate":"2021-10-12"},{"lineNumber":9,"author":{"gitId":"e0373972"},"content":"    protected String description;","lastModifiedDate":"2021-10-12"},{"lineNumber":10,"author":{"gitId":"e0373972"},"content":"    protected boolean isDone;","lastModifiedDate":"2021-10-13"},{"lineNumber":11,"author":{"gitId":"e0373972"},"content":"","lastModifiedDate":"2021-10-12"},{"lineNumber":12,"author":{"gitId":"e0373972"},"content":"    public Task(String description) {","lastModifiedDate":"2021-10-12"},{"lineNumber":13,"author":{"gitId":"e0373972"},"content":"        this.description \u003d description;","lastModifiedDate":"2021-10-12"},{"lineNumber":14,"author":{"gitId":"e0373972"},"content":"        this.isDone \u003d false;","lastModifiedDate":"2021-10-13"},{"lineNumber":15,"author":{"gitId":"e0373972"},"content":"    }","lastModifiedDate":"2021-10-12"},{"lineNumber":16,"author":{"gitId":"e0373972"},"content":"","lastModifiedDate":"2021-10-12"},{"lineNumber":17,"author":{"gitId":"e0373972"},"content":"    public void markAsDone() {","lastModifiedDate":"2021-10-13"},{"lineNumber":18,"author":{"gitId":"e0373972"},"content":"        isDone \u003d true;","lastModifiedDate":"2021-10-13"},{"lineNumber":19,"author":{"gitId":"e0373972"},"content":"    }","lastModifiedDate":"2021-10-13"},{"lineNumber":20,"author":{"gitId":"e0373972"},"content":"","lastModifiedDate":"2021-10-12"},{"lineNumber":21,"author":{"gitId":"e0373972"},"content":"    public List\u003cString\u003e getList() {","lastModifiedDate":"2021-10-13"},{"lineNumber":22,"author":{"gitId":"e0373972"},"content":"        return List.of(isDone ? \"1\" : \"0\", description);","lastModifiedDate":"2021-10-13"},{"lineNumber":23,"author":{"gitId":"e0373972"},"content":"    }","lastModifiedDate":"2021-10-13"},{"lineNumber":24,"author":{"gitId":"e0373972"},"content":"}","lastModifiedDate":"2021-10-12"}],"authorContributionMap":{"e0373972":24}},{"path":"src/main/java/seedu/duke/task/TaskList.java","fileType":"functional-code","lines":[{"lineNumber":1,"author":{"gitId":"e0373972"},"content":"package seedu.duke.task;","lastModifiedDate":"2021-10-12"},{"lineNumber":2,"author":{"gitId":"e0373972"},"content":"","lastModifiedDate":"2021-10-12"},{"lineNumber":3,"author":{"gitId":"e0373972"},"content":"import java.util.ArrayList;","lastModifiedDate":"2021-10-12"},{"lineNumber":4,"author":{"gitId":"e0373972"},"content":"import java.util.List;","lastModifiedDate":"2021-10-12"},{"lineNumber":5,"author":{"gitId":"e0373972"},"content":"import java.util.StringJoiner;","lastModifiedDate":"2021-10-12"},{"lineNumber":6,"author":{"gitId":"e0373972"},"content":"","lastModifiedDate":"2021-10-12"},{"lineNumber":7,"author":{"gitId":"e0373972"},"content":"public class TaskList {","lastModifiedDate":"2021-10-12"},{"lineNumber":8,"author":{"gitId":"e0373972"},"content":"    private List\u003cTask\u003e tasks \u003d new ArrayList\u003c\u003e();","lastModifiedDate":"2021-10-12"},{"lineNumber":9,"author":{"gitId":"e0373972"},"content":"","lastModifiedDate":"2021-10-12"},{"lineNumber":10,"author":{"gitId":"e0373972"},"content":"    public TaskList() {","lastModifiedDate":"2021-10-12"},{"lineNumber":11,"author":{"gitId":"e0373972"},"content":"","lastModifiedDate":"2021-10-12"},{"lineNumber":12,"author":{"gitId":"e0373972"},"content":"    }","lastModifiedDate":"2021-10-12"},{"lineNumber":13,"author":{"gitId":"e0373972"},"content":"","lastModifiedDate":"2021-10-12"},{"lineNumber":14,"author":{"gitId":"e0373972"},"content":"    public void add(Task task) {","lastModifiedDate":"2021-10-12"},{"lineNumber":15,"author":{"gitId":"e0373972"},"content":"        tasks.add(task);","lastModifiedDate":"2021-10-12"},{"lineNumber":16,"author":{"gitId":"e0373972"},"content":"    }","lastModifiedDate":"2021-10-12"},{"lineNumber":17,"author":{"gitId":"e0373972"},"content":"","lastModifiedDate":"2021-10-12"},{"lineNumber":18,"author":{"gitId":"e0373972"},"content":"    public Task remove(int index) {","lastModifiedDate":"2021-10-12"},{"lineNumber":19,"author":{"gitId":"e0373972"},"content":"        return tasks.remove(index);","lastModifiedDate":"2021-10-12"},{"lineNumber":20,"author":{"gitId":"e0373972"},"content":"    }","lastModifiedDate":"2021-10-12"},{"lineNumber":21,"author":{"gitId":"e0373972"},"content":"","lastModifiedDate":"2021-10-12"},{"lineNumber":22,"author":{"gitId":"e0373972"},"content":"    public Task get(int index) {","lastModifiedDate":"2021-10-12"},{"lineNumber":23,"author":{"gitId":"e0373972"},"content":"        return tasks.get(index);","lastModifiedDate":"2021-10-12"},{"lineNumber":24,"author":{"gitId":"e0373972"},"content":"    }","lastModifiedDate":"2021-10-12"},{"lineNumber":25,"author":{"gitId":"e0373972"},"content":"","lastModifiedDate":"2021-10-12"},{"lineNumber":26,"author":{"gitId":"e0373972"},"content":"    public int size() {","lastModifiedDate":"2021-10-12"},{"lineNumber":27,"author":{"gitId":"e0373972"},"content":"        return tasks.size();","lastModifiedDate":"2021-10-12"},{"lineNumber":28,"author":{"gitId":"e0373972"},"content":"    }","lastModifiedDate":"2021-10-12"},{"lineNumber":29,"author":{"gitId":"e0373972"},"content":"}","lastModifiedDate":"2021-10-12"}],"authorContributionMap":{"e0373972":29}},{"path":"src/test/java/expense/DeletingTest.java","fileType":"test-code","lines":[{"lineNumber":1,"author":{"gitId":"YangShuogeng"},"content":"package expense;","lastModifiedDate":"2021-10-13"},{"lineNumber":2,"author":{"gitId":"YangShuogeng"},"content":"","lastModifiedDate":"2021-10-12"},{"lineNumber":3,"author":{"gitId":"YangShuogeng"},"content":"import org.junit.jupiter.api.Test;","lastModifiedDate":"2021-10-12"},{"lineNumber":4,"author":{"gitId":"YangShuogeng"},"content":"import static org.junit.jupiter.api.Assertions.assertEquals;","lastModifiedDate":"2021-10-12"},{"lineNumber":5,"author":{"gitId":"YangShuogeng"},"content":"import java.util.ArrayList;","lastModifiedDate":"2021-10-12"},{"lineNumber":6,"author":{"gitId":"YangShuogeng"},"content":"import java.util.Date;","lastModifiedDate":"2021-10-12"},{"lineNumber":7,"author":{"gitId":"YangShuogeng"},"content":"","lastModifiedDate":"2021-10-12"},{"lineNumber":8,"author":{"gitId":"YangShuogeng"},"content":"import static org.junit.jupiter.api.Assertions.assertTrue;","lastModifiedDate":"2021-10-12"},{"lineNumber":9,"author":{"gitId":"YangShuogeng"},"content":"","lastModifiedDate":"2021-10-12"},{"lineNumber":10,"author":{"gitId":"YangShuogeng"},"content":"class DeletingTest {","lastModifiedDate":"2021-10-12"},{"lineNumber":11,"author":{"gitId":"YangShuogeng"},"content":"    @Test","lastModifiedDate":"2021-10-12"},{"lineNumber":12,"author":{"gitId":"YangShuogeng"},"content":"    void deleteExp() {","lastModifiedDate":"2021-10-12"},{"lineNumber":13,"author":{"gitId":"YangShuogeng"},"content":"        ArrayList\u003cExpense\u003e testList \u003d new ArrayList\u003cExpense\u003e();","lastModifiedDate":"2021-10-12"},{"lineNumber":14,"author":{"gitId":"YangShuogeng"},"content":"        ArrayList\u003cExpense\u003e expectedList \u003d new ArrayList\u003cExpense\u003e();","lastModifiedDate":"2021-10-12"},{"lineNumber":15,"author":{"gitId":"YangShuogeng"},"content":"","lastModifiedDate":"2021-10-12"},{"lineNumber":16,"author":{"gitId":"YangShuogeng"},"content":"        Date d1 \u003d new Date(2021, 05,22);","lastModifiedDate":"2021-10-12"},{"lineNumber":17,"author":{"gitId":"YangShuogeng"},"content":"        Date d2 \u003d new Date(2021, 04, 11);","lastModifiedDate":"2021-10-12"},{"lineNumber":18,"author":{"gitId":"YangShuogeng"},"content":"        Expense testExpense1 \u003d new Expense(88, d1, \"Dinner\");","lastModifiedDate":"2021-10-12"},{"lineNumber":19,"author":{"gitId":"YangShuogeng"},"content":"        Expense testExpense2 \u003d new Expense(11, d2,\"Lunch\");","lastModifiedDate":"2021-10-12"},{"lineNumber":20,"author":{"gitId":"YangShuogeng"},"content":"","lastModifiedDate":"2021-10-12"},{"lineNumber":21,"author":{"gitId":"YangShuogeng"},"content":"        testList.add(testExpense1);","lastModifiedDate":"2021-10-12"},{"lineNumber":22,"author":{"gitId":"YangShuogeng"},"content":"        testList.add(testExpense2);","lastModifiedDate":"2021-10-12"},{"lineNumber":23,"author":{"gitId":"YangShuogeng"},"content":"","lastModifiedDate":"2021-10-12"},{"lineNumber":24,"author":{"gitId":"YangShuogeng"},"content":"        expectedList.add(testExpense2);","lastModifiedDate":"2021-10-12"},{"lineNumber":25,"author":{"gitId":"YangShuogeng"},"content":"","lastModifiedDate":"2021-10-12"},{"lineNumber":26,"author":{"gitId":"YangShuogeng"},"content":"        Deleting testerList \u003d new Deleting(testList);","lastModifiedDate":"2021-10-12"},{"lineNumber":27,"author":{"gitId":"YangShuogeng"},"content":"","lastModifiedDate":"2021-10-12"},{"lineNumber":28,"author":{"gitId":"YangShuogeng"},"content":"        assertEquals(expectedList, testerList.deleteExpense(0));","lastModifiedDate":"2021-10-12"},{"lineNumber":29,"author":{"gitId":"YangShuogeng"},"content":"    }","lastModifiedDate":"2021-10-12"},{"lineNumber":30,"author":{"gitId":"YangShuogeng"},"content":"}","lastModifiedDate":"2021-10-12"}],"authorContributionMap":{"YangShuogeng":30}},{"path":"src/test/java/seedu/duke/DukeTest.java","fileType":"test-code","lines":[{"lineNumber":1,"author":{"gitId":"-"},"content":"package seedu.duke;","lastModifiedDate":"2021-10-12"},{"lineNumber":2,"author":{"gitId":"-"},"content":"","lastModifiedDate":"2021-10-12"},{"lineNumber":3,"author":{"gitId":"jr-mojito"},"content":"import static org.junit.jupiter.api.Assertions.assertEquals;","lastModifiedDate":"2021-10-12"},{"lineNumber":4,"author":{"gitId":"-"},"content":"","lastModifiedDate":"2021-10-12"},{"lineNumber":5,"author":{"gitId":"-"},"content":"import org.junit.jupiter.api.Test;","lastModifiedDate":"2021-10-12"},{"lineNumber":6,"author":{"gitId":"-"},"content":"","lastModifiedDate":"2021-10-12"},{"lineNumber":7,"author":{"gitId":"-"},"content":"class DukeTest {","lastModifiedDate":"2021-10-12"},{"lineNumber":8,"author":{"gitId":"jr-mojito"},"content":"","lastModifiedDate":"2021-10-12"},{"lineNumber":9,"author":{"gitId":"-"},"content":"    @Test","lastModifiedDate":"2021-10-12"},{"lineNumber":10,"author":{"gitId":"-"},"content":"    public void sampleTest() {","lastModifiedDate":"2021-10-12"},{"lineNumber":11,"author":{"gitId":"jr-mojito"},"content":"        Expense expense \u003d new Expense(\"1/10/2021\",\"Meal\", 10.0,\"Lunch\");","lastModifiedDate":"2021-10-12"},{"lineNumber":12,"author":{"gitId":"jr-mojito"},"content":"        assertEquals(\"1/10/2021 Meal Lunch $10.0\", expense.toString());","lastModifiedDate":"2021-10-12"},{"lineNumber":13,"author":{"gitId":"-"},"content":"    }","lastModifiedDate":"2021-10-12"},{"lineNumber":14,"author":{"gitId":"jr-mojito"},"content":"}","lastModifiedDate":"2021-10-12"}],"authorContributionMap":{"jr-mojito":5,"-":9}},{"path":"src/test/java/seedu/duke/task/TaskTest.java","fileType":"test-code","lines":[{"lineNumber":1,"author":{"gitId":"e0373972"},"content":"package seedu.duke.task;","lastModifiedDate":"2021-10-13"},{"lineNumber":2,"author":{"gitId":"e0373972"},"content":"","lastModifiedDate":"2021-10-13"},{"lineNumber":3,"author":{"gitId":"e0373972"},"content":"import org.junit.jupiter.api.Test;","lastModifiedDate":"2021-10-13"},{"lineNumber":4,"author":{"gitId":"e0373972"},"content":"","lastModifiedDate":"2021-10-13"},{"lineNumber":5,"author":{"gitId":"e0373972"},"content":"import java.util.List;","lastModifiedDate":"2021-10-13"},{"lineNumber":6,"author":{"gitId":"e0373972"},"content":"","lastModifiedDate":"2021-10-13"},{"lineNumber":7,"author":{"gitId":"e0373972"},"content":"import static org.junit.jupiter.api.Assertions.assertEquals;","lastModifiedDate":"2021-10-13"},{"lineNumber":8,"author":{"gitId":"e0373972"},"content":"","lastModifiedDate":"2021-10-13"},{"lineNumber":9,"author":{"gitId":"e0373972"},"content":"class TaskTest {","lastModifiedDate":"2021-10-13"},{"lineNumber":10,"author":{"gitId":"e0373972"},"content":"    Task task \u003d new Task(\"buy hand phone casing\");","lastModifiedDate":"2021-10-13"},{"lineNumber":11,"author":{"gitId":"e0373972"},"content":"","lastModifiedDate":"2021-10-13"},{"lineNumber":12,"author":{"gitId":"e0373972"},"content":"    @Test","lastModifiedDate":"2021-10-13"},{"lineNumber":13,"author":{"gitId":"e0373972"},"content":"    void getListComplete() {","lastModifiedDate":"2021-10-13"},{"lineNumber":14,"author":{"gitId":"e0373972"},"content":"        task.markAsDone();","lastModifiedDate":"2021-10-13"},{"lineNumber":15,"author":{"gitId":"e0373972"},"content":"        assertEquals(List.of(\"1\", \"buy hand phone casing\"), task.getList());","lastModifiedDate":"2021-10-13"},{"lineNumber":16,"author":{"gitId":"e0373972"},"content":"    }","lastModifiedDate":"2021-10-13"},{"lineNumber":17,"author":{"gitId":"e0373972"},"content":"}","lastModifiedDate":"2021-10-13"}],"authorContributionMap":{"e0373972":17}}]
