[{"path":"docs/AboutUs.md","fileType":"docs","lines":[{"lineNumber":1,"author":{"gitId":"-"},"content":"# About us","lastModifiedDate":"2020-05-24"},{"lineNumber":2,"author":{"gitId":"-"},"content":"","lastModifiedDate":"2020-05-24"},{"lineNumber":3,"author":{"gitId":"-"},"content":"Display | Name | Github Profile | Portfolio ","lastModifiedDate":"2020-05-24"},{"lineNumber":4,"author":{"gitId":"-"},"content":"--------|:----:|:--------------:|:---------:","lastModifiedDate":"2020-05-24"},{"lineNumber":5,"author":{"gitId":"YangShuogeng"},"content":"![](https://via.placeholder.com/100.png?text\u003dPhoto) | Yang Shuogeng | [Github](https://github.com/) | [Portfolio](docs/team/johndoe.md)","lastModifiedDate":"2021-09-23"},{"lineNumber":6,"author":{"gitId":"e0373972"},"content":"![](https://via.placeholder.com/100.png?text\u003dPhoto) | Wang Wenwei | [Github](https://github.com/) | [Portfolio](docs/team/johndoe.md)","lastModifiedDate":"2021-09-23"},{"lineNumber":7,"author":{"gitId":"jr-mojito"},"content":"![](https://via.placeholder.com/100.png?text\u003dPhoto) | Lim Chun Yong  | [Github](https://github.com/) | [Portfolio](docs/team/johndoe.md)","lastModifiedDate":"2021-09-23"},{"lineNumber":8,"author":{"gitId":"zyjarvis"},"content":"![](https://via.placeholder.com/100.png?text\u003dPhoto) | Zhang Yun | [Github](https://github.com/) | [Portfolio](docs/team/johndoe.md)","lastModifiedDate":"2021-09-23"},{"lineNumber":9,"author":{"gitId":"YangShuogeng"},"content":"![](https://via.placeholder.com/100.png?text\u003dPhoto) |  | [Github](https://github.com/) | [Portfolio](docs/team/johndoe.md)","lastModifiedDate":"2021-09-23"}],"authorContributionMap":{"jr-mojito":1,"e0373972":1,"zyjarvis":1,"-":4,"YangShuogeng":2}},{"path":"docs/team/chunyong.md","fileType":"docs","lines":[{"lineNumber":1,"author":{"gitId":"jr-mojito"},"content":"##test","lastModifiedDate":"2021-09-22"}],"authorContributionMap":{"jr-mojito":1}},{"path":"docs/team/wenweiWang.md","fileType":"docs","lines":[{"lineNumber":1,"author":{"gitId":"e0373972"},"content":"Wang Wenwei","lastModifiedDate":"2021-09-22"}],"authorContributionMap":{"e0373972":1}},{"path":"docs/team/yangshuogeng.md","fileType":"docs","lines":[{"lineNumber":1,"author":{"gitId":"YangShuogeng"},"content":"# Yang Shuogeng - Project Portfolio Page","lastModifiedDate":"2021-09-22"},{"lineNumber":2,"author":{"gitId":"YangShuogeng"},"content":"","lastModifiedDate":"2021-09-22"},{"lineNumber":3,"author":{"gitId":"YangShuogeng"},"content":"## Overview","lastModifiedDate":"2021-09-22"},{"lineNumber":4,"author":{"gitId":"YangShuogeng"},"content":"","lastModifiedDate":"2021-09-22"},{"lineNumber":5,"author":{"gitId":"YangShuogeng"},"content":"","lastModifiedDate":"2021-09-22"},{"lineNumber":6,"author":{"gitId":"YangShuogeng"},"content":"","lastModifiedDate":"2021-09-22"},{"lineNumber":7,"author":{"gitId":"YangShuogeng"},"content":"### Summary of Contributions","lastModifiedDate":"2021-09-22"}],"authorContributionMap":{"YangShuogeng":7}}]
