[{"path":"build.gradle","fileType":"other","lines":[{"lineNumber":1,"author":{"gitId":"-"},"content":"plugins {","lastModifiedDate":"2020-05-25"},{"lineNumber":2,"author":{"gitId":"-"},"content":"    id \u0027java\u0027","lastModifiedDate":"2020-05-25"},{"lineNumber":3,"author":{"gitId":"-"},"content":"    id \u0027application\u0027","lastModifiedDate":"2020-05-25"},{"lineNumber":4,"author":{"gitId":"-"},"content":"    id \u0027checkstyle\u0027","lastModifiedDate":"2020-05-25"},{"lineNumber":5,"author":{"gitId":"-"},"content":"    id \u0027com.github.johnrengelman.shadow\u0027 version \u00275.1.0\u0027","lastModifiedDate":"2020-05-25"},{"lineNumber":6,"author":{"gitId":"-"},"content":"}","lastModifiedDate":"2020-05-25"},{"lineNumber":7,"author":{"gitId":"-"},"content":"","lastModifiedDate":"2020-05-25"},{"lineNumber":8,"author":{"gitId":"-"},"content":"repositories {","lastModifiedDate":"2020-05-25"},{"lineNumber":9,"author":{"gitId":"-"},"content":"    mavenCentral()","lastModifiedDate":"2020-05-25"},{"lineNumber":10,"author":{"gitId":"-"},"content":"}","lastModifiedDate":"2020-05-25"},{"lineNumber":11,"author":{"gitId":"-"},"content":"","lastModifiedDate":"2020-05-25"},{"lineNumber":12,"author":{"gitId":"-"},"content":"dependencies {","lastModifiedDate":"2020-05-25"},{"lineNumber":13,"author":{"gitId":"-"},"content":"    testImplementation group: \u0027org.junit.jupiter\u0027, name: \u0027junit-jupiter-api\u0027, version: \u00275.5.0\u0027","lastModifiedDate":"2020-05-25"},{"lineNumber":14,"author":{"gitId":"-"},"content":"    testRuntimeOnly group: \u0027org.junit.jupiter\u0027, name: \u0027junit-jupiter-engine\u0027, version: \u00275.5.0\u0027","lastModifiedDate":"2020-05-25"},{"lineNumber":15,"author":{"gitId":"-"},"content":"}","lastModifiedDate":"2020-05-25"},{"lineNumber":16,"author":{"gitId":"-"},"content":"","lastModifiedDate":"2020-05-25"},{"lineNumber":17,"author":{"gitId":"-"},"content":"test {","lastModifiedDate":"2020-05-25"},{"lineNumber":18,"author":{"gitId":"-"},"content":"    useJUnitPlatform()","lastModifiedDate":"2020-05-25"},{"lineNumber":19,"author":{"gitId":"-"},"content":"","lastModifiedDate":"2020-05-25"},{"lineNumber":20,"author":{"gitId":"-"},"content":"    testLogging {","lastModifiedDate":"2020-05-25"},{"lineNumber":21,"author":{"gitId":"-"},"content":"        events \"passed\", \"skipped\", \"failed\"","lastModifiedDate":"2020-05-25"},{"lineNumber":22,"author":{"gitId":"-"},"content":"","lastModifiedDate":"2020-05-25"},{"lineNumber":23,"author":{"gitId":"-"},"content":"        showExceptions true","lastModifiedDate":"2020-05-25"},{"lineNumber":24,"author":{"gitId":"-"},"content":"        exceptionFormat \"full\"","lastModifiedDate":"2020-05-25"},{"lineNumber":25,"author":{"gitId":"-"},"content":"        showCauses true","lastModifiedDate":"2020-05-25"},{"lineNumber":26,"author":{"gitId":"-"},"content":"        showStackTraces true","lastModifiedDate":"2020-05-25"},{"lineNumber":27,"author":{"gitId":"-"},"content":"        showStandardStreams \u003d false","lastModifiedDate":"2020-05-25"},{"lineNumber":28,"author":{"gitId":"-"},"content":"    }","lastModifiedDate":"2020-05-25"},{"lineNumber":29,"author":{"gitId":"-"},"content":"}","lastModifiedDate":"2020-05-25"},{"lineNumber":30,"author":{"gitId":"-"},"content":"","lastModifiedDate":"2020-05-25"},{"lineNumber":31,"author":{"gitId":"-"},"content":"application {","lastModifiedDate":"2020-05-25"},{"lineNumber":32,"author":{"gitId":"-"},"content":"    mainClassName \u003d \"seedu.duke.Duke\"","lastModifiedDate":"2020-05-25"},{"lineNumber":33,"author":{"gitId":"-"},"content":"}","lastModifiedDate":"2020-05-25"},{"lineNumber":34,"author":{"gitId":"-"},"content":"","lastModifiedDate":"2020-05-25"},{"lineNumber":35,"author":{"gitId":"-"},"content":"shadowJar {","lastModifiedDate":"2020-05-25"},{"lineNumber":36,"author":{"gitId":"-"},"content":"    archiveBaseName \u003d \"duke\"","lastModifiedDate":"2020-05-25"},{"lineNumber":37,"author":{"gitId":"-"},"content":"    archiveClassifier \u003d null","lastModifiedDate":"2020-05-25"},{"lineNumber":38,"author":{"gitId":"-"},"content":"}","lastModifiedDate":"2020-05-25"},{"lineNumber":39,"author":{"gitId":"-"},"content":"","lastModifiedDate":"2020-05-25"},{"lineNumber":40,"author":{"gitId":"-"},"content":"checkstyle {","lastModifiedDate":"2020-05-25"},{"lineNumber":41,"author":{"gitId":"-"},"content":"    toolVersion \u003d \u00278.23\u0027","lastModifiedDate":"2020-05-25"},{"lineNumber":42,"author":{"gitId":"-"},"content":"}","lastModifiedDate":"2020-05-25"},{"lineNumber":43,"author":{"gitId":"-"},"content":"","lastModifiedDate":"2020-05-25"},{"lineNumber":44,"author":{"gitId":"-"},"content":"run{","lastModifiedDate":"2020-05-25"},{"lineNumber":45,"author":{"gitId":"-"},"content":"    standardInput \u003d System.in","lastModifiedDate":"2020-05-25"},{"lineNumber":46,"author":{"gitId":"jr-mojito"},"content":"    enableAssertions \u003d true","lastModifiedDate":"2021-10-14"},{"lineNumber":47,"author":{"gitId":"-"},"content":"}","lastModifiedDate":"2020-05-25"}],"authorContributionMap":{"jr-mojito":1,"-":46}},{"path":"docs/AboutUs.md","fileType":"docs","lines":[{"lineNumber":1,"author":{"gitId":"-"},"content":"# About us","lastModifiedDate":"2020-05-24"},{"lineNumber":2,"author":{"gitId":"-"},"content":"","lastModifiedDate":"2020-05-24"},{"lineNumber":3,"author":{"gitId":"-"},"content":"Display | Name | Github Profile | Portfolio ","lastModifiedDate":"2020-05-24"},{"lineNumber":4,"author":{"gitId":"-"},"content":"--------|:----:|:--------------:|:---------:","lastModifiedDate":"2020-05-24"},{"lineNumber":5,"author":{"gitId":"YangShuogeng"},"content":"![](https://via.placeholder.com/100.png?text\u003dPhoto) | Yang Shuogeng | [Github](https://github.com/) | [Portfolio](docs/team/johndoe.md)","lastModifiedDate":"2021-09-23"},{"lineNumber":6,"author":{"gitId":"e0373972"},"content":"![](https://via.placeholder.com/100.png?text\u003dPhoto) | Wang Wenwei | [Github](https://github.com/) | [Portfolio](docs/team/johndoe.md)","lastModifiedDate":"2021-09-23"},{"lineNumber":7,"author":{"gitId":"jr-mojito"},"content":"![](https://via.placeholder.com/100.png?text\u003dPhoto) | Lim Chun Yong  | [Github](https://github.com/) | [Portfolio](docs/team/johndoe.md)","lastModifiedDate":"2021-09-23"},{"lineNumber":8,"author":{"gitId":"zyjarvis"},"content":"![](https://via.placeholder.com/100.png?text\u003dPhoto) | Zhang Yun | [Github](https://github.com/) | [Portfolio](docs/team/johndoe.md)","lastModifiedDate":"2021-09-23"},{"lineNumber":9,"author":{"gitId":"YangShuogeng"},"content":"![](https://via.placeholder.com/100.png?text\u003dPhoto) |  | [Github](https://github.com/) | [Portfolio](docs/team/johndoe.md)","lastModifiedDate":"2021-09-23"}],"authorContributionMap":{"jr-mojito":1,"e0373972":1,"zyjarvis":1,"-":4,"YangShuogeng":2}},{"path":"docs/team/chunyong.md","fileType":"docs","lines":[{"lineNumber":1,"author":{"gitId":"jr-mojito"},"content":"##test","lastModifiedDate":"2021-09-22"}],"authorContributionMap":{"jr-mojito":1}},{"path":"docs/team/wenweiWang.md","fileType":"docs","lines":[{"lineNumber":1,"author":{"gitId":"e0373972"},"content":"Wang Wenwei","lastModifiedDate":"2021-09-22"}],"authorContributionMap":{"e0373972":1}},{"path":"docs/team/yangshuogeng.md","fileType":"docs","lines":[{"lineNumber":1,"author":{"gitId":"YangShuogeng"},"content":"# Yang Shuogeng - Project Portfolio Page","lastModifiedDate":"2021-09-22"},{"lineNumber":2,"author":{"gitId":"YangShuogeng"},"content":"","lastModifiedDate":"2021-09-22"},{"lineNumber":3,"author":{"gitId":"YangShuogeng"},"content":"## Overview","lastModifiedDate":"2021-09-22"},{"lineNumber":4,"author":{"gitId":"YangShuogeng"},"content":"","lastModifiedDate":"2021-09-22"},{"lineNumber":5,"author":{"gitId":"YangShuogeng"},"content":"","lastModifiedDate":"2021-09-22"},{"lineNumber":6,"author":{"gitId":"YangShuogeng"},"content":"","lastModifiedDate":"2021-09-22"},{"lineNumber":7,"author":{"gitId":"YangShuogeng"},"content":"### Summary of Contributions","lastModifiedDate":"2021-09-22"}],"authorContributionMap":{"YangShuogeng":7}},{"path":"gradle/wrapper/gradle-wrapper.properties","fileType":"other","lines":[{"lineNumber":1,"author":{"gitId":"-"},"content":"distributionBase\u003dGRADLE_USER_HOME","lastModifiedDate":"2020-05-25"},{"lineNumber":2,"author":{"gitId":"-"},"content":"distributionPath\u003dwrapper/dists","lastModifiedDate":"2020-05-25"},{"lineNumber":3,"author":{"gitId":"jr-mojito"},"content":"distributionUrl\u003dhttps\\://services.gradle.org/distributions/gradle-6.4.1-bin.zip","lastModifiedDate":"2021-10-14"},{"lineNumber":4,"author":{"gitId":"-"},"content":"zipStoreBase\u003dGRADLE_USER_HOME","lastModifiedDate":"2020-05-25"},{"lineNumber":5,"author":{"gitId":"-"},"content":"zipStorePath\u003dwrapper/dists","lastModifiedDate":"2020-05-25"}],"authorContributionMap":{"jr-mojito":1,"-":4}},{"path":"src/main/java/seedu/duke/Duke.java","fileType":"functional-code","lines":[{"lineNumber":1,"author":{"gitId":"-"},"content":"package seedu.duke;","lastModifiedDate":"2020-05-24"},{"lineNumber":2,"author":{"gitId":"-"},"content":"","lastModifiedDate":"2020-05-24"},{"lineNumber":3,"author":{"gitId":"zyjarvis"},"content":"import seedu.duke.expense.Expense;","lastModifiedDate":"2021-10-14"},{"lineNumber":4,"author":{"gitId":"zyjarvis"},"content":"","lastModifiedDate":"2021-10-14"},{"lineNumber":5,"author":{"gitId":"zyjarvis"},"content":"import java.util.ArrayList;","lastModifiedDate":"2021-10-14"},{"lineNumber":6,"author":{"gitId":"YangShuogeng"},"content":"import java.util.logging.Logger;","lastModifiedDate":"2021-10-15"},{"lineNumber":7,"author":{"gitId":"YangShuogeng"},"content":"import java.util.logging.Level;","lastModifiedDate":"2021-10-15"},{"lineNumber":8,"author":{"gitId":"-"},"content":"","lastModifiedDate":"2021-10-14"},{"lineNumber":9,"author":{"gitId":"-"},"content":"public class Duke {","lastModifiedDate":"2019-07-29"},{"lineNumber":10,"author":{"gitId":"zyjarvis"},"content":"    private ExpenseList expenseList;","lastModifiedDate":"2021-10-14"},{"lineNumber":11,"author":{"gitId":"jr-mojito"},"content":"    private static Logger logger \u003d Logger.getLogger(\"Foo\");","lastModifiedDate":"2021-10-14"},{"lineNumber":12,"author":{"gitId":"jr-mojito"},"content":"","lastModifiedDate":"2021-10-14"},{"lineNumber":13,"author":{"gitId":"zyjarvis"},"content":"","lastModifiedDate":"2021-10-14"},{"lineNumber":14,"author":{"gitId":"zyjarvis"},"content":"    private Duke() {","lastModifiedDate":"2021-10-14"},{"lineNumber":15,"author":{"gitId":"zyjarvis"},"content":"        ArrayList\u003cExpense\u003e expenses \u003d new ArrayList\u003c\u003e();","lastModifiedDate":"2021-10-14"},{"lineNumber":16,"author":{"gitId":"zyjarvis"},"content":"        this.expenseList \u003d new ExpenseList(expenses);","lastModifiedDate":"2021-10-14"},{"lineNumber":17,"author":{"gitId":"zyjarvis"},"content":"    }","lastModifiedDate":"2021-10-14"},{"lineNumber":18,"author":{"gitId":"zyjarvis"},"content":"","lastModifiedDate":"2021-10-14"},{"lineNumber":19,"author":{"gitId":"zyjarvis"},"content":"    private void run() {","lastModifiedDate":"2021-10-13"},{"lineNumber":20,"author":{"gitId":"zyjarvis"},"content":"        UI.welcome();","lastModifiedDate":"2021-10-13"},{"lineNumber":21,"author":{"gitId":"jr-mojito"},"content":"        // log a message at INFO level","lastModifiedDate":"2021-10-14"},{"lineNumber":22,"author":{"gitId":"jr-mojito"},"content":"        logger.log(Level.INFO, \"Duke start processing\");","lastModifiedDate":"2021-10-14"},{"lineNumber":23,"author":{"gitId":"zyjarvis"},"content":"        boolean isExit \u003d false;","lastModifiedDate":"2021-10-13"},{"lineNumber":24,"author":{"gitId":"zyjarvis"},"content":"        while (!isExit) {","lastModifiedDate":"2021-10-13"},{"lineNumber":25,"author":{"gitId":"zyjarvis"},"content":"            try {","lastModifiedDate":"2021-10-14"},{"lineNumber":26,"author":{"gitId":"zyjarvis"},"content":"                logger.log(Level.INFO, \"New input to execute\");","lastModifiedDate":"2021-10-14"},{"lineNumber":27,"author":{"gitId":"zyjarvis"},"content":"                String fullCommand \u003d UI.readCommand();","lastModifiedDate":"2021-10-13"},{"lineNumber":28,"author":{"gitId":"zyjarvis"},"content":"                Execution execution \u003d new Execution(fullCommand);","lastModifiedDate":"2021-10-14"},{"lineNumber":29,"author":{"gitId":"zyjarvis"},"content":"                execution.execute(expenseList);","lastModifiedDate":"2021-10-14"},{"lineNumber":30,"author":{"gitId":"zyjarvis"},"content":"                isExit \u003d execution.isExit;","lastModifiedDate":"2021-10-14"},{"lineNumber":31,"author":{"gitId":"zyjarvis"},"content":"            } catch (Exception e) {","lastModifiedDate":"2021-10-14"},{"lineNumber":32,"author":{"gitId":"zyjarvis"},"content":"                System.out.println(\"OOPS!!! I\u0027m sorry, but I don\u0027t know what that means :-(\");","lastModifiedDate":"2021-10-14"},{"lineNumber":33,"author":{"gitId":"zyjarvis"},"content":"            }","lastModifiedDate":"2021-10-13"},{"lineNumber":34,"author":{"gitId":"zyjarvis"},"content":"        }","lastModifiedDate":"2021-10-13"},{"lineNumber":35,"author":{"gitId":"zyjarvis"},"content":"    }","lastModifiedDate":"2021-10-13"},{"lineNumber":36,"author":{"gitId":"-"},"content":"","lastModifiedDate":"2020-05-24"},{"lineNumber":37,"author":{"gitId":"zyjarvis"},"content":"    public static void main(String[] args) {","lastModifiedDate":"2021-10-13"},{"lineNumber":38,"author":{"gitId":"zyjarvis"},"content":"        new Duke().run();","lastModifiedDate":"2021-10-13"},{"lineNumber":39,"author":{"gitId":"-"},"content":"    }","lastModifiedDate":"2019-07-29"},{"lineNumber":40,"author":{"gitId":"-"},"content":"}","lastModifiedDate":"2019-07-29"}],"authorContributionMap":{"jr-mojito":4,"zyjarvis":27,"-":7,"YangShuogeng":2}},{"path":"src/main/java/seedu/duke/Execution.java","fileType":"functional-code","lines":[{"lineNumber":1,"author":{"gitId":"zyjarvis"},"content":"package seedu.duke;","lastModifiedDate":"2021-10-14"},{"lineNumber":2,"author":{"gitId":"zyjarvis"},"content":"","lastModifiedDate":"2021-10-14"},{"lineNumber":3,"author":{"gitId":"zyjarvis"},"content":"import seedu.duke.command.AddExpenseCommand;","lastModifiedDate":"2021-10-14"},{"lineNumber":4,"author":{"gitId":"zyjarvis"},"content":"import seedu.duke.command.DeleteCommand;","lastModifiedDate":"2021-10-14"},{"lineNumber":5,"author":{"gitId":"zyjarvis"},"content":"import seedu.duke.command.ExitCommand;","lastModifiedDate":"2021-10-14"},{"lineNumber":6,"author":{"gitId":"zyjarvis"},"content":"import seedu.duke.command.ListCommand;","lastModifiedDate":"2021-10-14"},{"lineNumber":7,"author":{"gitId":"zyjarvis"},"content":"","lastModifiedDate":"2021-10-14"},{"lineNumber":8,"author":{"gitId":"zyjarvis"},"content":"public class Execution {","lastModifiedDate":"2021-10-14"},{"lineNumber":9,"author":{"gitId":"zyjarvis"},"content":"    protected String fullCommand;","lastModifiedDate":"2021-10-14"},{"lineNumber":10,"author":{"gitId":"zyjarvis"},"content":"    protected String command;","lastModifiedDate":"2021-10-14"},{"lineNumber":11,"author":{"gitId":"zyjarvis"},"content":"    protected boolean isExit;","lastModifiedDate":"2021-10-14"},{"lineNumber":12,"author":{"gitId":"zyjarvis"},"content":"","lastModifiedDate":"2021-10-14"},{"lineNumber":13,"author":{"gitId":"zyjarvis"},"content":"    public Execution(String fullCommand) {","lastModifiedDate":"2021-10-14"},{"lineNumber":14,"author":{"gitId":"zyjarvis"},"content":"        this.fullCommand \u003d fullCommand;","lastModifiedDate":"2021-10-14"},{"lineNumber":15,"author":{"gitId":"zyjarvis"},"content":"        this.command \u003d Parser.command(fullCommand);","lastModifiedDate":"2021-10-14"},{"lineNumber":16,"author":{"gitId":"zyjarvis"},"content":"        this.isExit \u003d false;","lastModifiedDate":"2021-10-14"},{"lineNumber":17,"author":{"gitId":"zyjarvis"},"content":"    }","lastModifiedDate":"2021-10-14"},{"lineNumber":18,"author":{"gitId":"zyjarvis"},"content":"","lastModifiedDate":"2021-10-14"},{"lineNumber":19,"author":{"gitId":"zyjarvis"},"content":"    public void execute(ExpenseList expenseList) {","lastModifiedDate":"2021-10-14"},{"lineNumber":20,"author":{"gitId":"zyjarvis"},"content":"        switch (command) {","lastModifiedDate":"2021-10-14"},{"lineNumber":21,"author":{"gitId":"zyjarvis"},"content":"        case \"list\":","lastModifiedDate":"2021-10-14"},{"lineNumber":22,"author":{"gitId":"zyjarvis"},"content":"            new ListCommand(fullCommand).run(expenseList);","lastModifiedDate":"2021-10-14"},{"lineNumber":23,"author":{"gitId":"zyjarvis"},"content":"            break;","lastModifiedDate":"2021-10-14"},{"lineNumber":24,"author":{"gitId":"zyjarvis"},"content":"        case \"add\":","lastModifiedDate":"2021-10-14"},{"lineNumber":25,"author":{"gitId":"zyjarvis"},"content":"            new AddExpenseCommand(fullCommand).run(expenseList);","lastModifiedDate":"2021-10-14"},{"lineNumber":26,"author":{"gitId":"zyjarvis"},"content":"            break;","lastModifiedDate":"2021-10-14"},{"lineNumber":27,"author":{"gitId":"zyjarvis"},"content":"        case \"delete\":","lastModifiedDate":"2021-10-14"},{"lineNumber":28,"author":{"gitId":"zyjarvis"},"content":"            new DeleteCommand(fullCommand).run(expenseList);","lastModifiedDate":"2021-10-14"},{"lineNumber":29,"author":{"gitId":"zyjarvis"},"content":"            break;","lastModifiedDate":"2021-10-14"},{"lineNumber":30,"author":{"gitId":"zyjarvis"},"content":"        case \"exit\":","lastModifiedDate":"2021-10-14"},{"lineNumber":31,"author":{"gitId":"zyjarvis"},"content":"            new ExitCommand(fullCommand).run(expenseList);","lastModifiedDate":"2021-10-14"},{"lineNumber":32,"author":{"gitId":"zyjarvis"},"content":"            isExit \u003d true;","lastModifiedDate":"2021-10-14"},{"lineNumber":33,"author":{"gitId":"zyjarvis"},"content":"            break;","lastModifiedDate":"2021-10-14"},{"lineNumber":34,"author":{"gitId":"zyjarvis"},"content":"        default:","lastModifiedDate":"2021-10-14"},{"lineNumber":35,"author":{"gitId":"zyjarvis"},"content":"            System.out.println(\"Please key in valid command!\");","lastModifiedDate":"2021-10-14"},{"lineNumber":36,"author":{"gitId":"zyjarvis"},"content":"        }","lastModifiedDate":"2021-10-14"},{"lineNumber":37,"author":{"gitId":"zyjarvis"},"content":"    }","lastModifiedDate":"2021-10-14"},{"lineNumber":38,"author":{"gitId":"zyjarvis"},"content":"}","lastModifiedDate":"2021-10-14"}],"authorContributionMap":{"zyjarvis":38}},{"path":"src/main/java/seedu/duke/ExpenseList.java","fileType":"functional-code","lines":[{"lineNumber":1,"author":{"gitId":"zyjarvis"},"content":"package seedu.duke;","lastModifiedDate":"2021-10-14"},{"lineNumber":2,"author":{"gitId":"zyjarvis"},"content":"","lastModifiedDate":"2021-10-14"},{"lineNumber":3,"author":{"gitId":"zyjarvis"},"content":"import seedu.duke.expense.Expense;","lastModifiedDate":"2021-10-14"},{"lineNumber":4,"author":{"gitId":"zyjarvis"},"content":"","lastModifiedDate":"2021-10-14"},{"lineNumber":5,"author":{"gitId":"zyjarvis"},"content":"import java.util.ArrayList;","lastModifiedDate":"2021-10-14"},{"lineNumber":6,"author":{"gitId":"zyjarvis"},"content":"","lastModifiedDate":"2021-10-14"},{"lineNumber":7,"author":{"gitId":"zyjarvis"},"content":"public class ExpenseList {","lastModifiedDate":"2021-10-14"},{"lineNumber":8,"author":{"gitId":"zyjarvis"},"content":"    public ArrayList\u003cExpense\u003e expenses;","lastModifiedDate":"2021-10-14"},{"lineNumber":9,"author":{"gitId":"zyjarvis"},"content":"    public int size;","lastModifiedDate":"2021-10-14"},{"lineNumber":10,"author":{"gitId":"zyjarvis"},"content":"","lastModifiedDate":"2021-10-14"},{"lineNumber":11,"author":{"gitId":"zyjarvis"},"content":"    public ExpenseList(ArrayList\u003cExpense\u003e expenses) {","lastModifiedDate":"2021-10-14"},{"lineNumber":12,"author":{"gitId":"zyjarvis"},"content":"        this.expenses \u003d expenses;","lastModifiedDate":"2021-10-14"},{"lineNumber":13,"author":{"gitId":"zyjarvis"},"content":"        this.size \u003d expenses.size();","lastModifiedDate":"2021-10-14"},{"lineNumber":14,"author":{"gitId":"zyjarvis"},"content":"    }","lastModifiedDate":"2021-10-14"},{"lineNumber":15,"author":{"gitId":"zyjarvis"},"content":"","lastModifiedDate":"2021-10-14"},{"lineNumber":16,"author":{"gitId":"zyjarvis"},"content":"    public void addExpense(String date, String description, double amount) {","lastModifiedDate":"2021-10-14"},{"lineNumber":17,"author":{"gitId":"zyjarvis"},"content":"        Expense expense \u003d new Expense(date, description, amount);","lastModifiedDate":"2021-10-14"},{"lineNumber":18,"author":{"gitId":"zyjarvis"},"content":"        expenses.add(expense);","lastModifiedDate":"2021-10-14"},{"lineNumber":19,"author":{"gitId":"zyjarvis"},"content":"        size++;","lastModifiedDate":"2021-10-14"},{"lineNumber":20,"author":{"gitId":"zyjarvis"},"content":"    }","lastModifiedDate":"2021-10-14"},{"lineNumber":21,"author":{"gitId":"zyjarvis"},"content":"","lastModifiedDate":"2021-10-14"},{"lineNumber":22,"author":{"gitId":"zyjarvis"},"content":"    public void delete(int index) {","lastModifiedDate":"2021-10-14"},{"lineNumber":23,"author":{"gitId":"zyjarvis"},"content":"        expenses.remove(index);","lastModifiedDate":"2021-10-14"},{"lineNumber":24,"author":{"gitId":"zyjarvis"},"content":"        size--;","lastModifiedDate":"2021-10-14"},{"lineNumber":25,"author":{"gitId":"zyjarvis"},"content":"    }","lastModifiedDate":"2021-10-14"},{"lineNumber":26,"author":{"gitId":"zyjarvis"},"content":"}","lastModifiedDate":"2021-10-14"}],"authorContributionMap":{"zyjarvis":26}},{"path":"src/main/java/seedu/duke/Parser.java","fileType":"functional-code","lines":[{"lineNumber":1,"author":{"gitId":"zyjarvis"},"content":"package seedu.duke;","lastModifiedDate":"2021-10-14"},{"lineNumber":2,"author":{"gitId":"zyjarvis"},"content":"","lastModifiedDate":"2021-10-14"},{"lineNumber":3,"author":{"gitId":"zyjarvis"},"content":"public class Parser {","lastModifiedDate":"2021-10-14"},{"lineNumber":4,"author":{"gitId":"zyjarvis"},"content":"    public static String command(String fullCommand) {","lastModifiedDate":"2021-10-14"},{"lineNumber":5,"author":{"gitId":"zyjarvis"},"content":"        return fullCommand.split(\" \")[0].toLowerCase();","lastModifiedDate":"2021-10-14"},{"lineNumber":6,"author":{"gitId":"zyjarvis"},"content":"    }","lastModifiedDate":"2021-10-14"},{"lineNumber":7,"author":{"gitId":"zyjarvis"},"content":"","lastModifiedDate":"2021-10-14"},{"lineNumber":8,"author":{"gitId":"zyjarvis"},"content":"    public static int index(String fullCommand) {","lastModifiedDate":"2021-10-14"},{"lineNumber":9,"author":{"gitId":"e0373972"},"content":"        String buffer \u003d fullCommand.split(\" \")[1];","lastModifiedDate":"2021-10-15"},{"lineNumber":10,"author":{"gitId":"e0373972"},"content":"","lastModifiedDate":"2021-10-15"},{"lineNumber":11,"author":{"gitId":"e0373972"},"content":"        assert (!buffer.matches(\"\\\\d+\")) : \"Index must be Integer!\";","lastModifiedDate":"2021-10-15"},{"lineNumber":12,"author":{"gitId":"zyjarvis"},"content":"        return Integer.parseInt(fullCommand.split(\" \")[1]) - 1;","lastModifiedDate":"2021-10-14"},{"lineNumber":13,"author":{"gitId":"zyjarvis"},"content":"    }","lastModifiedDate":"2021-10-14"},{"lineNumber":14,"author":{"gitId":"zyjarvis"},"content":"","lastModifiedDate":"2021-10-14"},{"lineNumber":15,"author":{"gitId":"zyjarvis"},"content":"    public static String description(String fullCommand) {","lastModifiedDate":"2021-10-14"},{"lineNumber":16,"author":{"gitId":"zyjarvis"},"content":"        String[] s1 \u003d fullCommand.split(\" \");","lastModifiedDate":"2021-10-14"},{"lineNumber":17,"author":{"gitId":"zyjarvis"},"content":"        String[] s2 \u003d fullCommand.split(\" /\");","lastModifiedDate":"2021-10-14"},{"lineNumber":18,"author":{"gitId":"zyjarvis"},"content":"        return s2[0].replace(s1[0] + \" \", \"\");","lastModifiedDate":"2021-10-14"},{"lineNumber":19,"author":{"gitId":"zyjarvis"},"content":"    }","lastModifiedDate":"2021-10-14"},{"lineNumber":20,"author":{"gitId":"zyjarvis"},"content":"","lastModifiedDate":"2021-10-14"},{"lineNumber":21,"author":{"gitId":"zyjarvis"},"content":"    public static String date(String fullCommand) {","lastModifiedDate":"2021-10-14"},{"lineNumber":22,"author":{"gitId":"zyjarvis"},"content":"        String[] s1 \u003d fullCommand.split(\" /SGD\");","lastModifiedDate":"2021-10-14"},{"lineNumber":23,"author":{"gitId":"zyjarvis"},"content":"        String[] s2 \u003d s1[0].split(\" /\");","lastModifiedDate":"2021-10-14"},{"lineNumber":24,"author":{"gitId":"zyjarvis"},"content":"        return s2[1];","lastModifiedDate":"2021-10-14"},{"lineNumber":25,"author":{"gitId":"zyjarvis"},"content":"    }","lastModifiedDate":"2021-10-14"},{"lineNumber":26,"author":{"gitId":"zyjarvis"},"content":"","lastModifiedDate":"2021-10-14"},{"lineNumber":27,"author":{"gitId":"zyjarvis"},"content":"    public static double amount(String fullCommand) {","lastModifiedDate":"2021-10-14"},{"lineNumber":28,"author":{"gitId":"zyjarvis"},"content":"        return Double.parseDouble(fullCommand.split(\" /SGD\")[1]);","lastModifiedDate":"2021-10-14"},{"lineNumber":29,"author":{"gitId":"zyjarvis"},"content":"    }","lastModifiedDate":"2021-10-14"},{"lineNumber":30,"author":{"gitId":"zyjarvis"},"content":"}","lastModifiedDate":"2021-10-14"}],"authorContributionMap":{"e0373972":3,"zyjarvis":27}},{"path":"src/main/java/seedu/duke/UI.java","fileType":"functional-code","lines":[{"lineNumber":1,"author":{"gitId":"zyjarvis"},"content":"package seedu.duke;","lastModifiedDate":"2021-10-13"},{"lineNumber":2,"author":{"gitId":"zyjarvis"},"content":"","lastModifiedDate":"2021-10-13"},{"lineNumber":3,"author":{"gitId":"zyjarvis"},"content":"import seedu.duke.expense.Expense;","lastModifiedDate":"2021-10-14"},{"lineNumber":4,"author":{"gitId":"zyjarvis"},"content":"","lastModifiedDate":"2021-10-14"},{"lineNumber":5,"author":{"gitId":"zyjarvis"},"content":"import java.util.ArrayList;","lastModifiedDate":"2021-10-14"},{"lineNumber":6,"author":{"gitId":"zyjarvis"},"content":"import java.util.Scanner;","lastModifiedDate":"2021-10-13"},{"lineNumber":7,"author":{"gitId":"zyjarvis"},"content":"","lastModifiedDate":"2021-10-13"},{"lineNumber":8,"author":{"gitId":"zyjarvis"},"content":"public class UI {","lastModifiedDate":"2021-10-13"},{"lineNumber":9,"author":{"gitId":"zyjarvis"},"content":"    public static void welcome() {","lastModifiedDate":"2021-10-13"},{"lineNumber":10,"author":{"gitId":"zyjarvis"},"content":"        String logo \u003d \" ____        _        \\n\"","lastModifiedDate":"2021-10-13"},{"lineNumber":11,"author":{"gitId":"zyjarvis"},"content":"                + \"|  _ \\\\ _   _| | _____ \\n\"","lastModifiedDate":"2021-10-13"},{"lineNumber":12,"author":{"gitId":"zyjarvis"},"content":"                + \"| | | | | | | |/ / _ \\\\\\n\"","lastModifiedDate":"2021-10-13"},{"lineNumber":13,"author":{"gitId":"zyjarvis"},"content":"                + \"| |_| | |_| |   \u003c  __/\\n\"","lastModifiedDate":"2021-10-13"},{"lineNumber":14,"author":{"gitId":"zyjarvis"},"content":"                + \"|____/ \\\\__,_|_|\\\\_\\\\___|\\n\";","lastModifiedDate":"2021-10-13"},{"lineNumber":15,"author":{"gitId":"zyjarvis"},"content":"        System.out.println(\"Hello from\\n\" + logo);","lastModifiedDate":"2021-10-13"},{"lineNumber":16,"author":{"gitId":"zyjarvis"},"content":"        System.out.println(\"What can I help you?\");","lastModifiedDate":"2021-10-13"},{"lineNumber":17,"author":{"gitId":"zyjarvis"},"content":"    }","lastModifiedDate":"2021-10-13"},{"lineNumber":18,"author":{"gitId":"zyjarvis"},"content":"","lastModifiedDate":"2021-10-13"},{"lineNumber":19,"author":{"gitId":"zyjarvis"},"content":"    public static String readCommand() {","lastModifiedDate":"2021-10-13"},{"lineNumber":20,"author":{"gitId":"zyjarvis"},"content":"        Scanner in \u003d new Scanner(System.in);","lastModifiedDate":"2021-10-13"},{"lineNumber":21,"author":{"gitId":"jr-mojito"},"content":"        assert !in.toString().isEmpty() : \"Input is blank\";","lastModifiedDate":"2021-10-14"},{"lineNumber":22,"author":{"gitId":"zyjarvis"},"content":"        return in.nextLine();","lastModifiedDate":"2021-10-13"},{"lineNumber":23,"author":{"gitId":"zyjarvis"},"content":"    }","lastModifiedDate":"2021-10-13"},{"lineNumber":24,"author":{"gitId":"zyjarvis"},"content":"","lastModifiedDate":"2021-10-14"},{"lineNumber":25,"author":{"gitId":"zyjarvis"},"content":"    public static void addMessage(Expense expense, int size) {","lastModifiedDate":"2021-10-14"},{"lineNumber":26,"author":{"gitId":"zyjarvis"},"content":"        System.out.println(\"Got it. I\u0027ve added this expense: \");","lastModifiedDate":"2021-10-14"},{"lineNumber":27,"author":{"gitId":"zyjarvis"},"content":"        System.out.println(\"  \" + expense.toString());","lastModifiedDate":"2021-10-14"},{"lineNumber":28,"author":{"gitId":"zyjarvis"},"content":"        System.out.println(\"Now you have \" + size + \" expenses in the list.\");","lastModifiedDate":"2021-10-14"},{"lineNumber":29,"author":{"gitId":"zyjarvis"},"content":"    }","lastModifiedDate":"2021-10-14"},{"lineNumber":30,"author":{"gitId":"zyjarvis"},"content":"","lastModifiedDate":"2021-10-14"},{"lineNumber":31,"author":{"gitId":"zyjarvis"},"content":"    public static void listMessage(ArrayList\u003cExpense\u003e expenses) {","lastModifiedDate":"2021-10-14"},{"lineNumber":32,"author":{"gitId":"zyjarvis"},"content":"        System.out.println(\"Here are the expenses in your list:\");","lastModifiedDate":"2021-10-14"},{"lineNumber":33,"author":{"gitId":"zyjarvis"},"content":"        for (int i \u003d 0; i \u003c expenses.size(); i++) {","lastModifiedDate":"2021-10-14"},{"lineNumber":34,"author":{"gitId":"zyjarvis"},"content":"            System.out.println(i + 1 + \".\" + expenses.get(i).toString());","lastModifiedDate":"2021-10-14"},{"lineNumber":35,"author":{"gitId":"zyjarvis"},"content":"        }","lastModifiedDate":"2021-10-14"},{"lineNumber":36,"author":{"gitId":"zyjarvis"},"content":"    }","lastModifiedDate":"2021-10-14"},{"lineNumber":37,"author":{"gitId":"zyjarvis"},"content":"","lastModifiedDate":"2021-10-14"},{"lineNumber":38,"author":{"gitId":"zyjarvis"},"content":"    public static void deleteMessage(Expense expense, int size) {","lastModifiedDate":"2021-10-14"},{"lineNumber":39,"author":{"gitId":"zyjarvis"},"content":"        System.out.println(\"Noted. I\u0027ve removed this expense: \");","lastModifiedDate":"2021-10-14"},{"lineNumber":40,"author":{"gitId":"zyjarvis"},"content":"        System.out.println(\"  \"  + expense);","lastModifiedDate":"2021-10-14"},{"lineNumber":41,"author":{"gitId":"zyjarvis"},"content":"        System.out.println(\"Now you have \" + size + \" expenses in the list.\");","lastModifiedDate":"2021-10-14"},{"lineNumber":42,"author":{"gitId":"zyjarvis"},"content":"    }","lastModifiedDate":"2021-10-14"},{"lineNumber":43,"author":{"gitId":"zyjarvis"},"content":"","lastModifiedDate":"2021-10-14"},{"lineNumber":44,"author":{"gitId":"zyjarvis"},"content":"    public static void byeMessage() {","lastModifiedDate":"2021-10-14"},{"lineNumber":45,"author":{"gitId":"zyjarvis"},"content":"        System.out.println(\"Bye. Hope to see you again soon!\");","lastModifiedDate":"2021-10-14"},{"lineNumber":46,"author":{"gitId":"zyjarvis"},"content":"    }","lastModifiedDate":"2021-10-14"},{"lineNumber":47,"author":{"gitId":"zyjarvis"},"content":"}","lastModifiedDate":"2021-10-13"}],"authorContributionMap":{"jr-mojito":1,"zyjarvis":46}},{"path":"src/main/java/seedu/duke/command/AddExpenseCommand.java","fileType":"functional-code","lines":[{"lineNumber":1,"author":{"gitId":"zyjarvis"},"content":"package seedu.duke.command;","lastModifiedDate":"2021-10-14"},{"lineNumber":2,"author":{"gitId":"zyjarvis"},"content":"","lastModifiedDate":"2021-10-14"},{"lineNumber":3,"author":{"gitId":"zyjarvis"},"content":"import seedu.duke.ExpenseList;","lastModifiedDate":"2021-10-14"},{"lineNumber":4,"author":{"gitId":"zyjarvis"},"content":"import seedu.duke.Parser;","lastModifiedDate":"2021-10-14"},{"lineNumber":5,"author":{"gitId":"zyjarvis"},"content":"import seedu.duke.UI;","lastModifiedDate":"2021-10-14"},{"lineNumber":6,"author":{"gitId":"zyjarvis"},"content":"","lastModifiedDate":"2021-10-14"},{"lineNumber":7,"author":{"gitId":"zyjarvis"},"content":"public class AddExpenseCommand extends Command {","lastModifiedDate":"2021-10-14"},{"lineNumber":8,"author":{"gitId":"zyjarvis"},"content":"    public AddExpenseCommand(String fullCommand) {","lastModifiedDate":"2021-10-14"},{"lineNumber":9,"author":{"gitId":"zyjarvis"},"content":"        super(fullCommand);","lastModifiedDate":"2021-10-14"},{"lineNumber":10,"author":{"gitId":"zyjarvis"},"content":"    }","lastModifiedDate":"2021-10-14"},{"lineNumber":11,"author":{"gitId":"zyjarvis"},"content":"","lastModifiedDate":"2021-10-14"},{"lineNumber":12,"author":{"gitId":"zyjarvis"},"content":"    public void run(ExpenseList expenseList) {","lastModifiedDate":"2021-10-14"},{"lineNumber":13,"author":{"gitId":"zyjarvis"},"content":"        String date \u003d Parser.date(fullCommand);","lastModifiedDate":"2021-10-14"},{"lineNumber":14,"author":{"gitId":"zyjarvis"},"content":"        String description \u003d Parser.description(fullCommand);","lastModifiedDate":"2021-10-14"},{"lineNumber":15,"author":{"gitId":"zyjarvis"},"content":"        double amount \u003d Parser.amount(fullCommand);","lastModifiedDate":"2021-10-14"},{"lineNumber":16,"author":{"gitId":"zyjarvis"},"content":"        expenseList.addExpense(date, description, amount);","lastModifiedDate":"2021-10-14"},{"lineNumber":17,"author":{"gitId":"zyjarvis"},"content":"        int size \u003d expenseList.size;","lastModifiedDate":"2021-10-14"},{"lineNumber":18,"author":{"gitId":"zyjarvis"},"content":"        UI.addMessage(expenseList.expenses.get(size - 1), size);","lastModifiedDate":"2021-10-14"},{"lineNumber":19,"author":{"gitId":"zyjarvis"},"content":"    }","lastModifiedDate":"2021-10-14"},{"lineNumber":20,"author":{"gitId":"zyjarvis"},"content":"}","lastModifiedDate":"2021-10-14"}],"authorContributionMap":{"zyjarvis":20}},{"path":"src/main/java/seedu/duke/command/Command.java","fileType":"functional-code","lines":[{"lineNumber":1,"author":{"gitId":"zyjarvis"},"content":"package seedu.duke.command;","lastModifiedDate":"2021-10-14"},{"lineNumber":2,"author":{"gitId":"zyjarvis"},"content":"","lastModifiedDate":"2021-10-14"},{"lineNumber":3,"author":{"gitId":"zyjarvis"},"content":"import seedu.duke.ExpenseList;","lastModifiedDate":"2021-10-14"},{"lineNumber":4,"author":{"gitId":"zyjarvis"},"content":"","lastModifiedDate":"2021-10-14"},{"lineNumber":5,"author":{"gitId":"zyjarvis"},"content":"public abstract class Command {","lastModifiedDate":"2021-10-14"},{"lineNumber":6,"author":{"gitId":"zyjarvis"},"content":"    protected String fullCommand;","lastModifiedDate":"2021-10-14"},{"lineNumber":7,"author":{"gitId":"zyjarvis"},"content":"","lastModifiedDate":"2021-10-14"},{"lineNumber":8,"author":{"gitId":"zyjarvis"},"content":"    public Command(String fullCommand) {","lastModifiedDate":"2021-10-14"},{"lineNumber":9,"author":{"gitId":"zyjarvis"},"content":"        this.fullCommand \u003d fullCommand;","lastModifiedDate":"2021-10-14"},{"lineNumber":10,"author":{"gitId":"zyjarvis"},"content":"    }","lastModifiedDate":"2021-10-14"},{"lineNumber":11,"author":{"gitId":"zyjarvis"},"content":"","lastModifiedDate":"2021-10-14"},{"lineNumber":12,"author":{"gitId":"zyjarvis"},"content":"    public abstract void run(ExpenseList expenseList);","lastModifiedDate":"2021-10-14"},{"lineNumber":13,"author":{"gitId":"zyjarvis"},"content":"}","lastModifiedDate":"2021-10-14"}],"authorContributionMap":{"zyjarvis":13}},{"path":"src/main/java/seedu/duke/command/DeleteCommand.java","fileType":"functional-code","lines":[{"lineNumber":1,"author":{"gitId":"zyjarvis"},"content":"package seedu.duke.command;","lastModifiedDate":"2021-10-14"},{"lineNumber":2,"author":{"gitId":"zyjarvis"},"content":"","lastModifiedDate":"2021-10-14"},{"lineNumber":3,"author":{"gitId":"zyjarvis"},"content":"import seedu.duke.ExpenseList;","lastModifiedDate":"2021-10-14"},{"lineNumber":4,"author":{"gitId":"zyjarvis"},"content":"import seedu.duke.Parser;","lastModifiedDate":"2021-10-14"},{"lineNumber":5,"author":{"gitId":"zyjarvis"},"content":"import seedu.duke.UI;","lastModifiedDate":"2021-10-14"},{"lineNumber":6,"author":{"gitId":"zyjarvis"},"content":"import seedu.duke.expense.Expense;","lastModifiedDate":"2021-10-14"},{"lineNumber":7,"author":{"gitId":"YangShuogeng"},"content":"import java.util.logging.Logger;","lastModifiedDate":"2021-10-15"},{"lineNumber":8,"author":{"gitId":"YangShuogeng"},"content":"import java.util.logging.Level;","lastModifiedDate":"2021-10-15"},{"lineNumber":9,"author":{"gitId":"zyjarvis"},"content":"","lastModifiedDate":"2021-10-14"},{"lineNumber":10,"author":{"gitId":"zyjarvis"},"content":"public class DeleteCommand extends Command {","lastModifiedDate":"2021-10-14"},{"lineNumber":11,"author":{"gitId":"zyjarvis"},"content":"    public DeleteCommand(String fullCommand) {","lastModifiedDate":"2021-10-14"},{"lineNumber":12,"author":{"gitId":"YangShuogeng"},"content":"","lastModifiedDate":"2021-10-14"},{"lineNumber":13,"author":{"gitId":"zyjarvis"},"content":"        super(fullCommand);","lastModifiedDate":"2021-10-14"},{"lineNumber":14,"author":{"gitId":"zyjarvis"},"content":"    }","lastModifiedDate":"2021-10-14"},{"lineNumber":15,"author":{"gitId":"zyjarvis"},"content":"","lastModifiedDate":"2021-10-14"},{"lineNumber":16,"author":{"gitId":"YangShuogeng"},"content":"    private static Logger logger \u003d Logger.getLogger(\"YSG\");","lastModifiedDate":"2021-10-14"},{"lineNumber":17,"author":{"gitId":"YangShuogeng"},"content":"","lastModifiedDate":"2021-10-14"},{"lineNumber":18,"author":{"gitId":"zyjarvis"},"content":"    public void run(ExpenseList expenseList) {","lastModifiedDate":"2021-10-14"},{"lineNumber":19,"author":{"gitId":"YangShuogeng"},"content":"        // log a message at INFO level","lastModifiedDate":"2021-10-14"},{"lineNumber":20,"author":{"gitId":"YangShuogeng"},"content":"        logger.log(Level.INFO, \"Duke Expense deleting processing\");","lastModifiedDate":"2021-10-14"},{"lineNumber":21,"author":{"gitId":"YangShuogeng"},"content":"","lastModifiedDate":"2021-10-14"},{"lineNumber":22,"author":{"gitId":"zyjarvis"},"content":"        int index \u003d Parser.index(fullCommand);","lastModifiedDate":"2021-10-14"},{"lineNumber":23,"author":{"gitId":"YangShuogeng"},"content":"        assert (index \u003e\u003d 0) : \"Index number cannot smaller than 0!\";","lastModifiedDate":"2021-10-15"},{"lineNumber":24,"author":{"gitId":"zyjarvis"},"content":"        assert (index \u003c expenseList.size - 1) : \"Invalid index number!\";","lastModifiedDate":"2021-10-14"},{"lineNumber":25,"author":{"gitId":"YangShuogeng"},"content":"","lastModifiedDate":"2021-10-15"},{"lineNumber":26,"author":{"gitId":"zyjarvis"},"content":"        Expense deletedTask \u003d expenseList.expenses.get(index);","lastModifiedDate":"2021-10-14"},{"lineNumber":27,"author":{"gitId":"zyjarvis"},"content":"        expenseList.delete(index);","lastModifiedDate":"2021-10-14"},{"lineNumber":28,"author":{"gitId":"zyjarvis"},"content":"        UI.deleteMessage(deletedTask, expenseList.size);","lastModifiedDate":"2021-10-14"},{"lineNumber":29,"author":{"gitId":"zyjarvis"},"content":"    }","lastModifiedDate":"2021-10-14"},{"lineNumber":30,"author":{"gitId":"zyjarvis"},"content":"}","lastModifiedDate":"2021-10-14"}],"authorContributionMap":{"zyjarvis":20,"YangShuogeng":10}},{"path":"src/main/java/seedu/duke/command/ExitCommand.java","fileType":"functional-code","lines":[{"lineNumber":1,"author":{"gitId":"zyjarvis"},"content":"package seedu.duke.command;","lastModifiedDate":"2021-10-14"},{"lineNumber":2,"author":{"gitId":"zyjarvis"},"content":"","lastModifiedDate":"2021-10-14"},{"lineNumber":3,"author":{"gitId":"zyjarvis"},"content":"import seedu.duke.ExpenseList;","lastModifiedDate":"2021-10-14"},{"lineNumber":4,"author":{"gitId":"zyjarvis"},"content":"import seedu.duke.UI;","lastModifiedDate":"2021-10-14"},{"lineNumber":5,"author":{"gitId":"zyjarvis"},"content":"","lastModifiedDate":"2021-10-14"},{"lineNumber":6,"author":{"gitId":"zyjarvis"},"content":"public class ExitCommand extends Command {","lastModifiedDate":"2021-10-14"},{"lineNumber":7,"author":{"gitId":"zyjarvis"},"content":"    public ExitCommand(String fullCommand) {","lastModifiedDate":"2021-10-14"},{"lineNumber":8,"author":{"gitId":"zyjarvis"},"content":"        super(fullCommand);","lastModifiedDate":"2021-10-14"},{"lineNumber":9,"author":{"gitId":"zyjarvis"},"content":"    }","lastModifiedDate":"2021-10-14"},{"lineNumber":10,"author":{"gitId":"zyjarvis"},"content":"","lastModifiedDate":"2021-10-14"},{"lineNumber":11,"author":{"gitId":"zyjarvis"},"content":"    public void run(ExpenseList expenseList) {","lastModifiedDate":"2021-10-14"},{"lineNumber":12,"author":{"gitId":"zyjarvis"},"content":"        UI.byeMessage();","lastModifiedDate":"2021-10-14"},{"lineNumber":13,"author":{"gitId":"zyjarvis"},"content":"    }","lastModifiedDate":"2021-10-14"},{"lineNumber":14,"author":{"gitId":"zyjarvis"},"content":"}","lastModifiedDate":"2021-10-14"}],"authorContributionMap":{"zyjarvis":14}},{"path":"src/main/java/seedu/duke/command/ListCommand.java","fileType":"functional-code","lines":[{"lineNumber":1,"author":{"gitId":"zyjarvis"},"content":"package seedu.duke.command;","lastModifiedDate":"2021-10-14"},{"lineNumber":2,"author":{"gitId":"zyjarvis"},"content":"","lastModifiedDate":"2021-10-14"},{"lineNumber":3,"author":{"gitId":"zyjarvis"},"content":"import seedu.duke.ExpenseList;","lastModifiedDate":"2021-10-14"},{"lineNumber":4,"author":{"gitId":"zyjarvis"},"content":"import seedu.duke.UI;","lastModifiedDate":"2021-10-14"},{"lineNumber":5,"author":{"gitId":"zyjarvis"},"content":"","lastModifiedDate":"2021-10-14"},{"lineNumber":6,"author":{"gitId":"zyjarvis"},"content":"public class ListCommand extends Command {","lastModifiedDate":"2021-10-14"},{"lineNumber":7,"author":{"gitId":"zyjarvis"},"content":"    public ListCommand(String fullCommand) {","lastModifiedDate":"2021-10-14"},{"lineNumber":8,"author":{"gitId":"zyjarvis"},"content":"        super(fullCommand);","lastModifiedDate":"2021-10-14"},{"lineNumber":9,"author":{"gitId":"zyjarvis"},"content":"    }","lastModifiedDate":"2021-10-14"},{"lineNumber":10,"author":{"gitId":"zyjarvis"},"content":"","lastModifiedDate":"2021-10-14"},{"lineNumber":11,"author":{"gitId":"zyjarvis"},"content":"    public void run(ExpenseList expenseList) {","lastModifiedDate":"2021-10-14"},{"lineNumber":12,"author":{"gitId":"YangShuogeng"},"content":"","lastModifiedDate":"2021-10-15"},{"lineNumber":13,"author":{"gitId":"zyjarvis"},"content":"        UI.listMessage(expenseList.expenses);","lastModifiedDate":"2021-10-14"},{"lineNumber":14,"author":{"gitId":"zyjarvis"},"content":"    }","lastModifiedDate":"2021-10-14"},{"lineNumber":15,"author":{"gitId":"zyjarvis"},"content":"}","lastModifiedDate":"2021-10-14"}],"authorContributionMap":{"zyjarvis":14,"YangShuogeng":1}},{"path":"src/main/java/seedu/duke/expense/Expense.java","fileType":"functional-code","lines":[{"lineNumber":1,"author":{"gitId":"zyjarvis"},"content":"package seedu.duke.expense;","lastModifiedDate":"2021-10-14"},{"lineNumber":2,"author":{"gitId":"zyjarvis"},"content":"","lastModifiedDate":"2021-10-14"},{"lineNumber":3,"author":{"gitId":"zyjarvis"},"content":"public class Expense {","lastModifiedDate":"2021-10-14"},{"lineNumber":4,"author":{"gitId":"zyjarvis"},"content":"    String date;","lastModifiedDate":"2021-10-14"},{"lineNumber":5,"author":{"gitId":"zyjarvis"},"content":"    String description;","lastModifiedDate":"2021-10-14"},{"lineNumber":6,"author":{"gitId":"zyjarvis"},"content":"    double amount;","lastModifiedDate":"2021-10-14"},{"lineNumber":7,"author":{"gitId":"zyjarvis"},"content":"","lastModifiedDate":"2021-10-14"},{"lineNumber":8,"author":{"gitId":"zyjarvis"},"content":"    public Expense(String date, String description, double amount) {","lastModifiedDate":"2021-10-14"},{"lineNumber":9,"author":{"gitId":"zyjarvis"},"content":"        this.date \u003d date;","lastModifiedDate":"2021-10-14"},{"lineNumber":10,"author":{"gitId":"zyjarvis"},"content":"        this.description \u003d description;","lastModifiedDate":"2021-10-14"},{"lineNumber":11,"author":{"gitId":"zyjarvis"},"content":"        this.amount \u003d amount;","lastModifiedDate":"2021-10-14"},{"lineNumber":12,"author":{"gitId":"zyjarvis"},"content":"    }","lastModifiedDate":"2021-10-14"},{"lineNumber":13,"author":{"gitId":"zyjarvis"},"content":"","lastModifiedDate":"2021-10-14"},{"lineNumber":14,"author":{"gitId":"zyjarvis"},"content":"    public String toString() {","lastModifiedDate":"2021-10-14"},{"lineNumber":15,"author":{"gitId":"zyjarvis"},"content":"        return \"[\" + date + \"] \" + description + \" ($\" + amount + \")\";","lastModifiedDate":"2021-10-14"},{"lineNumber":16,"author":{"gitId":"zyjarvis"},"content":"    }","lastModifiedDate":"2021-10-14"},{"lineNumber":17,"author":{"gitId":"zyjarvis"},"content":"}","lastModifiedDate":"2021-10-14"}],"authorContributionMap":{"zyjarvis":17}},{"path":"src/test/java/seedu/duke/ExpenseListTest.java","fileType":"test-code","lines":[{"lineNumber":1,"author":{"gitId":"jr-mojito"},"content":"package seedu.duke;","lastModifiedDate":"2021-10-14"},{"lineNumber":2,"author":{"gitId":"jr-mojito"},"content":"","lastModifiedDate":"2021-10-14"},{"lineNumber":3,"author":{"gitId":"jr-mojito"},"content":"import org.junit.jupiter.api.Test;","lastModifiedDate":"2021-10-14"},{"lineNumber":4,"author":{"gitId":"jr-mojito"},"content":"import seedu.duke.expense.Expense;","lastModifiedDate":"2021-10-14"},{"lineNumber":5,"author":{"gitId":"jr-mojito"},"content":"","lastModifiedDate":"2021-10-14"},{"lineNumber":6,"author":{"gitId":"jr-mojito"},"content":"import static org.junit.jupiter.api.Assertions.assertEquals;","lastModifiedDate":"2021-10-14"},{"lineNumber":7,"author":{"gitId":"jr-mojito"},"content":"","lastModifiedDate":"2021-10-14"},{"lineNumber":8,"author":{"gitId":"jr-mojito"},"content":"class ExpenseListTest {","lastModifiedDate":"2021-10-14"},{"lineNumber":9,"author":{"gitId":"jr-mojito"},"content":"","lastModifiedDate":"2021-10-14"},{"lineNumber":10,"author":{"gitId":"jr-mojito"},"content":"    @Test","lastModifiedDate":"2021-10-14"},{"lineNumber":11,"author":{"gitId":"jr-mojito"},"content":"    public void addExpense() {","lastModifiedDate":"2021-10-14"},{"lineNumber":12,"author":{"gitId":"jr-mojito"},"content":"        assertEquals(\"[Monday] lunch ($12.0)\",new Expense(\"Monday\", \"lunch\", 12.0).toString());","lastModifiedDate":"2021-10-14"},{"lineNumber":13,"author":{"gitId":"jr-mojito"},"content":"    }","lastModifiedDate":"2021-10-14"},{"lineNumber":14,"author":{"gitId":"jr-mojito"},"content":"","lastModifiedDate":"2021-10-14"},{"lineNumber":15,"author":{"gitId":"jr-mojito"},"content":"}","lastModifiedDate":"2021-10-14"}],"authorContributionMap":{"jr-mojito":15}},{"path":"src/test/java/seedu/duke/ParserTest.java","fileType":"test-code","lines":[{"lineNumber":1,"author":{"gitId":"zyjarvis"},"content":"package seedu.duke;","lastModifiedDate":"2021-10-14"},{"lineNumber":2,"author":{"gitId":"zyjarvis"},"content":"","lastModifiedDate":"2021-10-14"},{"lineNumber":3,"author":{"gitId":"zyjarvis"},"content":"import org.junit.jupiter.api.Test;","lastModifiedDate":"2021-10-14"},{"lineNumber":4,"author":{"gitId":"zyjarvis"},"content":"","lastModifiedDate":"2021-10-14"},{"lineNumber":5,"author":{"gitId":"zyjarvis"},"content":"import static org.junit.jupiter.api.Assertions.assertEquals;","lastModifiedDate":"2021-10-14"},{"lineNumber":6,"author":{"gitId":"zyjarvis"},"content":"","lastModifiedDate":"2021-10-14"},{"lineNumber":7,"author":{"gitId":"zyjarvis"},"content":"public class ParserTest {","lastModifiedDate":"2021-10-14"},{"lineNumber":8,"author":{"gitId":"zyjarvis"},"content":"    @Test","lastModifiedDate":"2021-10-14"},{"lineNumber":9,"author":{"gitId":"zyjarvis"},"content":"    void commandTest() {","lastModifiedDate":"2021-10-14"},{"lineNumber":10,"author":{"gitId":"zyjarvis"},"content":"        assertEquals(\"add\", Parser.command(\"add lunch /Monday /SGD12.50\"));","lastModifiedDate":"2021-10-14"},{"lineNumber":11,"author":{"gitId":"zyjarvis"},"content":"    }","lastModifiedDate":"2021-10-14"},{"lineNumber":12,"author":{"gitId":"zyjarvis"},"content":"","lastModifiedDate":"2021-10-14"},{"lineNumber":13,"author":{"gitId":"zyjarvis"},"content":"    @Test","lastModifiedDate":"2021-10-14"},{"lineNumber":14,"author":{"gitId":"zyjarvis"},"content":"    void indexTest() {","lastModifiedDate":"2021-10-14"},{"lineNumber":15,"author":{"gitId":"zyjarvis"},"content":"        assertEquals(3, Parser.index(\"delete 4\"));","lastModifiedDate":"2021-10-14"},{"lineNumber":16,"author":{"gitId":"zyjarvis"},"content":"    }","lastModifiedDate":"2021-10-14"},{"lineNumber":17,"author":{"gitId":"zyjarvis"},"content":"","lastModifiedDate":"2021-10-14"},{"lineNumber":18,"author":{"gitId":"zyjarvis"},"content":"    @Test","lastModifiedDate":"2021-10-14"},{"lineNumber":19,"author":{"gitId":"zyjarvis"},"content":"    void descriptionTest() {","lastModifiedDate":"2021-10-14"},{"lineNumber":20,"author":{"gitId":"zyjarvis"},"content":"        assertEquals(\"lunch\", Parser.description(\"add lunch /Monday /SGD12.50\"));","lastModifiedDate":"2021-10-14"},{"lineNumber":21,"author":{"gitId":"zyjarvis"},"content":"    }","lastModifiedDate":"2021-10-14"},{"lineNumber":22,"author":{"gitId":"zyjarvis"},"content":"","lastModifiedDate":"2021-10-14"},{"lineNumber":23,"author":{"gitId":"zyjarvis"},"content":"    @Test","lastModifiedDate":"2021-10-14"},{"lineNumber":24,"author":{"gitId":"zyjarvis"},"content":"    void dateTest() {","lastModifiedDate":"2021-10-14"},{"lineNumber":25,"author":{"gitId":"zyjarvis"},"content":"        assertEquals(\"Monday\", Parser.date(\"add lunch /Monday /SGD12.50\"));","lastModifiedDate":"2021-10-14"},{"lineNumber":26,"author":{"gitId":"zyjarvis"},"content":"    }","lastModifiedDate":"2021-10-14"},{"lineNumber":27,"author":{"gitId":"zyjarvis"},"content":"","lastModifiedDate":"2021-10-14"},{"lineNumber":28,"author":{"gitId":"zyjarvis"},"content":"    @Test","lastModifiedDate":"2021-10-14"},{"lineNumber":29,"author":{"gitId":"zyjarvis"},"content":"    void amountTest() {","lastModifiedDate":"2021-10-14"},{"lineNumber":30,"author":{"gitId":"zyjarvis"},"content":"        assertEquals(12.50, Parser.amount(\"add lunch /Monday /SGD12.50\"));","lastModifiedDate":"2021-10-14"},{"lineNumber":31,"author":{"gitId":"zyjarvis"},"content":"    }","lastModifiedDate":"2021-10-14"},{"lineNumber":32,"author":{"gitId":"zyjarvis"},"content":"}","lastModifiedDate":"2021-10-14"}],"authorContributionMap":{"zyjarvis":32}},{"path":"src/test/java/seedu/duke/command/DeleteCommandTest.java","fileType":"test-code","lines":[{"lineNumber":1,"author":{"gitId":"YangShuogeng"},"content":"package seedu.duke.command;","lastModifiedDate":"2021-10-15"},{"lineNumber":2,"author":{"gitId":"YangShuogeng"},"content":"","lastModifiedDate":"2021-10-15"},{"lineNumber":3,"author":{"gitId":"YangShuogeng"},"content":"import org.junit.jupiter.api.Test;","lastModifiedDate":"2021-10-15"},{"lineNumber":4,"author":{"gitId":"YangShuogeng"},"content":"import seedu.duke.ExpenseList;","lastModifiedDate":"2021-10-15"},{"lineNumber":5,"author":{"gitId":"YangShuogeng"},"content":"import seedu.duke.UI;","lastModifiedDate":"2021-10-15"},{"lineNumber":6,"author":{"gitId":"YangShuogeng"},"content":"import seedu.duke.expense.Expense;","lastModifiedDate":"2021-10-15"},{"lineNumber":7,"author":{"gitId":"YangShuogeng"},"content":"","lastModifiedDate":"2021-10-15"},{"lineNumber":8,"author":{"gitId":"YangShuogeng"},"content":"import java.util.ArrayList;","lastModifiedDate":"2021-10-15"},{"lineNumber":9,"author":{"gitId":"YangShuogeng"},"content":"","lastModifiedDate":"2021-10-15"},{"lineNumber":10,"author":{"gitId":"YangShuogeng"},"content":"import static org.junit.jupiter.api.Assertions.assertEquals;","lastModifiedDate":"2021-10-15"},{"lineNumber":11,"author":{"gitId":"YangShuogeng"},"content":"","lastModifiedDate":"2021-10-15"},{"lineNumber":12,"author":{"gitId":"YangShuogeng"},"content":"class DeleteCommandTest {","lastModifiedDate":"2021-10-15"},{"lineNumber":13,"author":{"gitId":"YangShuogeng"},"content":"","lastModifiedDate":"2021-10-15"},{"lineNumber":14,"author":{"gitId":"YangShuogeng"},"content":"    @Test","lastModifiedDate":"2021-10-15"},{"lineNumber":15,"author":{"gitId":"YangShuogeng"},"content":"    public void deleteExpense() {","lastModifiedDate":"2021-10-15"},{"lineNumber":16,"author":{"gitId":"YangShuogeng"},"content":"        String d1 \u003d \"2011/11/22\";","lastModifiedDate":"2021-10-15"},{"lineNumber":17,"author":{"gitId":"YangShuogeng"},"content":"        String d2 \u003d \"2022/11/12\";","lastModifiedDate":"2021-10-15"},{"lineNumber":18,"author":{"gitId":"YangShuogeng"},"content":"","lastModifiedDate":"2021-10-15"},{"lineNumber":19,"author":{"gitId":"YangShuogeng"},"content":"        Expense testerExpense1 \u003d new Expense(d1, \"taxi\", 22);","lastModifiedDate":"2021-10-15"},{"lineNumber":20,"author":{"gitId":"YangShuogeng"},"content":"        Expense testerExpense2 \u003d new Expense(d2,\"dinner\", 33);","lastModifiedDate":"2021-10-15"},{"lineNumber":21,"author":{"gitId":"YangShuogeng"},"content":"","lastModifiedDate":"2021-10-15"},{"lineNumber":22,"author":{"gitId":"YangShuogeng"},"content":"        ArrayList\u003cExpense\u003e arrayListExpLst \u003d new ArrayList\u003c\u003e();","lastModifiedDate":"2021-10-15"},{"lineNumber":23,"author":{"gitId":"YangShuogeng"},"content":"        ArrayList\u003cExpense\u003e expectedArrayLst \u003d new ArrayList\u003c\u003e();","lastModifiedDate":"2021-10-15"},{"lineNumber":24,"author":{"gitId":"YangShuogeng"},"content":"","lastModifiedDate":"2021-10-15"},{"lineNumber":25,"author":{"gitId":"YangShuogeng"},"content":"        arrayListExpLst.add(testerExpense1);","lastModifiedDate":"2021-10-15"},{"lineNumber":26,"author":{"gitId":"YangShuogeng"},"content":"        arrayListExpLst.add(testerExpense2);","lastModifiedDate":"2021-10-15"},{"lineNumber":27,"author":{"gitId":"YangShuogeng"},"content":"","lastModifiedDate":"2021-10-15"},{"lineNumber":28,"author":{"gitId":"YangShuogeng"},"content":"        expectedArrayLst.add(testerExpense2);","lastModifiedDate":"2021-10-15"},{"lineNumber":29,"author":{"gitId":"YangShuogeng"},"content":"","lastModifiedDate":"2021-10-15"},{"lineNumber":30,"author":{"gitId":"YangShuogeng"},"content":"        ExpenseList newExpLst \u003d new ExpenseList(arrayListExpLst);","lastModifiedDate":"2021-10-15"},{"lineNumber":31,"author":{"gitId":"YangShuogeng"},"content":"        ExpenseList expect \u003d new ExpenseList(expectedArrayLst);","lastModifiedDate":"2021-10-15"},{"lineNumber":32,"author":{"gitId":"YangShuogeng"},"content":"","lastModifiedDate":"2021-10-15"},{"lineNumber":33,"author":{"gitId":"YangShuogeng"},"content":"        //System.out.println(\"newExpLst size: \" + newExpLst.size);","lastModifiedDate":"2021-10-15"},{"lineNumber":34,"author":{"gitId":"YangShuogeng"},"content":"        DeleteCommand newDC \u003d new DeleteCommand(\"Delete 1\");","lastModifiedDate":"2021-10-15"},{"lineNumber":35,"author":{"gitId":"YangShuogeng"},"content":"        newDC.run(newExpLst);","lastModifiedDate":"2021-10-15"},{"lineNumber":36,"author":{"gitId":"YangShuogeng"},"content":"","lastModifiedDate":"2021-10-15"},{"lineNumber":37,"author":{"gitId":"YangShuogeng"},"content":"        assertEquals(expect.expenses, newExpLst.expenses);","lastModifiedDate":"2021-10-15"},{"lineNumber":38,"author":{"gitId":"YangShuogeng"},"content":"    }","lastModifiedDate":"2021-10-15"},{"lineNumber":39,"author":{"gitId":"YangShuogeng"},"content":"}","lastModifiedDate":"2021-10-15"},{"lineNumber":40,"author":{"gitId":"YangShuogeng"},"content":"","lastModifiedDate":"2021-10-15"}],"authorContributionMap":{"YangShuogeng":40}},{"path":"src/test/java/seedu/duke/command/ListCommandTest.java","fileType":"test-code","lines":[{"lineNumber":1,"author":{"gitId":"e0373972"},"content":"package seedu.duke.command;","lastModifiedDate":"2021-10-15"},{"lineNumber":2,"author":{"gitId":"e0373972"},"content":"","lastModifiedDate":"2021-10-15"},{"lineNumber":3,"author":{"gitId":"e0373972"},"content":"import org.junit.jupiter.api.Test;","lastModifiedDate":"2021-10-15"},{"lineNumber":4,"author":{"gitId":"e0373972"},"content":"import seedu.duke.ExpenseList;","lastModifiedDate":"2021-10-15"},{"lineNumber":5,"author":{"gitId":"e0373972"},"content":"import seedu.duke.expense.Expense;","lastModifiedDate":"2021-10-15"},{"lineNumber":6,"author":{"gitId":"e0373972"},"content":"import java.util.ArrayList;","lastModifiedDate":"2021-10-15"},{"lineNumber":7,"author":{"gitId":"e0373972"},"content":"import static org.junit.jupiter.api.Assertions.*;","lastModifiedDate":"2021-10-15"},{"lineNumber":8,"author":{"gitId":"e0373972"},"content":"","lastModifiedDate":"2021-10-15"},{"lineNumber":9,"author":{"gitId":"e0373972"},"content":"class ListCommandTest {","lastModifiedDate":"2021-10-15"},{"lineNumber":10,"author":{"gitId":"e0373972"},"content":"","lastModifiedDate":"2021-10-15"},{"lineNumber":11,"author":{"gitId":"e0373972"},"content":"    @Test","lastModifiedDate":"2021-10-15"},{"lineNumber":12,"author":{"gitId":"e0373972"},"content":"    public void getCommandTest() {","lastModifiedDate":"2021-10-15"},{"lineNumber":13,"author":{"gitId":"e0373972"},"content":"","lastModifiedDate":"2021-10-15"},{"lineNumber":14,"author":{"gitId":"e0373972"},"content":"        String d1 \u003d \"2011/11/22\";","lastModifiedDate":"2021-10-15"},{"lineNumber":15,"author":{"gitId":"e0373972"},"content":"        String d2 \u003d \"2022/11/12\";","lastModifiedDate":"2021-10-15"},{"lineNumber":16,"author":{"gitId":"e0373972"},"content":"","lastModifiedDate":"2021-10-15"},{"lineNumber":17,"author":{"gitId":"e0373972"},"content":"        Expense testerExpense1 \u003d new Expense(d1, \"taxi\", 22);","lastModifiedDate":"2021-10-15"},{"lineNumber":18,"author":{"gitId":"e0373972"},"content":"        Expense testerExpense2 \u003d new Expense(d2, \"dinner\", 33);","lastModifiedDate":"2021-10-15"},{"lineNumber":19,"author":{"gitId":"e0373972"},"content":"","lastModifiedDate":"2021-10-15"},{"lineNumber":20,"author":{"gitId":"e0373972"},"content":"        ArrayList\u003cExpense\u003e arrayListExpLst \u003d new ArrayList\u003c\u003e();","lastModifiedDate":"2021-10-15"},{"lineNumber":21,"author":{"gitId":"e0373972"},"content":"        ArrayList\u003cExpense\u003e expectedArrayLst \u003d new ArrayList\u003c\u003e();","lastModifiedDate":"2021-10-15"},{"lineNumber":22,"author":{"gitId":"e0373972"},"content":"","lastModifiedDate":"2021-10-15"},{"lineNumber":23,"author":{"gitId":"e0373972"},"content":"        arrayListExpLst.add(testerExpense1);","lastModifiedDate":"2021-10-15"},{"lineNumber":24,"author":{"gitId":"e0373972"},"content":"        arrayListExpLst.add(testerExpense2);","lastModifiedDate":"2021-10-15"},{"lineNumber":25,"author":{"gitId":"e0373972"},"content":"","lastModifiedDate":"2021-10-15"},{"lineNumber":26,"author":{"gitId":"e0373972"},"content":"        expectedArrayLst.add(testerExpense1);","lastModifiedDate":"2021-10-15"},{"lineNumber":27,"author":{"gitId":"e0373972"},"content":"        expectedArrayLst.add(testerExpense2);","lastModifiedDate":"2021-10-15"},{"lineNumber":28,"author":{"gitId":"e0373972"},"content":"","lastModifiedDate":"2021-10-15"},{"lineNumber":29,"author":{"gitId":"e0373972"},"content":"        ExpenseList newExpLst \u003d new ExpenseList(arrayListExpLst);","lastModifiedDate":"2021-10-15"},{"lineNumber":30,"author":{"gitId":"e0373972"},"content":"        ExpenseList expect \u003d new ExpenseList(expectedArrayLst);","lastModifiedDate":"2021-10-15"},{"lineNumber":31,"author":{"gitId":"e0373972"},"content":"","lastModifiedDate":"2021-10-15"},{"lineNumber":32,"author":{"gitId":"e0373972"},"content":"        ListCommand listCommand \u003d new ListCommand(\"list\");","lastModifiedDate":"2021-10-15"},{"lineNumber":33,"author":{"gitId":"e0373972"},"content":"","lastModifiedDate":"2021-10-15"},{"lineNumber":34,"author":{"gitId":"e0373972"},"content":"        listCommand.run(newExpLst);","lastModifiedDate":"2021-10-15"},{"lineNumber":35,"author":{"gitId":"e0373972"},"content":"","lastModifiedDate":"2021-10-15"},{"lineNumber":36,"author":{"gitId":"e0373972"},"content":"        assertEquals(expect.expenses, newExpLst.expenses);","lastModifiedDate":"2021-10-15"},{"lineNumber":37,"author":{"gitId":"e0373972"},"content":"    }","lastModifiedDate":"2021-10-15"},{"lineNumber":38,"author":{"gitId":"e0373972"},"content":"}","lastModifiedDate":"2021-10-15"}],"authorContributionMap":{"e0373972":38}}]
