[{"path":"docs/AboutUs.md","fileType":"docs","lines":[{"lineNumber":1,"author":{"gitId":"-"},"content":"# About us","lastModifiedDate":"2020-05-24"},{"lineNumber":2,"author":{"gitId":"-"},"content":"","lastModifiedDate":"2020-05-24"},{"lineNumber":3,"author":{"gitId":"-"},"content":"Display | Name | Github Profile | Portfolio ","lastModifiedDate":"2020-05-24"},{"lineNumber":4,"author":{"gitId":"-"},"content":"--------|:----:|:--------------:|:---------:","lastModifiedDate":"2020-05-24"},{"lineNumber":5,"author":{"gitId":"YangShuogeng"},"content":"![](https://via.placeholder.com/100.png?text\u003dPhoto) | Yang Shuogeng | [Github](https://github.com/) | [Portfolio](docs/team/johndoe.md)","lastModifiedDate":"2021-09-23"},{"lineNumber":6,"author":{"gitId":"e0373972"},"content":"![](https://via.placeholder.com/100.png?text\u003dPhoto) | Wang Wenwei | [Github](https://github.com/) | [Portfolio](docs/team/johndoe.md)","lastModifiedDate":"2021-09-23"},{"lineNumber":7,"author":{"gitId":"jr-mojito"},"content":"![](https://via.placeholder.com/100.png?text\u003dPhoto) | Lim Chun Yong  | [Github](https://github.com/) | [Portfolio](docs/team/johndoe.md)","lastModifiedDate":"2021-09-23"},{"lineNumber":8,"author":{"gitId":"zyjarvis"},"content":"![](https://via.placeholder.com/100.png?text\u003dPhoto) | Zhang Yun | [Github](https://github.com/) | [Portfolio](docs/team/johndoe.md)","lastModifiedDate":"2021-09-23"},{"lineNumber":9,"author":{"gitId":"YangShuogeng"},"content":"![](https://via.placeholder.com/100.png?text\u003dPhoto) |  | [Github](https://github.com/) | [Portfolio](docs/team/johndoe.md)","lastModifiedDate":"2021-09-23"}],"authorContributionMap":{"jr-mojito":1,"e0373972":1,"zyjarvis":1,"-":4,"YangShuogeng":2}},{"path":"docs/team/chunyong.md","fileType":"docs","lines":[{"lineNumber":1,"author":{"gitId":"jr-mojito"},"content":"##test","lastModifiedDate":"2021-09-22"}],"authorContributionMap":{"jr-mojito":1}},{"path":"docs/team/wenweiWang.md","fileType":"docs","lines":[{"lineNumber":1,"author":{"gitId":"e0373972"},"content":"Wang Wenwei","lastModifiedDate":"2021-09-22"}],"authorContributionMap":{"e0373972":1}},{"path":"docs/team/yangshuogeng.md","fileType":"docs","lines":[{"lineNumber":1,"author":{"gitId":"YangShuogeng"},"content":"# Yang Shuogeng - Project Portfolio Page","lastModifiedDate":"2021-09-22"},{"lineNumber":2,"author":{"gitId":"YangShuogeng"},"content":"","lastModifiedDate":"2021-09-22"},{"lineNumber":3,"author":{"gitId":"YangShuogeng"},"content":"## Overview","lastModifiedDate":"2021-09-22"},{"lineNumber":4,"author":{"gitId":"YangShuogeng"},"content":"","lastModifiedDate":"2021-09-22"},{"lineNumber":5,"author":{"gitId":"YangShuogeng"},"content":"","lastModifiedDate":"2021-09-22"},{"lineNumber":6,"author":{"gitId":"YangShuogeng"},"content":"","lastModifiedDate":"2021-09-22"},{"lineNumber":7,"author":{"gitId":"YangShuogeng"},"content":"### Summary of Contributions","lastModifiedDate":"2021-09-22"}],"authorContributionMap":{"YangShuogeng":7}},{"path":"src/main/java/seedu/duke/Duke.java","fileType":"functional-code","lines":[{"lineNumber":1,"author":{"gitId":"-"},"content":"package seedu.duke;","lastModifiedDate":"2020-05-24"},{"lineNumber":2,"author":{"gitId":"-"},"content":"","lastModifiedDate":"2020-05-24"},{"lineNumber":3,"author":{"gitId":"zyjarvis"},"content":"import seedu.duke.expense.Expense;","lastModifiedDate":"2021-10-14"},{"lineNumber":4,"author":{"gitId":"zyjarvis"},"content":"","lastModifiedDate":"2021-10-14"},{"lineNumber":5,"author":{"gitId":"zyjarvis"},"content":"import java.util.ArrayList;","lastModifiedDate":"2021-10-14"},{"lineNumber":6,"author":{"gitId":"-"},"content":"","lastModifiedDate":"2021-10-14"},{"lineNumber":7,"author":{"gitId":"-"},"content":"public class Duke {","lastModifiedDate":"2019-07-29"},{"lineNumber":8,"author":{"gitId":"zyjarvis"},"content":"    private ExpenseList expenseList;","lastModifiedDate":"2021-10-14"},{"lineNumber":9,"author":{"gitId":"zyjarvis"},"content":"","lastModifiedDate":"2021-10-14"},{"lineNumber":10,"author":{"gitId":"zyjarvis"},"content":"    private Duke() {","lastModifiedDate":"2021-10-14"},{"lineNumber":11,"author":{"gitId":"zyjarvis"},"content":"        ArrayList\u003cExpense\u003e expenses \u003d new ArrayList\u003c\u003e();","lastModifiedDate":"2021-10-14"},{"lineNumber":12,"author":{"gitId":"zyjarvis"},"content":"        this.expenseList \u003d new ExpenseList(expenses);","lastModifiedDate":"2021-10-14"},{"lineNumber":13,"author":{"gitId":"zyjarvis"},"content":"    }","lastModifiedDate":"2021-10-14"},{"lineNumber":14,"author":{"gitId":"-"},"content":"","lastModifiedDate":"2021-10-14"},{"lineNumber":15,"author":{"gitId":"zyjarvis"},"content":"    private void run() {","lastModifiedDate":"2021-10-13"},{"lineNumber":16,"author":{"gitId":"zyjarvis"},"content":"        UI.welcome();","lastModifiedDate":"2021-10-13"},{"lineNumber":17,"author":{"gitId":"zyjarvis"},"content":"        boolean isExit \u003d false;","lastModifiedDate":"2021-10-13"},{"lineNumber":18,"author":{"gitId":"zyjarvis"},"content":"        while (!isExit) {","lastModifiedDate":"2021-10-13"},{"lineNumber":19,"author":{"gitId":"zyjarvis"},"content":"            try {","lastModifiedDate":"2021-10-14"},{"lineNumber":20,"author":{"gitId":"zyjarvis"},"content":"                String fullCommand \u003d UI.readCommand();","lastModifiedDate":"2021-10-13"},{"lineNumber":21,"author":{"gitId":"zyjarvis"},"content":"                Execution execution \u003d new Execution(fullCommand);","lastModifiedDate":"2021-10-14"},{"lineNumber":22,"author":{"gitId":"zyjarvis"},"content":"                execution.execute(expenseList);","lastModifiedDate":"2021-10-14"},{"lineNumber":23,"author":{"gitId":"zyjarvis"},"content":"                isExit \u003d execution.isExit;","lastModifiedDate":"2021-10-14"},{"lineNumber":24,"author":{"gitId":"zyjarvis"},"content":"            } catch (Exception e) {","lastModifiedDate":"2021-10-14"},{"lineNumber":25,"author":{"gitId":"zyjarvis"},"content":"                System.out.println(\"OOPS!!! I\u0027m sorry, but I don\u0027t know what that means :-(\");","lastModifiedDate":"2021-10-14"},{"lineNumber":26,"author":{"gitId":"zyjarvis"},"content":"            }","lastModifiedDate":"2021-10-13"},{"lineNumber":27,"author":{"gitId":"zyjarvis"},"content":"        }","lastModifiedDate":"2021-10-13"},{"lineNumber":28,"author":{"gitId":"zyjarvis"},"content":"    }","lastModifiedDate":"2021-10-13"},{"lineNumber":29,"author":{"gitId":"-"},"content":"","lastModifiedDate":"2020-05-24"},{"lineNumber":30,"author":{"gitId":"zyjarvis"},"content":"    public static void main(String[] args) {","lastModifiedDate":"2021-10-13"},{"lineNumber":31,"author":{"gitId":"zyjarvis"},"content":"        new Duke().run();","lastModifiedDate":"2021-10-13"},{"lineNumber":32,"author":{"gitId":"-"},"content":"    }","lastModifiedDate":"2019-07-29"},{"lineNumber":33,"author":{"gitId":"-"},"content":"}","lastModifiedDate":"2019-07-29"}],"authorContributionMap":{"zyjarvis":25,"-":8}},{"path":"src/main/java/seedu/duke/Execution.java","fileType":"functional-code","lines":[{"lineNumber":1,"author":{"gitId":"zyjarvis"},"content":"package seedu.duke;","lastModifiedDate":"2021-10-14"},{"lineNumber":2,"author":{"gitId":"zyjarvis"},"content":"","lastModifiedDate":"2021-10-14"},{"lineNumber":3,"author":{"gitId":"zyjarvis"},"content":"import seedu.duke.command.AddExpenseCommand;","lastModifiedDate":"2021-10-14"},{"lineNumber":4,"author":{"gitId":"zyjarvis"},"content":"import seedu.duke.command.DeleteCommand;","lastModifiedDate":"2021-10-14"},{"lineNumber":5,"author":{"gitId":"zyjarvis"},"content":"import seedu.duke.command.ExitCommand;","lastModifiedDate":"2021-10-14"},{"lineNumber":6,"author":{"gitId":"zyjarvis"},"content":"import seedu.duke.command.ListCommand;","lastModifiedDate":"2021-10-14"},{"lineNumber":7,"author":{"gitId":"zyjarvis"},"content":"","lastModifiedDate":"2021-10-14"},{"lineNumber":8,"author":{"gitId":"zyjarvis"},"content":"public class Execution {","lastModifiedDate":"2021-10-14"},{"lineNumber":9,"author":{"gitId":"zyjarvis"},"content":"    protected String fullCommand;","lastModifiedDate":"2021-10-14"},{"lineNumber":10,"author":{"gitId":"zyjarvis"},"content":"    protected String command;","lastModifiedDate":"2021-10-14"},{"lineNumber":11,"author":{"gitId":"zyjarvis"},"content":"    protected boolean isExit;","lastModifiedDate":"2021-10-14"},{"lineNumber":12,"author":{"gitId":"zyjarvis"},"content":"","lastModifiedDate":"2021-10-14"},{"lineNumber":13,"author":{"gitId":"zyjarvis"},"content":"    public Execution(String fullCommand) {","lastModifiedDate":"2021-10-14"},{"lineNumber":14,"author":{"gitId":"zyjarvis"},"content":"        this.fullCommand \u003d fullCommand;","lastModifiedDate":"2021-10-14"},{"lineNumber":15,"author":{"gitId":"zyjarvis"},"content":"        this.command \u003d Parser.command(fullCommand);","lastModifiedDate":"2021-10-14"},{"lineNumber":16,"author":{"gitId":"zyjarvis"},"content":"        this.isExit \u003d false;","lastModifiedDate":"2021-10-14"},{"lineNumber":17,"author":{"gitId":"zyjarvis"},"content":"    }","lastModifiedDate":"2021-10-14"},{"lineNumber":18,"author":{"gitId":"zyjarvis"},"content":"","lastModifiedDate":"2021-10-14"},{"lineNumber":19,"author":{"gitId":"zyjarvis"},"content":"    public void execute(ExpenseList expenseList) {","lastModifiedDate":"2021-10-14"},{"lineNumber":20,"author":{"gitId":"zyjarvis"},"content":"        switch (command) {","lastModifiedDate":"2021-10-14"},{"lineNumber":21,"author":{"gitId":"zyjarvis"},"content":"        case \"list\":","lastModifiedDate":"2021-10-14"},{"lineNumber":22,"author":{"gitId":"zyjarvis"},"content":"            new ListCommand(fullCommand).run(expenseList);","lastModifiedDate":"2021-10-14"},{"lineNumber":23,"author":{"gitId":"zyjarvis"},"content":"            break;","lastModifiedDate":"2021-10-14"},{"lineNumber":24,"author":{"gitId":"zyjarvis"},"content":"        case \"add\":","lastModifiedDate":"2021-10-14"},{"lineNumber":25,"author":{"gitId":"zyjarvis"},"content":"            new AddExpenseCommand(fullCommand).run(expenseList);","lastModifiedDate":"2021-10-14"},{"lineNumber":26,"author":{"gitId":"zyjarvis"},"content":"            break;","lastModifiedDate":"2021-10-14"},{"lineNumber":27,"author":{"gitId":"zyjarvis"},"content":"        case \"delete\":","lastModifiedDate":"2021-10-14"},{"lineNumber":28,"author":{"gitId":"zyjarvis"},"content":"            new DeleteCommand(fullCommand).run(expenseList);","lastModifiedDate":"2021-10-14"},{"lineNumber":29,"author":{"gitId":"zyjarvis"},"content":"            break;","lastModifiedDate":"2021-10-14"},{"lineNumber":30,"author":{"gitId":"zyjarvis"},"content":"        case \"exit\":","lastModifiedDate":"2021-10-14"},{"lineNumber":31,"author":{"gitId":"zyjarvis"},"content":"            new ExitCommand(fullCommand).run(expenseList);","lastModifiedDate":"2021-10-14"},{"lineNumber":32,"author":{"gitId":"zyjarvis"},"content":"            isExit \u003d true;","lastModifiedDate":"2021-10-14"},{"lineNumber":33,"author":{"gitId":"zyjarvis"},"content":"            break;","lastModifiedDate":"2021-10-14"},{"lineNumber":34,"author":{"gitId":"zyjarvis"},"content":"        default:","lastModifiedDate":"2021-10-14"},{"lineNumber":35,"author":{"gitId":"zyjarvis"},"content":"            System.out.println(\"Please key in valid command!\");","lastModifiedDate":"2021-10-14"},{"lineNumber":36,"author":{"gitId":"zyjarvis"},"content":"        }","lastModifiedDate":"2021-10-14"},{"lineNumber":37,"author":{"gitId":"zyjarvis"},"content":"    }","lastModifiedDate":"2021-10-14"},{"lineNumber":38,"author":{"gitId":"zyjarvis"},"content":"}","lastModifiedDate":"2021-10-14"}],"authorContributionMap":{"zyjarvis":38}},{"path":"src/main/java/seedu/duke/Expense.java","fileType":"functional-code","lines":[{"lineNumber":1,"author":{"gitId":"jr-mojito"},"content":"package seedu.duke;","lastModifiedDate":"2021-10-12"},{"lineNumber":2,"author":{"gitId":"jr-mojito"},"content":"","lastModifiedDate":"2021-10-12"},{"lineNumber":3,"author":{"gitId":"jr-mojito"},"content":"import java.util.Date;","lastModifiedDate":"2021-10-12"},{"lineNumber":4,"author":{"gitId":"jr-mojito"},"content":"","lastModifiedDate":"2021-10-12"},{"lineNumber":5,"author":{"gitId":"jr-mojito"},"content":"public class Expense {","lastModifiedDate":"2021-10-12"},{"lineNumber":6,"author":{"gitId":"jr-mojito"},"content":"","lastModifiedDate":"2021-10-12"},{"lineNumber":7,"author":{"gitId":"jr-mojito"},"content":"    String date;","lastModifiedDate":"2021-10-12"},{"lineNumber":8,"author":{"gitId":"jr-mojito"},"content":"    String type;","lastModifiedDate":"2021-10-12"},{"lineNumber":9,"author":{"gitId":"jr-mojito"},"content":"    Double amount;","lastModifiedDate":"2021-10-12"},{"lineNumber":10,"author":{"gitId":"jr-mojito"},"content":"    String description;","lastModifiedDate":"2021-10-12"},{"lineNumber":11,"author":{"gitId":"jr-mojito"},"content":"","lastModifiedDate":"2021-10-12"},{"lineNumber":12,"author":{"gitId":"jr-mojito"},"content":"    public Expense(String date, String type, Double amount, String description) {","lastModifiedDate":"2021-10-12"},{"lineNumber":13,"author":{"gitId":"jr-mojito"},"content":"        this.date \u003d date;","lastModifiedDate":"2021-10-12"},{"lineNumber":14,"author":{"gitId":"jr-mojito"},"content":"        this.type \u003d type;","lastModifiedDate":"2021-10-12"},{"lineNumber":15,"author":{"gitId":"jr-mojito"},"content":"        this.amount \u003d amount;","lastModifiedDate":"2021-10-12"},{"lineNumber":16,"author":{"gitId":"jr-mojito"},"content":"        this.description \u003d description;","lastModifiedDate":"2021-10-12"},{"lineNumber":17,"author":{"gitId":"jr-mojito"},"content":"    }","lastModifiedDate":"2021-10-12"},{"lineNumber":18,"author":{"gitId":"jr-mojito"},"content":"","lastModifiedDate":"2021-10-12"},{"lineNumber":19,"author":{"gitId":"jr-mojito"},"content":"    public String getDate() {","lastModifiedDate":"2021-10-12"},{"lineNumber":20,"author":{"gitId":"jr-mojito"},"content":"        return date;","lastModifiedDate":"2021-10-12"},{"lineNumber":21,"author":{"gitId":"jr-mojito"},"content":"    }","lastModifiedDate":"2021-10-12"},{"lineNumber":22,"author":{"gitId":"jr-mojito"},"content":"","lastModifiedDate":"2021-10-12"},{"lineNumber":23,"author":{"gitId":"jr-mojito"},"content":"    public void setDate(String date) {","lastModifiedDate":"2021-10-12"},{"lineNumber":24,"author":{"gitId":"jr-mojito"},"content":"        this.date \u003d date;","lastModifiedDate":"2021-10-12"},{"lineNumber":25,"author":{"gitId":"jr-mojito"},"content":"    }","lastModifiedDate":"2021-10-12"},{"lineNumber":26,"author":{"gitId":"jr-mojito"},"content":"","lastModifiedDate":"2021-10-12"},{"lineNumber":27,"author":{"gitId":"jr-mojito"},"content":"    public String getType() {","lastModifiedDate":"2021-10-12"},{"lineNumber":28,"author":{"gitId":"jr-mojito"},"content":"        return type;","lastModifiedDate":"2021-10-12"},{"lineNumber":29,"author":{"gitId":"jr-mojito"},"content":"    }","lastModifiedDate":"2021-10-12"},{"lineNumber":30,"author":{"gitId":"jr-mojito"},"content":"","lastModifiedDate":"2021-10-12"},{"lineNumber":31,"author":{"gitId":"jr-mojito"},"content":"    public void setType(String type) {","lastModifiedDate":"2021-10-12"},{"lineNumber":32,"author":{"gitId":"jr-mojito"},"content":"        this.type \u003d type;","lastModifiedDate":"2021-10-12"},{"lineNumber":33,"author":{"gitId":"jr-mojito"},"content":"    }","lastModifiedDate":"2021-10-12"},{"lineNumber":34,"author":{"gitId":"jr-mojito"},"content":"","lastModifiedDate":"2021-10-12"},{"lineNumber":35,"author":{"gitId":"jr-mojito"},"content":"    public Double getAmount() {","lastModifiedDate":"2021-10-12"},{"lineNumber":36,"author":{"gitId":"jr-mojito"},"content":"        return amount;","lastModifiedDate":"2021-10-12"},{"lineNumber":37,"author":{"gitId":"jr-mojito"},"content":"    }","lastModifiedDate":"2021-10-12"},{"lineNumber":38,"author":{"gitId":"jr-mojito"},"content":"","lastModifiedDate":"2021-10-12"},{"lineNumber":39,"author":{"gitId":"jr-mojito"},"content":"    public void setAmount(Double amount) {","lastModifiedDate":"2021-10-12"},{"lineNumber":40,"author":{"gitId":"jr-mojito"},"content":"        this.amount \u003d amount;","lastModifiedDate":"2021-10-12"},{"lineNumber":41,"author":{"gitId":"jr-mojito"},"content":"    }","lastModifiedDate":"2021-10-12"},{"lineNumber":42,"author":{"gitId":"jr-mojito"},"content":"","lastModifiedDate":"2021-10-12"},{"lineNumber":43,"author":{"gitId":"jr-mojito"},"content":"    public String getDescription() {","lastModifiedDate":"2021-10-12"},{"lineNumber":44,"author":{"gitId":"jr-mojito"},"content":"        return description;","lastModifiedDate":"2021-10-12"},{"lineNumber":45,"author":{"gitId":"jr-mojito"},"content":"    }","lastModifiedDate":"2021-10-12"},{"lineNumber":46,"author":{"gitId":"jr-mojito"},"content":"","lastModifiedDate":"2021-10-12"},{"lineNumber":47,"author":{"gitId":"jr-mojito"},"content":"    public void setDescription(String description) {","lastModifiedDate":"2021-10-12"},{"lineNumber":48,"author":{"gitId":"jr-mojito"},"content":"        this.description \u003d description;","lastModifiedDate":"2021-10-12"},{"lineNumber":49,"author":{"gitId":"jr-mojito"},"content":"    }","lastModifiedDate":"2021-10-12"},{"lineNumber":50,"author":{"gitId":"jr-mojito"},"content":"","lastModifiedDate":"2021-10-12"},{"lineNumber":51,"author":{"gitId":"jr-mojito"},"content":"    @Override","lastModifiedDate":"2021-10-12"},{"lineNumber":52,"author":{"gitId":"jr-mojito"},"content":"    public String toString() {","lastModifiedDate":"2021-10-12"},{"lineNumber":53,"author":{"gitId":"jr-mojito"},"content":"        return date + \" \" + type + \" \" + description + \" \" + \"$\" + amount;","lastModifiedDate":"2021-10-12"},{"lineNumber":54,"author":{"gitId":"jr-mojito"},"content":"    }","lastModifiedDate":"2021-10-12"},{"lineNumber":55,"author":{"gitId":"jr-mojito"},"content":"}","lastModifiedDate":"2021-10-12"}],"authorContributionMap":{"jr-mojito":55}},{"path":"src/main/java/seedu/duke/ExpenseList.java","fileType":"functional-code","lines":[{"lineNumber":1,"author":{"gitId":"zyjarvis"},"content":"package seedu.duke;","lastModifiedDate":"2021-10-14"},{"lineNumber":2,"author":{"gitId":"zyjarvis"},"content":"","lastModifiedDate":"2021-10-14"},{"lineNumber":3,"author":{"gitId":"zyjarvis"},"content":"import seedu.duke.expense.Expense;","lastModifiedDate":"2021-10-14"},{"lineNumber":4,"author":{"gitId":"zyjarvis"},"content":"","lastModifiedDate":"2021-10-14"},{"lineNumber":5,"author":{"gitId":"zyjarvis"},"content":"import java.util.ArrayList;","lastModifiedDate":"2021-10-14"},{"lineNumber":6,"author":{"gitId":"zyjarvis"},"content":"","lastModifiedDate":"2021-10-14"},{"lineNumber":7,"author":{"gitId":"zyjarvis"},"content":"public class ExpenseList {","lastModifiedDate":"2021-10-14"},{"lineNumber":8,"author":{"gitId":"zyjarvis"},"content":"    public ArrayList\u003cExpense\u003e expenses;","lastModifiedDate":"2021-10-14"},{"lineNumber":9,"author":{"gitId":"zyjarvis"},"content":"    public int size;","lastModifiedDate":"2021-10-14"},{"lineNumber":10,"author":{"gitId":"zyjarvis"},"content":"","lastModifiedDate":"2021-10-14"},{"lineNumber":11,"author":{"gitId":"zyjarvis"},"content":"    public ExpenseList(ArrayList\u003cExpense\u003e expenses) {","lastModifiedDate":"2021-10-14"},{"lineNumber":12,"author":{"gitId":"zyjarvis"},"content":"        this.expenses \u003d expenses;","lastModifiedDate":"2021-10-14"},{"lineNumber":13,"author":{"gitId":"zyjarvis"},"content":"        this.size \u003d expenses.size();","lastModifiedDate":"2021-10-14"},{"lineNumber":14,"author":{"gitId":"zyjarvis"},"content":"    }","lastModifiedDate":"2021-10-14"},{"lineNumber":15,"author":{"gitId":"zyjarvis"},"content":"","lastModifiedDate":"2021-10-14"},{"lineNumber":16,"author":{"gitId":"zyjarvis"},"content":"    public void addExpense(String date, String description, double amount) {","lastModifiedDate":"2021-10-14"},{"lineNumber":17,"author":{"gitId":"zyjarvis"},"content":"        Expense expense \u003d new Expense(date, description, amount);","lastModifiedDate":"2021-10-14"},{"lineNumber":18,"author":{"gitId":"zyjarvis"},"content":"        expenses.add(expense);","lastModifiedDate":"2021-10-14"},{"lineNumber":19,"author":{"gitId":"zyjarvis"},"content":"        size++;","lastModifiedDate":"2021-10-14"},{"lineNumber":20,"author":{"gitId":"zyjarvis"},"content":"    }","lastModifiedDate":"2021-10-14"},{"lineNumber":21,"author":{"gitId":"zyjarvis"},"content":"","lastModifiedDate":"2021-10-14"},{"lineNumber":22,"author":{"gitId":"zyjarvis"},"content":"    public void delete(int index) {","lastModifiedDate":"2021-10-14"},{"lineNumber":23,"author":{"gitId":"zyjarvis"},"content":"        expenses.remove(index);","lastModifiedDate":"2021-10-14"},{"lineNumber":24,"author":{"gitId":"zyjarvis"},"content":"        size--;","lastModifiedDate":"2021-10-14"},{"lineNumber":25,"author":{"gitId":"zyjarvis"},"content":"    }","lastModifiedDate":"2021-10-14"},{"lineNumber":26,"author":{"gitId":"zyjarvis"},"content":"}","lastModifiedDate":"2021-10-14"}],"authorContributionMap":{"zyjarvis":26}},{"path":"src/main/java/seedu/duke/Parser.java","fileType":"functional-code","lines":[{"lineNumber":1,"author":{"gitId":"zyjarvis"},"content":"package seedu.duke;","lastModifiedDate":"2021-10-14"},{"lineNumber":2,"author":{"gitId":"zyjarvis"},"content":"","lastModifiedDate":"2021-10-14"},{"lineNumber":3,"author":{"gitId":"zyjarvis"},"content":"public class Parser {","lastModifiedDate":"2021-10-14"},{"lineNumber":4,"author":{"gitId":"zyjarvis"},"content":"    public static String command(String fullCommand) {","lastModifiedDate":"2021-10-14"},{"lineNumber":5,"author":{"gitId":"zyjarvis"},"content":"        return fullCommand.split(\" \")[0].toLowerCase();","lastModifiedDate":"2021-10-14"},{"lineNumber":6,"author":{"gitId":"zyjarvis"},"content":"    }","lastModifiedDate":"2021-10-14"},{"lineNumber":7,"author":{"gitId":"zyjarvis"},"content":"","lastModifiedDate":"2021-10-14"},{"lineNumber":8,"author":{"gitId":"zyjarvis"},"content":"    public static int index(String fullCommand) {","lastModifiedDate":"2021-10-14"},{"lineNumber":9,"author":{"gitId":"zyjarvis"},"content":"        return Integer.parseInt(fullCommand.split(\" \")[1]) - 1;","lastModifiedDate":"2021-10-14"},{"lineNumber":10,"author":{"gitId":"zyjarvis"},"content":"    }","lastModifiedDate":"2021-10-14"},{"lineNumber":11,"author":{"gitId":"zyjarvis"},"content":"","lastModifiedDate":"2021-10-14"},{"lineNumber":12,"author":{"gitId":"zyjarvis"},"content":"    public static String description(String fullCommand) {","lastModifiedDate":"2021-10-14"},{"lineNumber":13,"author":{"gitId":"zyjarvis"},"content":"        String[] s1 \u003d fullCommand.split(\" \");","lastModifiedDate":"2021-10-14"},{"lineNumber":14,"author":{"gitId":"zyjarvis"},"content":"        String[] s2 \u003d fullCommand.split(\" /\");","lastModifiedDate":"2021-10-14"},{"lineNumber":15,"author":{"gitId":"zyjarvis"},"content":"        return s2[0].replace(s1[0] + \" \", \"\");","lastModifiedDate":"2021-10-14"},{"lineNumber":16,"author":{"gitId":"zyjarvis"},"content":"    }","lastModifiedDate":"2021-10-14"},{"lineNumber":17,"author":{"gitId":"zyjarvis"},"content":"","lastModifiedDate":"2021-10-14"},{"lineNumber":18,"author":{"gitId":"zyjarvis"},"content":"    public static String date(String fullCommand) {","lastModifiedDate":"2021-10-14"},{"lineNumber":19,"author":{"gitId":"zyjarvis"},"content":"        String[] s1 \u003d fullCommand.split(\" /SGD\");","lastModifiedDate":"2021-10-14"},{"lineNumber":20,"author":{"gitId":"zyjarvis"},"content":"        String[] s2 \u003d s1[0].split(\" /\");","lastModifiedDate":"2021-10-14"},{"lineNumber":21,"author":{"gitId":"zyjarvis"},"content":"        return s2[1];","lastModifiedDate":"2021-10-14"},{"lineNumber":22,"author":{"gitId":"zyjarvis"},"content":"    }","lastModifiedDate":"2021-10-14"},{"lineNumber":23,"author":{"gitId":"zyjarvis"},"content":"","lastModifiedDate":"2021-10-14"},{"lineNumber":24,"author":{"gitId":"zyjarvis"},"content":"    public static double amount(String fullCommand) {","lastModifiedDate":"2021-10-14"},{"lineNumber":25,"author":{"gitId":"zyjarvis"},"content":"        return Double.parseDouble(fullCommand.split(\" /SGD\")[1]);","lastModifiedDate":"2021-10-14"},{"lineNumber":26,"author":{"gitId":"zyjarvis"},"content":"    }","lastModifiedDate":"2021-10-14"},{"lineNumber":27,"author":{"gitId":"zyjarvis"},"content":"}","lastModifiedDate":"2021-10-14"}],"authorContributionMap":{"zyjarvis":27}},{"path":"src/main/java/seedu/duke/UI.java","fileType":"functional-code","lines":[{"lineNumber":1,"author":{"gitId":"zyjarvis"},"content":"package seedu.duke;","lastModifiedDate":"2021-10-13"},{"lineNumber":2,"author":{"gitId":"zyjarvis"},"content":"","lastModifiedDate":"2021-10-13"},{"lineNumber":3,"author":{"gitId":"zyjarvis"},"content":"import seedu.duke.expense.Expense;","lastModifiedDate":"2021-10-14"},{"lineNumber":4,"author":{"gitId":"zyjarvis"},"content":"","lastModifiedDate":"2021-10-14"},{"lineNumber":5,"author":{"gitId":"zyjarvis"},"content":"import java.util.ArrayList;","lastModifiedDate":"2021-10-14"},{"lineNumber":6,"author":{"gitId":"zyjarvis"},"content":"import java.util.Scanner;","lastModifiedDate":"2021-10-13"},{"lineNumber":7,"author":{"gitId":"zyjarvis"},"content":"","lastModifiedDate":"2021-10-13"},{"lineNumber":8,"author":{"gitId":"zyjarvis"},"content":"public class UI {","lastModifiedDate":"2021-10-13"},{"lineNumber":9,"author":{"gitId":"zyjarvis"},"content":"    public static void welcome() {","lastModifiedDate":"2021-10-13"},{"lineNumber":10,"author":{"gitId":"zyjarvis"},"content":"        String logo \u003d \" ____        _        \\n\"","lastModifiedDate":"2021-10-13"},{"lineNumber":11,"author":{"gitId":"zyjarvis"},"content":"                + \"|  _ \\\\ _   _| | _____ \\n\"","lastModifiedDate":"2021-10-13"},{"lineNumber":12,"author":{"gitId":"zyjarvis"},"content":"                + \"| | | | | | | |/ / _ \\\\\\n\"","lastModifiedDate":"2021-10-13"},{"lineNumber":13,"author":{"gitId":"zyjarvis"},"content":"                + \"| |_| | |_| |   \u003c  __/\\n\"","lastModifiedDate":"2021-10-13"},{"lineNumber":14,"author":{"gitId":"zyjarvis"},"content":"                + \"|____/ \\\\__,_|_|\\\\_\\\\___|\\n\";","lastModifiedDate":"2021-10-13"},{"lineNumber":15,"author":{"gitId":"zyjarvis"},"content":"        System.out.println(\"Hello from\\n\" + logo);","lastModifiedDate":"2021-10-13"},{"lineNumber":16,"author":{"gitId":"zyjarvis"},"content":"        System.out.println(\"What can I help you?\");","lastModifiedDate":"2021-10-13"},{"lineNumber":17,"author":{"gitId":"zyjarvis"},"content":"    }","lastModifiedDate":"2021-10-13"},{"lineNumber":18,"author":{"gitId":"zyjarvis"},"content":"","lastModifiedDate":"2021-10-13"},{"lineNumber":19,"author":{"gitId":"zyjarvis"},"content":"    public static String readCommand() {","lastModifiedDate":"2021-10-13"},{"lineNumber":20,"author":{"gitId":"zyjarvis"},"content":"        Scanner in \u003d new Scanner(System.in);","lastModifiedDate":"2021-10-13"},{"lineNumber":21,"author":{"gitId":"zyjarvis"},"content":"        return in.nextLine();","lastModifiedDate":"2021-10-13"},{"lineNumber":22,"author":{"gitId":"zyjarvis"},"content":"    }","lastModifiedDate":"2021-10-13"},{"lineNumber":23,"author":{"gitId":"zyjarvis"},"content":"","lastModifiedDate":"2021-10-14"},{"lineNumber":24,"author":{"gitId":"zyjarvis"},"content":"    public static void addMessage(Expense expense, int size) {","lastModifiedDate":"2021-10-14"},{"lineNumber":25,"author":{"gitId":"zyjarvis"},"content":"        System.out.println(\"Got it. I\u0027ve added this expense: \");","lastModifiedDate":"2021-10-14"},{"lineNumber":26,"author":{"gitId":"zyjarvis"},"content":"        System.out.println(\"  \" + expense.toString());","lastModifiedDate":"2021-10-14"},{"lineNumber":27,"author":{"gitId":"zyjarvis"},"content":"        System.out.println(\"Now you have \" + size + \" expenses in the list.\");","lastModifiedDate":"2021-10-14"},{"lineNumber":28,"author":{"gitId":"zyjarvis"},"content":"    }","lastModifiedDate":"2021-10-14"},{"lineNumber":29,"author":{"gitId":"zyjarvis"},"content":"","lastModifiedDate":"2021-10-14"},{"lineNumber":30,"author":{"gitId":"zyjarvis"},"content":"    public static void listMessage(ArrayList\u003cExpense\u003e expenses) {","lastModifiedDate":"2021-10-14"},{"lineNumber":31,"author":{"gitId":"zyjarvis"},"content":"        System.out.println(\"Here are the expenses in your list:\");","lastModifiedDate":"2021-10-14"},{"lineNumber":32,"author":{"gitId":"zyjarvis"},"content":"        for (int i \u003d 0; i \u003c expenses.size(); i++) {","lastModifiedDate":"2021-10-14"},{"lineNumber":33,"author":{"gitId":"zyjarvis"},"content":"            System.out.println(i + 1 + \".\" + expenses.get(i).toString());","lastModifiedDate":"2021-10-14"},{"lineNumber":34,"author":{"gitId":"zyjarvis"},"content":"        }","lastModifiedDate":"2021-10-14"},{"lineNumber":35,"author":{"gitId":"zyjarvis"},"content":"    }","lastModifiedDate":"2021-10-14"},{"lineNumber":36,"author":{"gitId":"zyjarvis"},"content":"","lastModifiedDate":"2021-10-14"},{"lineNumber":37,"author":{"gitId":"zyjarvis"},"content":"    public static void deleteMessage(Expense expense, int size) {","lastModifiedDate":"2021-10-14"},{"lineNumber":38,"author":{"gitId":"zyjarvis"},"content":"        System.out.println(\"Noted. I\u0027ve removed this expense: \");","lastModifiedDate":"2021-10-14"},{"lineNumber":39,"author":{"gitId":"zyjarvis"},"content":"        System.out.println(\"  \"  + expense);","lastModifiedDate":"2021-10-14"},{"lineNumber":40,"author":{"gitId":"zyjarvis"},"content":"        System.out.println(\"Now you have \" + size + \" expenses in the list.\");","lastModifiedDate":"2021-10-14"},{"lineNumber":41,"author":{"gitId":"zyjarvis"},"content":"    }","lastModifiedDate":"2021-10-14"},{"lineNumber":42,"author":{"gitId":"zyjarvis"},"content":"","lastModifiedDate":"2021-10-14"},{"lineNumber":43,"author":{"gitId":"zyjarvis"},"content":"    public static void byeMessage() {","lastModifiedDate":"2021-10-14"},{"lineNumber":44,"author":{"gitId":"zyjarvis"},"content":"        System.out.println(\"Bye. Hope to see you again soon!\");","lastModifiedDate":"2021-10-14"},{"lineNumber":45,"author":{"gitId":"zyjarvis"},"content":"    }","lastModifiedDate":"2021-10-14"},{"lineNumber":46,"author":{"gitId":"zyjarvis"},"content":"}","lastModifiedDate":"2021-10-13"}],"authorContributionMap":{"zyjarvis":46}},{"path":"src/main/java/seedu/duke/command/AddExpenseCommand.java","fileType":"functional-code","lines":[{"lineNumber":1,"author":{"gitId":"zyjarvis"},"content":"package seedu.duke.command;","lastModifiedDate":"2021-10-14"},{"lineNumber":2,"author":{"gitId":"zyjarvis"},"content":"","lastModifiedDate":"2021-10-14"},{"lineNumber":3,"author":{"gitId":"zyjarvis"},"content":"import seedu.duke.ExpenseList;","lastModifiedDate":"2021-10-14"},{"lineNumber":4,"author":{"gitId":"zyjarvis"},"content":"import seedu.duke.Parser;","lastModifiedDate":"2021-10-14"},{"lineNumber":5,"author":{"gitId":"zyjarvis"},"content":"import seedu.duke.UI;","lastModifiedDate":"2021-10-14"},{"lineNumber":6,"author":{"gitId":"zyjarvis"},"content":"","lastModifiedDate":"2021-10-14"},{"lineNumber":7,"author":{"gitId":"zyjarvis"},"content":"public class AddExpenseCommand extends Command {","lastModifiedDate":"2021-10-14"},{"lineNumber":8,"author":{"gitId":"zyjarvis"},"content":"    public AddExpenseCommand(String fullCommand) {","lastModifiedDate":"2021-10-14"},{"lineNumber":9,"author":{"gitId":"zyjarvis"},"content":"        super(fullCommand);","lastModifiedDate":"2021-10-14"},{"lineNumber":10,"author":{"gitId":"zyjarvis"},"content":"    }","lastModifiedDate":"2021-10-14"},{"lineNumber":11,"author":{"gitId":"zyjarvis"},"content":"","lastModifiedDate":"2021-10-14"},{"lineNumber":12,"author":{"gitId":"zyjarvis"},"content":"    public void run(ExpenseList expenseList) {","lastModifiedDate":"2021-10-14"},{"lineNumber":13,"author":{"gitId":"zyjarvis"},"content":"        String date \u003d Parser.date(fullCommand);","lastModifiedDate":"2021-10-14"},{"lineNumber":14,"author":{"gitId":"zyjarvis"},"content":"        String description \u003d Parser.description(fullCommand);","lastModifiedDate":"2021-10-14"},{"lineNumber":15,"author":{"gitId":"zyjarvis"},"content":"        double amount \u003d Parser.amount(fullCommand);","lastModifiedDate":"2021-10-14"},{"lineNumber":16,"author":{"gitId":"zyjarvis"},"content":"        expenseList.addExpense(date, description, amount);","lastModifiedDate":"2021-10-14"},{"lineNumber":17,"author":{"gitId":"zyjarvis"},"content":"        int size \u003d expenseList.size;","lastModifiedDate":"2021-10-14"},{"lineNumber":18,"author":{"gitId":"zyjarvis"},"content":"        UI.addMessage(expenseList.expenses.get(size - 1), size);","lastModifiedDate":"2021-10-14"},{"lineNumber":19,"author":{"gitId":"zyjarvis"},"content":"    }","lastModifiedDate":"2021-10-14"},{"lineNumber":20,"author":{"gitId":"zyjarvis"},"content":"}","lastModifiedDate":"2021-10-14"}],"authorContributionMap":{"zyjarvis":20}},{"path":"src/main/java/seedu/duke/command/Command.java","fileType":"functional-code","lines":[{"lineNumber":1,"author":{"gitId":"zyjarvis"},"content":"package seedu.duke.command;","lastModifiedDate":"2021-10-14"},{"lineNumber":2,"author":{"gitId":"zyjarvis"},"content":"","lastModifiedDate":"2021-10-14"},{"lineNumber":3,"author":{"gitId":"zyjarvis"},"content":"import seedu.duke.ExpenseList;","lastModifiedDate":"2021-10-14"},{"lineNumber":4,"author":{"gitId":"zyjarvis"},"content":"","lastModifiedDate":"2021-10-14"},{"lineNumber":5,"author":{"gitId":"zyjarvis"},"content":"public abstract class Command {","lastModifiedDate":"2021-10-14"},{"lineNumber":6,"author":{"gitId":"zyjarvis"},"content":"    protected String fullCommand;","lastModifiedDate":"2021-10-14"},{"lineNumber":7,"author":{"gitId":"zyjarvis"},"content":"","lastModifiedDate":"2021-10-14"},{"lineNumber":8,"author":{"gitId":"zyjarvis"},"content":"    public Command(String fullCommand) {","lastModifiedDate":"2021-10-14"},{"lineNumber":9,"author":{"gitId":"zyjarvis"},"content":"        this.fullCommand \u003d fullCommand;","lastModifiedDate":"2021-10-14"},{"lineNumber":10,"author":{"gitId":"zyjarvis"},"content":"    }","lastModifiedDate":"2021-10-14"},{"lineNumber":11,"author":{"gitId":"zyjarvis"},"content":"","lastModifiedDate":"2021-10-14"},{"lineNumber":12,"author":{"gitId":"zyjarvis"},"content":"    public abstract void run(ExpenseList expenseList);","lastModifiedDate":"2021-10-14"},{"lineNumber":13,"author":{"gitId":"zyjarvis"},"content":"}","lastModifiedDate":"2021-10-14"}],"authorContributionMap":{"zyjarvis":13}},{"path":"src/main/java/seedu/duke/command/DeleteCommand.java","fileType":"functional-code","lines":[{"lineNumber":1,"author":{"gitId":"zyjarvis"},"content":"package seedu.duke.command;","lastModifiedDate":"2021-10-14"},{"lineNumber":2,"author":{"gitId":"zyjarvis"},"content":"","lastModifiedDate":"2021-10-14"},{"lineNumber":3,"author":{"gitId":"zyjarvis"},"content":"import seedu.duke.ExpenseList;","lastModifiedDate":"2021-10-14"},{"lineNumber":4,"author":{"gitId":"zyjarvis"},"content":"import seedu.duke.Parser;","lastModifiedDate":"2021-10-14"},{"lineNumber":5,"author":{"gitId":"zyjarvis"},"content":"import seedu.duke.UI;","lastModifiedDate":"2021-10-14"},{"lineNumber":6,"author":{"gitId":"zyjarvis"},"content":"import seedu.duke.expense.Expense;","lastModifiedDate":"2021-10-14"},{"lineNumber":7,"author":{"gitId":"zyjarvis"},"content":"","lastModifiedDate":"2021-10-14"},{"lineNumber":8,"author":{"gitId":"zyjarvis"},"content":"public class DeleteCommand extends Command {","lastModifiedDate":"2021-10-14"},{"lineNumber":9,"author":{"gitId":"zyjarvis"},"content":"    public DeleteCommand(String fullCommand) {","lastModifiedDate":"2021-10-14"},{"lineNumber":10,"author":{"gitId":"zyjarvis"},"content":"        super(fullCommand);","lastModifiedDate":"2021-10-14"},{"lineNumber":11,"author":{"gitId":"zyjarvis"},"content":"    }","lastModifiedDate":"2021-10-14"},{"lineNumber":12,"author":{"gitId":"zyjarvis"},"content":"","lastModifiedDate":"2021-10-14"},{"lineNumber":13,"author":{"gitId":"zyjarvis"},"content":"    public void run(ExpenseList expenseList) {","lastModifiedDate":"2021-10-14"},{"lineNumber":14,"author":{"gitId":"zyjarvis"},"content":"        int index \u003d Parser.index(fullCommand);","lastModifiedDate":"2021-10-14"},{"lineNumber":15,"author":{"gitId":"zyjarvis"},"content":"        assert (index \u003c expenseList.size - 1) : \"Invalid index number!\";","lastModifiedDate":"2021-10-14"},{"lineNumber":16,"author":{"gitId":"zyjarvis"},"content":"        Expense deletedTask \u003d expenseList.expenses.get(index);","lastModifiedDate":"2021-10-14"},{"lineNumber":17,"author":{"gitId":"zyjarvis"},"content":"        expenseList.delete(index);","lastModifiedDate":"2021-10-14"},{"lineNumber":18,"author":{"gitId":"zyjarvis"},"content":"        UI.deleteMessage(deletedTask, expenseList.size);","lastModifiedDate":"2021-10-14"},{"lineNumber":19,"author":{"gitId":"zyjarvis"},"content":"    }","lastModifiedDate":"2021-10-14"},{"lineNumber":20,"author":{"gitId":"zyjarvis"},"content":"}","lastModifiedDate":"2021-10-14"}],"authorContributionMap":{"zyjarvis":20}},{"path":"src/main/java/seedu/duke/command/ExitCommand.java","fileType":"functional-code","lines":[{"lineNumber":1,"author":{"gitId":"zyjarvis"},"content":"package seedu.duke.command;","lastModifiedDate":"2021-10-14"},{"lineNumber":2,"author":{"gitId":"zyjarvis"},"content":"","lastModifiedDate":"2021-10-14"},{"lineNumber":3,"author":{"gitId":"zyjarvis"},"content":"import seedu.duke.ExpenseList;","lastModifiedDate":"2021-10-14"},{"lineNumber":4,"author":{"gitId":"zyjarvis"},"content":"import seedu.duke.UI;","lastModifiedDate":"2021-10-14"},{"lineNumber":5,"author":{"gitId":"zyjarvis"},"content":"","lastModifiedDate":"2021-10-14"},{"lineNumber":6,"author":{"gitId":"zyjarvis"},"content":"public class ExitCommand extends Command {","lastModifiedDate":"2021-10-14"},{"lineNumber":7,"author":{"gitId":"zyjarvis"},"content":"    public ExitCommand(String fullCommand) {","lastModifiedDate":"2021-10-14"},{"lineNumber":8,"author":{"gitId":"zyjarvis"},"content":"        super(fullCommand);","lastModifiedDate":"2021-10-14"},{"lineNumber":9,"author":{"gitId":"zyjarvis"},"content":"    }","lastModifiedDate":"2021-10-14"},{"lineNumber":10,"author":{"gitId":"zyjarvis"},"content":"","lastModifiedDate":"2021-10-14"},{"lineNumber":11,"author":{"gitId":"zyjarvis"},"content":"    public void run(ExpenseList expenseList) {","lastModifiedDate":"2021-10-14"},{"lineNumber":12,"author":{"gitId":"zyjarvis"},"content":"        UI.byeMessage();","lastModifiedDate":"2021-10-14"},{"lineNumber":13,"author":{"gitId":"zyjarvis"},"content":"    }","lastModifiedDate":"2021-10-14"},{"lineNumber":14,"author":{"gitId":"zyjarvis"},"content":"}","lastModifiedDate":"2021-10-14"}],"authorContributionMap":{"zyjarvis":14}},{"path":"src/main/java/seedu/duke/command/ListCommand.java","fileType":"functional-code","lines":[{"lineNumber":1,"author":{"gitId":"zyjarvis"},"content":"package seedu.duke.command;","lastModifiedDate":"2021-10-14"},{"lineNumber":2,"author":{"gitId":"zyjarvis"},"content":"","lastModifiedDate":"2021-10-14"},{"lineNumber":3,"author":{"gitId":"zyjarvis"},"content":"import seedu.duke.ExpenseList;","lastModifiedDate":"2021-10-14"},{"lineNumber":4,"author":{"gitId":"zyjarvis"},"content":"import seedu.duke.UI;","lastModifiedDate":"2021-10-14"},{"lineNumber":5,"author":{"gitId":"zyjarvis"},"content":"","lastModifiedDate":"2021-10-14"},{"lineNumber":6,"author":{"gitId":"zyjarvis"},"content":"public class ListCommand extends Command {","lastModifiedDate":"2021-10-14"},{"lineNumber":7,"author":{"gitId":"zyjarvis"},"content":"    public ListCommand(String fullCommand) {","lastModifiedDate":"2021-10-14"},{"lineNumber":8,"author":{"gitId":"zyjarvis"},"content":"        super(fullCommand);","lastModifiedDate":"2021-10-14"},{"lineNumber":9,"author":{"gitId":"zyjarvis"},"content":"    }","lastModifiedDate":"2021-10-14"},{"lineNumber":10,"author":{"gitId":"zyjarvis"},"content":"","lastModifiedDate":"2021-10-14"},{"lineNumber":11,"author":{"gitId":"zyjarvis"},"content":"    public void run(ExpenseList expenseList) {","lastModifiedDate":"2021-10-14"},{"lineNumber":12,"author":{"gitId":"zyjarvis"},"content":"        UI.listMessage(expenseList.expenses);","lastModifiedDate":"2021-10-14"},{"lineNumber":13,"author":{"gitId":"zyjarvis"},"content":"    }","lastModifiedDate":"2021-10-14"},{"lineNumber":14,"author":{"gitId":"zyjarvis"},"content":"}","lastModifiedDate":"2021-10-14"}],"authorContributionMap":{"zyjarvis":14}},{"path":"src/main/java/seedu/duke/expense/Expense.java","fileType":"functional-code","lines":[{"lineNumber":1,"author":{"gitId":"zyjarvis"},"content":"package seedu.duke.expense;","lastModifiedDate":"2021-10-14"},{"lineNumber":2,"author":{"gitId":"zyjarvis"},"content":"","lastModifiedDate":"2021-10-14"},{"lineNumber":3,"author":{"gitId":"zyjarvis"},"content":"public class Expense {","lastModifiedDate":"2021-10-14"},{"lineNumber":4,"author":{"gitId":"zyjarvis"},"content":"    String date;","lastModifiedDate":"2021-10-14"},{"lineNumber":5,"author":{"gitId":"zyjarvis"},"content":"    String description;","lastModifiedDate":"2021-10-14"},{"lineNumber":6,"author":{"gitId":"zyjarvis"},"content":"    double amount;","lastModifiedDate":"2021-10-14"},{"lineNumber":7,"author":{"gitId":"zyjarvis"},"content":"","lastModifiedDate":"2021-10-14"},{"lineNumber":8,"author":{"gitId":"zyjarvis"},"content":"    public Expense(String date, String description, double amount) {","lastModifiedDate":"2021-10-14"},{"lineNumber":9,"author":{"gitId":"zyjarvis"},"content":"        this.date \u003d date;","lastModifiedDate":"2021-10-14"},{"lineNumber":10,"author":{"gitId":"zyjarvis"},"content":"        this.description \u003d description;","lastModifiedDate":"2021-10-14"},{"lineNumber":11,"author":{"gitId":"zyjarvis"},"content":"        this.amount \u003d amount;","lastModifiedDate":"2021-10-14"},{"lineNumber":12,"author":{"gitId":"zyjarvis"},"content":"    }","lastModifiedDate":"2021-10-14"},{"lineNumber":13,"author":{"gitId":"zyjarvis"},"content":"","lastModifiedDate":"2021-10-14"},{"lineNumber":14,"author":{"gitId":"zyjarvis"},"content":"    public String toString() {","lastModifiedDate":"2021-10-14"},{"lineNumber":15,"author":{"gitId":"zyjarvis"},"content":"        return \"[\" + date + \"] \" + description + \" ($\" + amount + \")\";","lastModifiedDate":"2021-10-14"},{"lineNumber":16,"author":{"gitId":"zyjarvis"},"content":"    }","lastModifiedDate":"2021-10-14"},{"lineNumber":17,"author":{"gitId":"zyjarvis"},"content":"}","lastModifiedDate":"2021-10-14"}],"authorContributionMap":{"zyjarvis":17}},{"path":"src/main/java/seedu/duke/task/Task.java","fileType":"functional-code","lines":[{"lineNumber":1,"author":{"gitId":"e0373972"},"content":"package seedu.duke.task;","lastModifiedDate":"2021-10-12"},{"lineNumber":2,"author":{"gitId":"e0373972"},"content":"","lastModifiedDate":"2021-10-12"},{"lineNumber":3,"author":{"gitId":"e0373972"},"content":"import seedu.duke.task.TaskList;","lastModifiedDate":"2021-10-12"},{"lineNumber":4,"author":{"gitId":"e0373972"},"content":"","lastModifiedDate":"2021-10-13"},{"lineNumber":5,"author":{"gitId":"e0373972"},"content":"import java.util.ArrayList;","lastModifiedDate":"2021-10-12"},{"lineNumber":6,"author":{"gitId":"e0373972"},"content":"import java.util.List;","lastModifiedDate":"2021-10-12"},{"lineNumber":7,"author":{"gitId":"e0373972"},"content":"","lastModifiedDate":"2021-10-12"},{"lineNumber":8,"author":{"gitId":"e0373972"},"content":"public class Task {","lastModifiedDate":"2021-10-12"},{"lineNumber":9,"author":{"gitId":"e0373972"},"content":"    protected String description;","lastModifiedDate":"2021-10-12"},{"lineNumber":10,"author":{"gitId":"e0373972"},"content":"    protected boolean isDone;","lastModifiedDate":"2021-10-13"},{"lineNumber":11,"author":{"gitId":"e0373972"},"content":"","lastModifiedDate":"2021-10-12"},{"lineNumber":12,"author":{"gitId":"e0373972"},"content":"    public Task(String description) {","lastModifiedDate":"2021-10-12"},{"lineNumber":13,"author":{"gitId":"e0373972"},"content":"        this.description \u003d description;","lastModifiedDate":"2021-10-12"},{"lineNumber":14,"author":{"gitId":"e0373972"},"content":"        this.isDone \u003d false;","lastModifiedDate":"2021-10-13"},{"lineNumber":15,"author":{"gitId":"e0373972"},"content":"    }","lastModifiedDate":"2021-10-12"},{"lineNumber":16,"author":{"gitId":"e0373972"},"content":"","lastModifiedDate":"2021-10-12"},{"lineNumber":17,"author":{"gitId":"e0373972"},"content":"    public void markAsDone() {","lastModifiedDate":"2021-10-13"},{"lineNumber":18,"author":{"gitId":"e0373972"},"content":"        isDone \u003d true;","lastModifiedDate":"2021-10-13"},{"lineNumber":19,"author":{"gitId":"e0373972"},"content":"    }","lastModifiedDate":"2021-10-13"},{"lineNumber":20,"author":{"gitId":"e0373972"},"content":"","lastModifiedDate":"2021-10-12"},{"lineNumber":21,"author":{"gitId":"e0373972"},"content":"    public List\u003cString\u003e getList() {","lastModifiedDate":"2021-10-13"},{"lineNumber":22,"author":{"gitId":"e0373972"},"content":"        return List.of(isDone ? \"1\" : \"0\", description);","lastModifiedDate":"2021-10-13"},{"lineNumber":23,"author":{"gitId":"e0373972"},"content":"    }","lastModifiedDate":"2021-10-13"},{"lineNumber":24,"author":{"gitId":"e0373972"},"content":"}","lastModifiedDate":"2021-10-12"}],"authorContributionMap":{"e0373972":24}},{"path":"src/main/java/seedu/duke/task/TaskList.java","fileType":"functional-code","lines":[{"lineNumber":1,"author":{"gitId":"e0373972"},"content":"package seedu.duke.task;","lastModifiedDate":"2021-10-12"},{"lineNumber":2,"author":{"gitId":"e0373972"},"content":"","lastModifiedDate":"2021-10-12"},{"lineNumber":3,"author":{"gitId":"e0373972"},"content":"import java.util.ArrayList;","lastModifiedDate":"2021-10-12"},{"lineNumber":4,"author":{"gitId":"e0373972"},"content":"import java.util.List;","lastModifiedDate":"2021-10-12"},{"lineNumber":5,"author":{"gitId":"e0373972"},"content":"import java.util.StringJoiner;","lastModifiedDate":"2021-10-12"},{"lineNumber":6,"author":{"gitId":"e0373972"},"content":"","lastModifiedDate":"2021-10-12"},{"lineNumber":7,"author":{"gitId":"e0373972"},"content":"public class TaskList {","lastModifiedDate":"2021-10-12"},{"lineNumber":8,"author":{"gitId":"e0373972"},"content":"    private List\u003cTask\u003e tasks \u003d new ArrayList\u003c\u003e();","lastModifiedDate":"2021-10-12"},{"lineNumber":9,"author":{"gitId":"e0373972"},"content":"","lastModifiedDate":"2021-10-12"},{"lineNumber":10,"author":{"gitId":"e0373972"},"content":"    public TaskList() {","lastModifiedDate":"2021-10-12"},{"lineNumber":11,"author":{"gitId":"e0373972"},"content":"","lastModifiedDate":"2021-10-12"},{"lineNumber":12,"author":{"gitId":"e0373972"},"content":"    }","lastModifiedDate":"2021-10-12"},{"lineNumber":13,"author":{"gitId":"e0373972"},"content":"","lastModifiedDate":"2021-10-12"},{"lineNumber":14,"author":{"gitId":"e0373972"},"content":"    public void add(Task task) {","lastModifiedDate":"2021-10-12"},{"lineNumber":15,"author":{"gitId":"e0373972"},"content":"        tasks.add(task);","lastModifiedDate":"2021-10-12"},{"lineNumber":16,"author":{"gitId":"e0373972"},"content":"    }","lastModifiedDate":"2021-10-12"},{"lineNumber":17,"author":{"gitId":"e0373972"},"content":"","lastModifiedDate":"2021-10-12"},{"lineNumber":18,"author":{"gitId":"e0373972"},"content":"    public Task remove(int index) {","lastModifiedDate":"2021-10-12"},{"lineNumber":19,"author":{"gitId":"e0373972"},"content":"        return tasks.remove(index);","lastModifiedDate":"2021-10-12"},{"lineNumber":20,"author":{"gitId":"e0373972"},"content":"    }","lastModifiedDate":"2021-10-12"},{"lineNumber":21,"author":{"gitId":"e0373972"},"content":"","lastModifiedDate":"2021-10-12"},{"lineNumber":22,"author":{"gitId":"e0373972"},"content":"    public Task get(int index) {","lastModifiedDate":"2021-10-12"},{"lineNumber":23,"author":{"gitId":"e0373972"},"content":"        return tasks.get(index);","lastModifiedDate":"2021-10-12"},{"lineNumber":24,"author":{"gitId":"e0373972"},"content":"    }","lastModifiedDate":"2021-10-12"},{"lineNumber":25,"author":{"gitId":"e0373972"},"content":"","lastModifiedDate":"2021-10-12"},{"lineNumber":26,"author":{"gitId":"e0373972"},"content":"    public int size() {","lastModifiedDate":"2021-10-12"},{"lineNumber":27,"author":{"gitId":"e0373972"},"content":"        return tasks.size();","lastModifiedDate":"2021-10-12"},{"lineNumber":28,"author":{"gitId":"e0373972"},"content":"    }","lastModifiedDate":"2021-10-12"},{"lineNumber":29,"author":{"gitId":"e0373972"},"content":"}","lastModifiedDate":"2021-10-12"}],"authorContributionMap":{"e0373972":29}}]
