{"authorDailyContributionsMap":{"jr-mojito":[{"date":"2021-09-22","commitResults":[{"hash":"acf67632e164216609902616ad970d9c03b44522","messageTitle":"Add readme.md","messageBody":"","fileTypesAndContributionMap":{"docs":{"insertions":1,"deletions":0}}}]},{"date":"2021-09-23","commitResults":[{"hash":"252f2c80017166d74326075e7049e9a8efc1ab38","messageTitle":"add-chunyong-name","messageBody":"","fileTypesAndContributionMap":{"docs":{"insertions":1,"deletions":1}}}]},{"date":"2021-10-12","commitResults":[{"hash":"31eb1191c49f4a8fcf65b3c5e3e010106879ace6","messageTitle":"Add Expenses Class","messageBody":"","fileTypesAndContributionMap":{"functional-code":{"insertions":2,"deletions":0},"test-code":{"insertions":0,"deletions":12}}},{"hash":"bcb3b9bb4b9e13e68ca6823c4e43a795edbc33ff","messageTitle":"Add Expenses Class","messageBody":"","fileTypesAndContributionMap":{"functional-code":{"insertions":50,"deletions":0}}},{"hash":"29d84d345f461c3a37a3e28773ed82f03e70aba4","messageTitle":"Remove comment","messageBody":"","fileTypesAndContributionMap":{"functional-code":{"insertions":0,"deletions":2}}},{"hash":"cdd2b14f317b288130f1f02ace86cd4657da89bc","messageTitle":"Add Test","messageBody":"","fileTypesAndContributionMap":{"test-code":{"insertions":12,"deletions":0}}},{"hash":"3031d8aa5a0c5eaddce2281610724b39fc791608","messageTitle":"Add JUnit Test Case","messageBody":"","fileTypesAndContributionMap":{"functional-code":{"insertions":10,"deletions":0},"test-code":{"insertions":3,"deletions":2}}},{"hash":"8a962b81975f8173b059ee6e374575c9b436425c","messageTitle":"Add JUnit Test Case","messageBody":"","fileTypesAndContributionMap":{"functional-code":{"insertions":2,"deletions":6}}},{"hash":"59167f1218a4562cfe1e94de9bd5592f81649d56","messageTitle":"Remove whitespace","messageBody":"","fileTypesAndContributionMap":{"test-code":{"insertions":3,"deletions":2}}}]}],"e0373972":[{"date":"2021-09-22","commitResults":[{"hash":"d81dd99c58e54010bb041764479881db1f32b79a","messageTitle":"add-wenweiWang-info","messageBody":"","fileTypesAndContributionMap":{"docs":{"insertions":1,"deletions":0}}}]},{"date":"2021-09-23","commitResults":[{"hash":"c9da2140215519a9f89527ffd8fd78040f9dd5dd","messageTitle":"add-wenweiWang-name","messageBody":"","fileTypesAndContributionMap":{"docs":{"insertions":1,"deletions":1}}}]},{"date":"2021-10-12","commitResults":[{"hash":"d3d79651efac1ecef99fbb4c2d1b44e10636997e","messageTitle":"List: display all expenses","messageBody":"","fileTypesAndContributionMap":{"functional-code":{"insertions":79,"deletions":0}}}]},{"date":"2021-10-13","commitResults":[{"hash":"fef338c7aab40bfd39375da1c29b6f0ccfa556b5","messageTitle":"Used JUnit: add TaskTest","messageBody":"","fileTypesAndContributionMap":{"functional-code":{"insertions":10,"deletions":2},"test-code":{"insertions":15,"deletions":0}}},{"hash":"a378b5ce189d6908dd9c8213887a2e3e1d97343a","messageTitle":"update code format","messageBody":"","fileTypesAndContributionMap":{"functional-code":{"insertions":13,"deletions":11}}},{"hash":"d3913e360cb1660c1cbbcf233378200867a13a31","messageTitle":"update code formate","messageBody":"","fileTypesAndContributionMap":{"test-code":{"insertions":3,"deletions":1}}}]}],"zyjarvis":[{"date":"2021-09-22","commitResults":[{"hash":"48b87c7c4e1a6f996ff50cd2be6d3f4ff71101d9","messageTitle":"Create zhangYun.md","messageBody":"","fileTypesAndContributionMap":{"docs":{"insertions":0,"deletions":0}}}]},{"date":"2021-09-23","commitResults":[{"hash":"5b021d36fb903632e7964866a8b043d5e2ccdfc7","messageTitle":"add-zhangYun-name","messageBody":"","fileTypesAndContributionMap":{"docs":{"insertions":1,"deletions":1}}}]},{"date":"2021-10-13","commitResults":[{"hash":"5ffaaef6488b01b51e4f24a4d46baa2bef5d7599","messageTitle":"welcome and exit","messageBody":"","fileTypesAndContributionMap":{"functional-code":{"insertions":35,"deletions":15}}},{"hash":"e4a94256c12fc9ec46d31bd9aca1f11a1963490e","messageTitle":"Update Duke.java","messageBody":"","fileTypesAndContributionMap":{"functional-code":{"insertions":1,"deletions":1}}},{"hash":"18aff4b3bbc56ca1bfc6793c9ba0a8f140564166","messageTitle":"v1.0 update","messageBody":"","fileTypesAndContributionMap":{"functional-code":{"insertions":0,"deletions":3}}}]}],"YangShuogeng":[{"date":"2021-09-22","commitResults":[{"hash":"81b3bd98159e5e05786f697fe957e016ff4e2e10","messageTitle":"Update gradle file and added yangshuogeng.md file","messageBody":"","fileTypesAndContributionMap":{"other":{"insertions":2,"deletions":21},"docs":{"insertions":6,"deletions":0}}},{"hash":"5323bacfe8c1afa0f0fd0a3b9a4b76d79940825f","messageTitle":"updated yangshuogeng.md file","messageBody":"","fileTypesAndContributionMap":{"docs":{"insertions":0,"deletions":1}}},{"hash":"dd23bacf0417bdcaca381974a5264c0b5188f1b9","messageTitle":"Revert \"Add yangshuogeng info\"","messageBody":"","fileTypesAndContributionMap":{"other":{"insertions":21,"deletions":2},"docs":{"insertions":0,"deletions":5}}},{"hash":"b418db800c1f86f808369f62b550b5612d6e9350","messageTitle":"gggdfgd","messageBody":"","fileTypesAndContributionMap":{"docs":{"insertions":2,"deletions":0}}},{"hash":"868b2d0fbd04bbf2af386ea183813e1ed4cb715e","messageTitle":"added yangshuogeng.md","messageBody":"","fileTypesAndContributionMap":{"docs":{"insertions":0,"deletions":0}}}]},{"date":"2021-09-23","commitResults":[{"hash":"a0438330beb46334964a9d2bd3c33889ff10cca6","messageTitle":"Remove names","messageBody":"","fileTypesAndContributionMap":{"docs":{"insertions":5,"deletions":5}}},{"hash":"4e6ae4484098b34bda7171480f081e0f74e5461a","messageTitle":"added name","messageBody":"","fileTypesAndContributionMap":{"docs":{"insertions":1,"deletions":1}}}]},{"date":"2021-10-07","commitResults":[{"hash":"240b97b6831189d1844af3d6e058c66dbe9eedc1","messageTitle":"Added Delete class and feature","messageBody":"","fileTypesAndContributionMap":{"functional-code":{"insertions":33,"deletions":0}}}]},{"date":"2021-10-12","commitResults":[{"hash":"4d65f0fb17e2730ffe0fcd323111d82c2a5a9b5f","messageTitle":"Added one Assert Unit test function and updated Delete class","messageBody":"","fileTypesAndContributionMap":{"functional-code":{"insertions":4,"deletions":4},"test-code":{"insertions":30,"deletions":0}}},{"hash":"362d08112ae8b6484a7bb9162caf3c405f71c1a7","messageTitle":"Changed import file.","messageBody":"","fileTypesAndContributionMap":{"test-code":{"insertions":1,"deletions":1}}}]},{"date":"2021-10-13","commitResults":[{"hash":"4e7272b080c4d9acfe1df4873b50538d18b200f6","messageTitle":"Renamed and fixed bracket error","messageBody":"","fileTypesAndContributionMap":{"other":{"insertions":7,"deletions":6}}}]}]},"authorFileTypeContributionMap":{"jr-mojito":{"docs":2,"functional-code":55,"test-code":5},"e0373972":{"docs":2,"functional-code":89,"test-code":17},"zyjarvis":{"docs":1,"functional-code":32,"test-code":0},"YangShuogeng":{"docs":9,"functional-code":34,"test-code":30}},"authorContributionVariance":{"jr-mojito":400.0357,"e0373972":317.62415,"zyjarvis":107.7284,"YangShuogeng":210.27434},"authorDisplayNameMap":{"jr-mojito":"TIC4001-F18-2 LIM ..YONG","e0373972":"TIC4001-F18-2 WANG..NWEI","zyjarvis":"TIC4001-F18-2 ZHAN.. YUN","YangShuogeng":"TIC4001-F18-2 YANG..GENG"}}
