{"authorDailyContributionsMap":{"jr-mojito":[{"date":"2021-09-22","commitResults":[{"hash":"acf67632e164216609902616ad970d9c03b44522","messageTitle":"Add readme.md","messageBody":"","fileTypesAndContributionMap":{"docs":{"insertions":1,"deletions":0}}}]},{"date":"2021-09-23","commitResults":[{"hash":"252f2c80017166d74326075e7049e9a8efc1ab38","messageTitle":"add-chunyong-name","messageBody":"","fileTypesAndContributionMap":{"docs":{"insertions":1,"deletions":1}}}]},{"date":"2021-10-12","commitResults":[{"hash":"31eb1191c49f4a8fcf65b3c5e3e010106879ace6","messageTitle":"Add Expenses Class","messageBody":"","fileTypesAndContributionMap":{"functional-code":{"insertions":2,"deletions":0},"test-code":{"insertions":0,"deletions":12}}},{"hash":"bcb3b9bb4b9e13e68ca6823c4e43a795edbc33ff","messageTitle":"Add Expenses Class","messageBody":"","fileTypesAndContributionMap":{"functional-code":{"insertions":50,"deletions":0}}},{"hash":"29d84d345f461c3a37a3e28773ed82f03e70aba4","messageTitle":"Remove comment","messageBody":"","fileTypesAndContributionMap":{"functional-code":{"insertions":0,"deletions":2}}},{"hash":"cdd2b14f317b288130f1f02ace86cd4657da89bc","messageTitle":"Add Test","messageBody":"","fileTypesAndContributionMap":{"test-code":{"insertions":12,"deletions":0}}},{"hash":"3031d8aa5a0c5eaddce2281610724b39fc791608","messageTitle":"Add JUnit Test Case","messageBody":"","fileTypesAndContributionMap":{"functional-code":{"insertions":10,"deletions":0},"test-code":{"insertions":3,"deletions":2}}},{"hash":"8a962b81975f8173b059ee6e374575c9b436425c","messageTitle":"Add JUnit Test Case","messageBody":"","fileTypesAndContributionMap":{"functional-code":{"insertions":2,"deletions":6}}},{"hash":"59167f1218a4562cfe1e94de9bd5592f81649d56","messageTitle":"Remove whitespace","messageBody":"","fileTypesAndContributionMap":{"test-code":{"insertions":3,"deletions":2}}}]},{"date":"2021-10-14","commitResults":[{"hash":"f57c4a307248cad757f7d3127ce798e82e169f96","messageTitle":"Add assertion case","messageBody":"","fileTypesAndContributionMap":{"functional-code":{"insertions":1,"deletions":0}}},{"hash":"b51086a555799a95704cfddee792e3550d21d025","messageTitle":"Enable Assertions","messageBody":"","fileTypesAndContributionMap":{"other":{"insertions":2,"deletions":1}}},{"hash":"074fd3cdd1d80998814ef55b7326fb2dda4ba077","messageTitle":"Remove Whitespace","messageBody":"","fileTypesAndContributionMap":{"functional-code":{"insertions":1,"deletions":1}}},{"hash":"1c7272948e0ad1f4773e3614b9ffa273bf3f5ef0","messageTitle":"Remove Whitespace","messageBody":"","fileTypesAndContributionMap":{"functional-code":{"insertions":1,"deletions":1}}},{"hash":"d45a50d3930979cd3c19933f28e0f5a765b4b8ed","messageTitle":"Remove Whitespace","messageBody":"","fileTypesAndContributionMap":{"functional-code":{"insertions":1,"deletions":1}}},{"hash":"705ea2202c2ef74a86ab094c43209bbe45f6975b","messageTitle":"Add Logging","messageBody":"","fileTypesAndContributionMap":{"functional-code":{"insertions":5,"deletions":0}}},{"hash":"739fa8f90387dcee0803723f47a4791ce1a1f1cc","messageTitle":"Delete Expense Class","messageBody":"","fileTypesAndContributionMap":{"functional-code":{"insertions":0,"deletions":55}}},{"hash":"6c4e7b4b604538e3a0d80a02c103363d5295a277","messageTitle":"Add JUnit Case For Expense","messageBody":"","fileTypesAndContributionMap":{"test-code":{"insertions":15,"deletions":0}}}]},{"date":"2021-10-15","commitResults":[{"hash":"ebaf2f6fa316cf822530f259ed597e4e632128c2","messageTitle":"Modify Import to AvoidStarImport","messageBody":"","fileTypesAndContributionMap":{"functional-code":{"insertions":1,"deletions":1},"test-code":{"insertions":1,"deletions":1}}}]},{"date":"2021-10-20","commitResults":[{"hash":"953b807a58cb1392211e88057b8880409baabd1c","messageTitle":"Add Part of v2.0 DG","messageBody":"","fileTypesAndContributionMap":{"docs":{"insertions":23,"deletions":5}}},{"hash":"3649b157b2194fde57d8891ffd50b276c768b74c","messageTitle":"Add runtest.sh","messageBody":"","fileTypesAndContributionMap":{"other":{"insertions":0,"deletions":0}}}]},{"date":"2021-10-22","commitResults":[{"hash":"9b8101e7da7c481f17a55b8660896731cda8b6af","messageTitle":"Add Sorting Function","messageBody":"","fileTypesAndContributionMap":{"functional-code":{"insertions":92,"deletions":20}}},{"hash":"c26fd6d29d39f3f608f367d378671c3405013880","messageTitle":"Add Sorting Function","messageBody":"","fileTypesAndContributionMap":{"functional-code":{"insertions":77,"deletions":24},"other":{"insertions":0,"deletions":0},"docs":{"insertions":23,"deletions":5},"test-code":{"insertions":23,"deletions":7}}},{"hash":"c94bb919885ff6af53a733086e5d4c532d23e463","messageTitle":"Resolved conflict","messageBody":"","fileTypesAndContributionMap":{"functional-code":{"insertions":22,"deletions":23}}},{"hash":"bad4588e8bc7949080a236fd8f76b6a6205c40e8","messageTitle":"Resolved conflict","messageBody":"","fileTypesAndContributionMap":{"functional-code":{"insertions":37,"deletions":32}}},{"hash":"3fca9256ce4468f2c325b1b763cce31c5352de18","messageTitle":"Resolved conflict","messageBody":"","fileTypesAndContributionMap":{"functional-code":{"insertions":4,"deletions":5}}},{"hash":"c3072de9821d5c8758cb80ad3bfec8ce2a4ffcb0","messageTitle":"Resolved conflict","messageBody":"","fileTypesAndContributionMap":{"functional-code":{"insertions":2,"deletions":2}}},{"hash":"b689d96ebad71ae6a24944f12d0cf9053dffbbcc","messageTitle":"Store all logs on background","messageBody":"","fileTypesAndContributionMap":{"functional-code":{"insertions":48,"deletions":5}}},{"hash":"476e05bf646562f9c6e2b57bda1f398996861071","messageTitle":"Add Amount Sort by Descending","messageBody":"","fileTypesAndContributionMap":{"functional-code":{"insertions":9,"deletions":2}}}]},{"date":"2021-10-28","commitResults":[{"hash":"279a9226e707313802fb2c4fe4e148f95c53757f","messageTitle":"Refactor Amount Sort by Ascending or Descending","messageBody":"","fileTypesAndContributionMap":{"functional-code":{"insertions":20,"deletions":13}}},{"hash":"295fedbdfaa23c9320f6dafb4917b51d5df9ea8a","messageTitle":"Refactor Amount Sort by Ascending or Descending","messageBody":"","fileTypesAndContributionMap":{"functional-code":{"insertions":3,"deletions":4}}},{"hash":"3cbfa265df6951fee269af6bd80c176dba6a937f","messageTitle":"Refactor Amount Sort by Ascending or Descending","messageBody":"","fileTypesAndContributionMap":{"functional-code":{"insertions":2,"deletions":2}}},{"hash":"6b9ae5a57b53874ab1abaa988c8e3b892bdb8cc3","messageTitle":"Add User Guide Draft","messageBody":"","fileTypesAndContributionMap":{"docs":{"insertions":1,"deletions":0}}},{"hash":"fd0cb5db1699271468e760cc44b931c792fb6e6e","messageTitle":"Add User Guide Draft","messageBody":"","fileTypesAndContributionMap":{"docs":{"insertions":28,"deletions":0}}}]},{"date":"2021-11-01","commitResults":[{"hash":"f210966de8ee72ea5b69a301dfce93cf6b8f4ef3","messageTitle":"Add Read and Save Command","messageBody":"","fileTypesAndContributionMap":{"functional-code":{"insertions":124,"deletions":8},"docs":{"insertions":10,"deletions":10}}},{"hash":"1da7348c4207e50468dd34bfbf9eedeaacaab171","messageTitle":"Remove whitespace","messageBody":"","fileTypesAndContributionMap":{"functional-code":{"insertions":22,"deletions":16}}}]},{"date":"2021-11-05","commitResults":[{"hash":"2c82be2e06fdaafe72c100dc03776ec1a02e4ea0","messageTitle":"Refactor Sort Command \u0026 Add Sort by Date","messageBody":"","fileTypesAndContributionMap":{"functional-code":{"insertions":122,"deletions":31}}},{"hash":"129b608158fff7aca080cad9beb4b5554c1ff529","messageTitle":"Remove Whitespace","messageBody":"","fileTypesAndContributionMap":{"functional-code":{"insertions":12,"deletions":17}}},{"hash":"ea5df6cdc1f33a37fc3cd726f56608502eb1903e","messageTitle":"Solve Bugs Save File","messageBody":"","fileTypesAndContributionMap":{"functional-code":{"insertions":13,"deletions":35}}},{"hash":"88761824a2d425dac88d08e61af9e9d1ca31269e","messageTitle":"Modify new line","messageBody":"","fileTypesAndContributionMap":{"functional-code":{"insertions":1,"deletions":1}}},{"hash":"179a7f7955bbffdea4fda746e71f3530a2734024","messageTitle":"Modify + at new line","messageBody":"","fileTypesAndContributionMap":{"functional-code":{"insertions":2,"deletions":2}}},{"hash":"bf62bcd5c6e04337ca19cc20da3b7ec19db50baf","messageTitle":"Modify + at new line","messageBody":"","fileTypesAndContributionMap":{"functional-code":{"insertions":1,"deletions":1}}}]},{"date":"2021-11-06","commitResults":[{"hash":"edf04d8f0cd2af77751445fba70c1ed0332123d1","messageTitle":"Add Personal Portfolio \u0026 Modify AboutUs","messageBody":"","fileTypesAndContributionMap":{"docs":{"insertions":47,"deletions":12}}},{"hash":"703d935319f1c6eee062030ee5628afa5f695f91","messageTitle":"Modify Read by Income or Expense Item","messageBody":"","fileTypesAndContributionMap":{"functional-code":{"insertions":16,"deletions":9}}},{"hash":"5099705c5fd95f356baa914d0fd601b0f78af306","messageTitle":"Add Sort Command Test","messageBody":"","fileTypesAndContributionMap":{"test-code":{"insertions":88,"deletions":0}}},{"hash":"747615001c8c60a032caa2ca3ea5cac6c38aff60","messageTitle":"Modify If to Switch Statement","messageBody":"","fileTypesAndContributionMap":{"functional-code":{"insertions":7,"deletions":3}}},{"hash":"c230b958847c57c9edc7493307018f08086c660e","messageTitle":"Modify JUnit Test","messageBody":"","fileTypesAndContributionMap":{"test-code":{"insertions":4,"deletions":8}}},{"hash":"17f0773c3a89662fba43538df65a9876caebafbc","messageTitle":"modify md","messageBody":"","fileTypesAndContributionMap":{"docs":{"insertions":0,"deletions":0}}},{"hash":"21e56672ac2cf63b5d4d2c69db82be1da5673010","messageTitle":"Add assertion","messageBody":"","fileTypesAndContributionMap":{"functional-code":{"insertions":5,"deletions":3}}},{"hash":"e63e295656e78c464790a5eb80b7ffbb6e04802b","messageTitle":"Add assertion","messageBody":"","fileTypesAndContributionMap":{"functional-code":{"insertions":2,"deletions":2}}},{"hash":"fd4594181b150e39358d6afa9f975f54e29c4990","messageTitle":"Refactor Save and Read Command","messageBody":"","fileTypesAndContributionMap":{"functional-code":{"insertions":109,"deletions":127}}},{"hash":"aece8bc37502660109c5a67f20eb298c1c7899d7","messageTitle":"Modify error for Graddle Checkstyle","messageBody":"","fileTypesAndContributionMap":{"functional-code":{"insertions":65,"deletions":63}}},{"hash":"f95453a034e356af1a852e0c846dfb4fb1d4bbec","messageTitle":"Modify error for Graddle Checkstyle","messageBody":"","fileTypesAndContributionMap":{"functional-code":{"insertions":2,"deletions":1}}},{"hash":"dc39abba1eb3bc1e6cc1c7481635cc9e4443f958","messageTitle":"Modify error for Graddle Checkstyle","messageBody":"","fileTypesAndContributionMap":{"functional-code":{"insertions":5,"deletions":2}}},{"hash":"4e23f860d2028a3f425c7e04176718603490886d","messageTitle":"Modify error for Graddle Checkstyle","messageBody":"","fileTypesAndContributionMap":{"functional-code":{"insertions":1,"deletions":1}}},{"hash":"0f5d9a1a012474be9406f7e8a1f986795341b866","messageTitle":"Modify error for Graddle Checkstyle","messageBody":"","fileTypesAndContributionMap":{"functional-code":{"insertions":1,"deletions":1}}},{"hash":"b2da66ec4c2eedd682cb29ce3313dc2a6e27d7b3","messageTitle":"Modify error for Graddle Checkstyle","messageBody":"","fileTypesAndContributionMap":{"functional-code":{"insertions":1,"deletions":1}}},{"hash":"ba36c667b042b2e5fd1e87a3f37146e3e63e61c2","messageTitle":"Modify Path","messageBody":"","fileTypesAndContributionMap":{"docs":{"insertions":1,"deletions":1}}},{"hash":"e4c04c6c01938e486aa41f8c32f29d53737d9d51","messageTitle":"Modify Path","messageBody":"","fileTypesAndContributionMap":{"docs":{"insertions":1,"deletions":1}}},{"hash":"14af1734a68c3458cb3f98d698d6b9b0af79a086","messageTitle":"Update AboutUs.md","messageBody":"","fileTypesAndContributionMap":{"docs":{"insertions":1,"deletions":1}}},{"hash":"643bba24987865a367385e155a56be195986a094","messageTitle":"Update AboutUs.md","messageBody":"","fileTypesAndContributionMap":{"docs":{"insertions":1,"deletions":1}}},{"hash":"a002802b8a280ea827e72c89e65a368e997b1a76","messageTitle":"Update AboutUs.md","messageBody":"","fileTypesAndContributionMap":{"docs":{"insertions":1,"deletions":1}}},{"hash":"c662dfbf6ece66456e80295b3b602aa2ee7839eb","messageTitle":"Update AboutUs.md","messageBody":"","fileTypesAndContributionMap":{"docs":{"insertions":1,"deletions":1}}},{"hash":"44f33a38654c3d030f645ac465015dda34c95c39","messageTitle":"Update AboutUs.md","messageBody":"","fileTypesAndContributionMap":{"docs":{"insertions":4,"deletions":4}}}]},{"date":"2021-11-07","commitResults":[{"hash":"e78c9d1e84ad0a3b918cd215c269840f74fb285c","messageTitle":"Add PPP draft Commiting on previous date","messageBody":"","fileTypesAndContributionMap":{"docs":{"insertions":8,"deletions":2}}}]},{"date":"2021-11-09","commitResults":[{"hash":"9677ba3d4cf8877ae5f62641dcec138eea3cbe64","messageTitle":"Update DeveloperGuide.md","messageBody":"","fileTypesAndContributionMap":{"docs":{"insertions":15,"deletions":2}}},{"hash":"20f7a684649e8d9107a8495c69d359e71d443280","messageTitle":"Update DeveloperGuide.md","messageBody":"","fileTypesAndContributionMap":{"docs":{"insertions":5,"deletions":5}}},{"hash":"43771f1f017b4fb8b98cea308e3fe26a3bfda09e","messageTitle":"Update DeveloperGuide.md","messageBody":"","fileTypesAndContributionMap":{"docs":{"insertions":8,"deletions":8}}},{"hash":"a45d6dff1c6f52e1fa7859efe81b523c0cea508e","messageTitle":"Update DeveloperGuide.md","messageBody":"","fileTypesAndContributionMap":{"docs":{"insertions":14,"deletions":9}}},{"hash":"aecbed267af234778d501057db3943c4eac2589e","messageTitle":"Update DeveloperGuide.md","messageBody":"","fileTypesAndContributionMap":{"docs":{"insertions":9,"deletions":7}}},{"hash":"c490ed92a5d15b4b06d834f5482a5427cbe58e60","messageTitle":"Update DeveloperGuide.md","messageBody":"","fileTypesAndContributionMap":{"docs":{"insertions":3,"deletions":2}}},{"hash":"1ef42503f3b0525bce19cc7823c4fc535358c638","messageTitle":"Update DeveloperGuide.md","messageBody":"","fileTypesAndContributionMap":{"docs":{"insertions":1,"deletions":2}}},{"hash":"184113f860572bb5c77578459e3e50b2ea09bf69","messageTitle":"Update DeveloperGuide.md","messageBody":"","fileTypesAndContributionMap":{"docs":{"insertions":2,"deletions":3}}},{"hash":"846a747915f84dddc29d2cdcfdf7498b6f904149","messageTitle":"Update DeveloperGuide.md","messageBody":"","fileTypesAndContributionMap":{"docs":{"insertions":3,"deletions":3}}},{"hash":"3d71c610689e961db5813ec2783fd575ccc0638a","messageTitle":"Update DeveloperGuide.md","messageBody":"","fileTypesAndContributionMap":{"docs":{"insertions":3,"deletions":3}}},{"hash":"6e6c67d2a0716e2fe332c8bec52f0e75ff4fafac","messageTitle":"Update DeveloperGuide.md","messageBody":"","fileTypesAndContributionMap":{"docs":{"insertions":26,"deletions":24}}},{"hash":"b2ffb4c93756bec77e53e056d8a1206335e8119f","messageTitle":"Update DeveloperGuide.md","messageBody":"","fileTypesAndContributionMap":{"docs":{"insertions":3,"deletions":1}}},{"hash":"69ec9dda92f2a089e65861f28b08868124da6251","messageTitle":"Update DeveloperGuide.md","messageBody":"","fileTypesAndContributionMap":{"docs":{"insertions":3,"deletions":3}}}]}],"e0373972":[{"date":"2021-09-22","commitResults":[{"hash":"d81dd99c58e54010bb041764479881db1f32b79a","messageTitle":"add-wenweiWang-info","messageBody":"","fileTypesAndContributionMap":{"docs":{"insertions":1,"deletions":0}}}]},{"date":"2021-09-23","commitResults":[{"hash":"c9da2140215519a9f89527ffd8fd78040f9dd5dd","messageTitle":"add-wenweiWang-name","messageBody":"","fileTypesAndContributionMap":{"docs":{"insertions":1,"deletions":1}}}]},{"date":"2021-10-12","commitResults":[{"hash":"d3d79651efac1ecef99fbb4c2d1b44e10636997e","messageTitle":"List: display all expenses","messageBody":"","fileTypesAndContributionMap":{"functional-code":{"insertions":79,"deletions":0}}}]},{"date":"2021-10-13","commitResults":[{"hash":"fef338c7aab40bfd39375da1c29b6f0ccfa556b5","messageTitle":"Used JUnit: add TaskTest","messageBody":"","fileTypesAndContributionMap":{"functional-code":{"insertions":10,"deletions":2},"test-code":{"insertions":15,"deletions":0}}},{"hash":"a378b5ce189d6908dd9c8213887a2e3e1d97343a","messageTitle":"update code format","messageBody":"","fileTypesAndContributionMap":{"functional-code":{"insertions":13,"deletions":11}}},{"hash":"d3913e360cb1660c1cbbcf233378200867a13a31","messageTitle":"update code formate","messageBody":"","fileTypesAndContributionMap":{"test-code":{"insertions":3,"deletions":1}}}]},{"date":"2021-10-14","commitResults":[{"hash":"04a1dce7416e6ac52d6c69ea40f80d3b0323568a","messageTitle":"add test folder","messageBody":"","fileTypesAndContributionMap":{"test-code":{"insertions":12,"deletions":0}}}]},{"date":"2021-10-15","commitResults":[{"hash":"48595088c7fc17035232aab93f2d572dcbc3128b","messageTitle":"add junit and assertion","messageBody":"","fileTypesAndContributionMap":{"functional-code":{"insertions":3,"deletions":0},"test-code":{"insertions":38,"deletions":0}}},{"hash":"a74ca770c3a851391c93e7c1a311d3c885d29c74","messageTitle":"add Logging","messageBody":"","fileTypesAndContributionMap":{"functional-code":{"insertions":8,"deletions":1},"test-code":{"insertions":2,"deletions":0}}}]},{"date":"2021-10-19","commitResults":[{"hash":"9756e74cbf11988057801067bbd0384d1c48a062","messageTitle":"update code","messageBody":"","fileTypesAndContributionMap":{"functional-code":{"insertions":2,"deletions":2}}},{"hash":"514791b483d1972ae93af1cdc1a3c2db960748b0","messageTitle":"remove folder","messageBody":"","fileTypesAndContributionMap":{"other":{"insertions":0,"deletions":42}}},{"hash":"77af6064cdd43a9e7d16f034be781e8d279debad","messageTitle":"update code","messageBody":"","fileTypesAndContributionMap":{"functional-code":{"insertions":6,"deletions":6},"other":{"insertions":42,"deletions":0}}},{"hash":"3e28f1460228c64607d26c0c3f7201701d1e01ba","messageTitle":"update code","messageBody":"","fileTypesAndContributionMap":{"functional-code":{"insertions":5,"deletions":5}}},{"hash":"a579dfa8476ed1c82bd500f5d00980a145a9ba36","messageTitle":"update gradle properites","messageBody":"","fileTypesAndContributionMap":{"other":{"insertions":1,"deletions":1}}}]},{"date":"2021-10-20","commitResults":[{"hash":"62cf07132376b0eeedcf1a5060ae98e786f12136","messageTitle":"add income command","messageBody":"","fileTypesAndContributionMap":{"functional-code":{"insertions":38,"deletions":2}}}]},{"date":"2021-10-21","commitResults":[{"hash":"2403873a51e43da83efb9c7e6e76b25feae21aa7","messageTitle":"Assertions","messageBody":"","fileTypesAndContributionMap":{"functional-code":{"insertions":3,"deletions":0}}},{"hash":"35093b5148e862a4fa33c21ce1098e6be502a4b4","messageTitle":"update assert","messageBody":"","fileTypesAndContributionMap":{"functional-code":{"insertions":1,"deletions":1}}}]},{"date":"2021-10-22","commitResults":[{"hash":"659bcc4508db656315d1ed92f8c5fa82572b1a20","messageTitle":"Automatically capture input time","messageBody":"","fileTypesAndContributionMap":{"functional-code":{"insertions":26,"deletions":8},"test-code":{"insertions":23,"deletions":7}}},{"hash":"764ffd67ebe72d237718296a86972b9f54215823","messageTitle":"update developer guide","messageBody":"","fileTypesAndContributionMap":{"docs":{"insertions":3,"deletions":0}}}]},{"date":"2021-10-27","commitResults":[{"hash":"894203fc0bb6ef5311eb3e3676bc5143676b8f60","messageTitle":"new ListCommandTest","messageBody":"","fileTypesAndContributionMap":{"test-code":{"insertions":9,"deletions":22}}}]},{"date":"2021-10-28","commitResults":[{"hash":"ae311180aaeb57fcc4e1cbf83cc6a5e6b86384a5","messageTitle":"UG Draft","messageBody":"","fileTypesAndContributionMap":{"docs":{"insertions":43,"deletions":20}}},{"hash":"17d41f818f676fa765c583a2d88aaec97eca0eba","messageTitle":"Developer Guide Draft","messageBody":"","fileTypesAndContributionMap":{"docs":{"insertions":8,"deletions":4}}}]},{"date":"2021-10-30","commitResults":[{"hash":"f9d873711ee366a1b2bddf05ebec7340ea89040e","messageTitle":"Add Expense Command Test","messageBody":"","fileTypesAndContributionMap":{"test-code":{"insertions":27,"deletions":0}}},{"hash":"fee7bac7f1fcef4c1414b5875958f5fb934cdde2","messageTitle":"Add Income Command Test","messageBody":"","fileTypesAndContributionMap":{"test-code":{"insertions":31,"deletions":1}}},{"hash":"6b539a6d397612093c05ec01420b3244bd86e875","messageTitle":"update code","messageBody":"","fileTypesAndContributionMap":{"test-code":{"insertions":2,"deletions":2}}},{"hash":"2f8e5dde7a4f4c763f7a5089fd2afd65ebf7c836","messageTitle":"Delete Command Test","messageBody":"","fileTypesAndContributionMap":{"test-code":{"insertions":16,"deletions":32}}}]},{"date":"2021-11-06","commitResults":[{"hash":"8cf6456f9447b90e286d7940102aa50ae6980dc9","messageTitle":"edit ListCommand and ListCommandTest","messageBody":"","fileTypesAndContributionMap":{"functional-code":{"insertions":5,"deletions":3},"test-code":{"insertions":3,"deletions":10}}}]},{"date":"2021-11-07","commitResults":[{"hash":"c117e1978dcaa467d764bce26045d120bf042718","messageTitle":"Add Class Diagram, Object Diagram, Sequence Diagram","messageBody":"","fileTypesAndContributionMap":{"docs":{"insertions":8,"deletions":2}}},{"hash":"25ee919d411ebe938bee1995d231c2a2d643a62e","messageTitle":"Project Portfolio Page","messageBody":"","fileTypesAndContributionMap":{"docs":{"insertions":30,"deletions":1}}},{"hash":"d9ca11fa352c72235df7ce68c30883eb1dedf6c1","messageTitle":"Project Portfolio Page","messageBody":"","fileTypesAndContributionMap":{"docs":{"insertions":2,"deletions":2}}},{"hash":"7b097441359ea28318312177857d17dd4d93d1b7","messageTitle":"Update About Us","messageBody":"","fileTypesAndContributionMap":{"docs":{"insertions":2,"deletions":2}}}]},{"date":"2021-11-08","commitResults":[{"hash":"882859c35c9ce06a5239118a9ebf4d66530a0442","messageTitle":"Refactor (rename)  PPP","messageBody":"","fileTypesAndContributionMap":{"docs":{"insertions":0,"deletions":0}}},{"hash":"70ada1afb47a81aeb9e9a7de0176faa64df5bb5b","messageTitle":"update about us","messageBody":"","fileTypesAndContributionMap":{"docs":{"insertions":1,"deletions":1}}}]},{"date":"2021-11-10","commitResults":[{"hash":"db82eaff7b1d4d51ecff8269e67eff75379de1b8","messageTitle":"Update Diagram Assertions PPPDraft","messageBody":"","fileTypesAndContributionMap":{"functional-code":{"insertions":1,"deletions":1},"docs":{"insertions":3,"deletions":2}}}]}],"zyjarvis":[{"date":"2021-09-22","commitResults":[{"hash":"48b87c7c4e1a6f996ff50cd2be6d3f4ff71101d9","messageTitle":"Create zhangYun.md","messageBody":"","fileTypesAndContributionMap":{"docs":{"insertions":0,"deletions":0}}}]},{"date":"2021-09-23","commitResults":[{"hash":"5b021d36fb903632e7964866a8b043d5e2ccdfc7","messageTitle":"add-zhangYun-name","messageBody":"","fileTypesAndContributionMap":{"docs":{"insertions":1,"deletions":1}}}]},{"date":"2021-10-13","commitResults":[{"hash":"5ffaaef6488b01b51e4f24a4d46baa2bef5d7599","messageTitle":"welcome and exit","messageBody":"","fileTypesAndContributionMap":{"functional-code":{"insertions":35,"deletions":15}}},{"hash":"e4a94256c12fc9ec46d31bd9aca1f11a1963490e","messageTitle":"Update Duke.java","messageBody":"","fileTypesAndContributionMap":{"functional-code":{"insertions":1,"deletions":1}}},{"hash":"18aff4b3bbc56ca1bfc6793c9ba0a8f140564166","messageTitle":"v1.0 update","messageBody":"","fileTypesAndContributionMap":{"functional-code":{"insertions":0,"deletions":3}}}]},{"date":"2021-10-14","commitResults":[{"hash":"0f4212c4e0e7f6cc58dcd544324c886a9998435f","messageTitle":"v1.0 consolidated","messageBody":"","fileTypesAndContributionMap":{"functional-code":{"insertions":233,"deletions":3},"test-code":{"insertions":0,"deletions":12}}},{"hash":"ced73b4a9b928de773cd775f5599736ca75d9ba4","messageTitle":"v1.0 consolidated","messageBody":"","fileTypesAndContributionMap":{"functional-code":{"insertions":0,"deletions":34}}},{"hash":"9e2df4eadfcfba015827bed7565ef1677b28f821","messageTitle":"v1.0 consolidated","messageBody":"","fileTypesAndContributionMap":{"test-code":{"insertions":0,"deletions":47}}},{"hash":"5c03d8320eb56421aef303a0f94aa67230dc266e","messageTitle":"v1.0 consolidated","messageBody":"","fileTypesAndContributionMap":{"functional-code":{"insertions":0,"deletions":53}}},{"hash":"d654d8794264005eb52ff85762c04a45f5804e88","messageTitle":"JUnit\u0026Logging","messageBody":"","fileTypesAndContributionMap":{"functional-code":{"insertions":1,"deletions":0},"test-code":{"insertions":32,"deletions":0}}}]},{"date":"2021-10-22","commitResults":[{"hash":"24b824e7b924b0b7d96bbb46f1ad481cb1a8bb8e","messageTitle":"find","messageBody":"","fileTypesAndContributionMap":{"functional-code":{"insertions":43,"deletions":5}}},{"hash":"7bfe375c55603aa9c1344d25414f0777d272793a","messageTitle":"updated CI checks","messageBody":"","fileTypesAndContributionMap":{"functional-code":{"insertions":6,"deletions":1}}}]},{"date":"2021-10-27","commitResults":[{"hash":"7e3f0a7003f9bb4a993a611adcb3c9348720800b","messageTitle":"new structure","messageBody":"","fileTypesAndContributionMap":{"functional-code":{"insertions":230,"deletions":312},"other":{"insertions":4,"deletions":4},"test-code":{"insertions":16,"deletions":18}}},{"hash":"e6fb25571909477f4d1675f5fbcae5de42387ea4","messageTitle":"new structure update","messageBody":"input date format change to dd-mm-yyyy\n","fileTypesAndContributionMap":{"functional-code":{"insertions":30,"deletions":34},"other":{"insertions":2,"deletions":2},"test-code":{"insertions":21,"deletions":25}}}]},{"date":"2021-10-28","commitResults":[{"hash":"2ddde8102ae61ce688ec51d815b57d93793a8c75","messageTitle":"UG updated","messageBody":"","fileTypesAndContributionMap":{"docs":{"insertions":41,"deletions":9}}},{"hash":"a521357bb44fed1e92cd6a335772afd81dfebaef","messageTitle":"v2.0 minor updated","messageBody":"","fileTypesAndContributionMap":{"functional-code":{"insertions":34,"deletions":25}}}]},{"date":"2021-10-29","commitResults":[{"hash":"9533f9a04fcafd4ea6cc3e10ff6e1ad8d363e5d2","messageTitle":"single line command structure","messageBody":"","fileTypesAndContributionMap":{"functional-code":{"insertions":63,"deletions":128},"test-code":{"insertions":21,"deletions":40}}}]},{"date":"2021-11-06","commitResults":[{"hash":"a0df76a5381ae58617af20c5557e51e1641d2aec","messageTitle":"edit command","messageBody":"","fileTypesAndContributionMap":{"functional-code":{"insertions":75,"deletions":7},"test-code":{"insertions":8,"deletions":1}}},{"hash":"8942b8f7958304ae6e3dc69dd68db7b13fffd14f","messageTitle":"UG update","messageBody":"","fileTypesAndContributionMap":{"docs":{"insertions":87,"deletions":83}}}]},{"date":"2021-11-09","commitResults":[{"hash":"b358e8f41a496b34d827a3fae009a7ee28ab2244","messageTitle":"add assertion and PPP draft","messageBody":"","fileTypesAndContributionMap":{"functional-code":{"insertions":1,"deletions":4},"docs":{"insertions":49,"deletions":7}}}]}],"YangShuogeng":[{"date":"2021-09-22","commitResults":[{"hash":"81b3bd98159e5e05786f697fe957e016ff4e2e10","messageTitle":"Update gradle file and added yangshuogeng.md file","messageBody":"","fileTypesAndContributionMap":{"other":{"insertions":2,"deletions":21},"docs":{"insertions":6,"deletions":0}}},{"hash":"5323bacfe8c1afa0f0fd0a3b9a4b76d79940825f","messageTitle":"updated yangshuogeng.md file","messageBody":"","fileTypesAndContributionMap":{"docs":{"insertions":0,"deletions":1}}},{"hash":"dd23bacf0417bdcaca381974a5264c0b5188f1b9","messageTitle":"Revert \"Add yangshuogeng info\"","messageBody":"","fileTypesAndContributionMap":{"other":{"insertions":21,"deletions":2},"docs":{"insertions":0,"deletions":5}}},{"hash":"b418db800c1f86f808369f62b550b5612d6e9350","messageTitle":"gggdfgd","messageBody":"","fileTypesAndContributionMap":{"docs":{"insertions":2,"deletions":0}}},{"hash":"868b2d0fbd04bbf2af386ea183813e1ed4cb715e","messageTitle":"added yangshuogeng.md","messageBody":"","fileTypesAndContributionMap":{"docs":{"insertions":0,"deletions":0}}}]},{"date":"2021-09-23","commitResults":[{"hash":"a0438330beb46334964a9d2bd3c33889ff10cca6","messageTitle":"Remove names","messageBody":"","fileTypesAndContributionMap":{"docs":{"insertions":5,"deletions":5}}},{"hash":"4e6ae4484098b34bda7171480f081e0f74e5461a","messageTitle":"added name","messageBody":"","fileTypesAndContributionMap":{"docs":{"insertions":1,"deletions":1}}}]},{"date":"2021-10-07","commitResults":[{"hash":"240b97b6831189d1844af3d6e058c66dbe9eedc1","messageTitle":"Added Delete class and feature","messageBody":"","fileTypesAndContributionMap":{"functional-code":{"insertions":33,"deletions":0}}}]},{"date":"2021-10-12","commitResults":[{"hash":"4d65f0fb17e2730ffe0fcd323111d82c2a5a9b5f","messageTitle":"Added one Assert Unit test function and updated Delete class","messageBody":"","fileTypesAndContributionMap":{"functional-code":{"insertions":4,"deletions":4},"test-code":{"insertions":30,"deletions":0}}},{"hash":"362d08112ae8b6484a7bb9162caf3c405f71c1a7","messageTitle":"Changed import file.","messageBody":"","fileTypesAndContributionMap":{"test-code":{"insertions":1,"deletions":1}}}]},{"date":"2021-10-13","commitResults":[{"hash":"4e7272b080c4d9acfe1df4873b50538d18b200f6","messageTitle":"Renamed and fixed bracket error","messageBody":"","fileTypesAndContributionMap":{"other":{"insertions":7,"deletions":6}}}]},{"date":"2021-10-14","commitResults":[{"hash":"649a042fd45046a7e5f04e3aa0b12003d705ad6d","messageTitle":"Added one logger in delete class","messageBody":"","fileTypesAndContributionMap":{"functional-code":{"insertions":7,"deletions":0}}}]},{"date":"2021-10-15","commitResults":[{"hash":"cfd883110187d1d7c22d0af4cd9c4993b204bd64","messageTitle":"Added JUnit and Assertion","messageBody":"","fileTypesAndContributionMap":{"functional-code":{"insertions":7,"deletions":2},"test-code":{"insertions":40,"deletions":0}}}]},{"date":"2021-10-19","commitResults":[{"hash":"2d01938cdd6b8ff780d90d40b49a5766b221abf9","messageTitle":"tt","messageBody":"","fileTypesAndContributionMap":{"test-code":{"insertions":0,"deletions":1}}}]},{"date":"2021-10-21","commitResults":[{"hash":"d16fc65146fe322fbeef6b845f6442644466e7e1","messageTitle":"Added InputErrorException class and change the expense element date\u0027s type to Date from String","messageBody":"","fileTypesAndContributionMap":{"functional-code":{"insertions":62,"deletions":12}}},{"hash":"24884cf875aaf50d32469fe0464dbb5a25cf7bbc","messageTitle":"Added new error catch and added type variable in List class","messageBody":"","fileTypesAndContributionMap":{"functional-code":{"insertions":66,"deletions":7}}}]},{"date":"2021-10-22","commitResults":[{"hash":"d1bbe9e5cac9aa724fd27cf869e3b31885ddcf57","messageTitle":"Added some error handles, change the date method in Parser class, and set the date printing format","messageBody":"","fileTypesAndContributionMap":{"functional-code":{"insertions":22,"deletions":5}}},{"hash":"4a03fca4f836a37f843d6256b7e03561fc9cde99","messageTitle":"Added few \u0027import class\u0027","messageBody":"","fileTypesAndContributionMap":{"functional-code":{"insertions":2,"deletions":1}}},{"hash":"af336656228857c637dbab808d8608d9b4236bf2","messageTitle":"Update ExpenseList.java","messageBody":"","fileTypesAndContributionMap":{"functional-code":{"insertions":2,"deletions":2}}}]},{"date":"2021-10-23","commitResults":[{"hash":"080cd4a4a36a166fe9b3f62e12f61cd6e2c42c3d","messageTitle":"Updated few functions to change date type from String to Date","messageBody":"","fileTypesAndContributionMap":{"functional-code":{"insertions":10,"deletions":28}}}]},{"date":"2021-10-24","commitResults":[{"hash":"42ccc067c573e7ba1258ad335f3ff6da84315942","messageTitle":"Updated Date type in different classes","messageBody":"","fileTypesAndContributionMap":{"functional-code":{"insertions":39,"deletions":49},"test-code":{"insertions":48,"deletions":11}}},{"hash":"475c473ba5a8a8f93da39c5facbf1ee7706b693f","messageTitle":"Updated getListType function","messageBody":"","fileTypesAndContributionMap":{"functional-code":{"insertions":10,"deletions":7}}},{"hash":"e8865ccda04e2ed92fc3debe625677ce14f72eb5","messageTitle":"Updated ListCommand class","messageBody":"","fileTypesAndContributionMap":{"functional-code":{"insertions":3,"deletions":2}}},{"hash":"258470a9ab4d1d6b1ecf8ca2af35d013e3208d12","messageTitle":"Updated list command","messageBody":"","fileTypesAndContributionMap":{"functional-code":{"insertions":12,"deletions":1}}},{"hash":"a7f010823f49af0847ebcaa6ae8092113d39cc46","messageTitle":"Update if statement style","messageBody":"","fileTypesAndContributionMap":{"functional-code":{"insertions":2,"deletions":2}}},{"hash":"376203195b7c46469df40678754478db472aaa46","messageTitle":"Added category into Expense class","messageBody":"","fileTypesAndContributionMap":{"functional-code":{"insertions":45,"deletions":1}}}]},{"date":"2021-10-28","commitResults":[{"hash":"75ba41af96ee89bbdf38a22db4ccf48ba423b5e5","messageTitle":"Updated error handle in different classes","messageBody":"","fileTypesAndContributionMap":{"functional-code":{"insertions":100,"deletions":58},"test-code":{"insertions":2,"deletions":2}}},{"hash":"03f8a54bf302cf6c694d6839749ed0c86d9c4ad5","messageTitle":"Updated some UserGuide and DeveloperGuide","messageBody":"","fileTypesAndContributionMap":{"docs":{"insertions":25,"deletions":0}}}]},{"date":"2021-10-29","commitResults":[{"hash":"75ff53cac4f04b082dc0894963a3c30a400e04fe","messageTitle":"Updated delete test","messageBody":"","fileTypesAndContributionMap":{"test-code":{"insertions":13,"deletions":15}}}]},{"date":"2021-10-30","commitResults":[{"hash":"cbf100d0a29d3fcbd8c0ba0f02f005941417a6a1","messageTitle":"Updated some error handles and added new variable to Item class (category) and also added new variables to expense and income for easy extraction for summary","messageBody":"","fileTypesAndContributionMap":{"functional-code":{"insertions":180,"deletions":22},"test-code":{"insertions":53,"deletions":10}}},{"hash":"92190a8e28d3da188473948cbd2e44b8f9fdf212","messageTitle":"Fixed date calculation bugs","messageBody":"","fileTypesAndContributionMap":{"functional-code":{"insertions":3,"deletions":9}}},{"hash":"9a8c33158d531f9fd899b670a8e16f067ba6b134","messageTitle":"Set the output daily expense to 2 decimal point","messageBody":"","fileTypesAndContributionMap":{"functional-code":{"insertions":1,"deletions":1}}},{"hash":"696b4593adaec1e8dc5ad64afe1a660fde468307","messageTitle":"Updated date print format in summary UI to yyyy-mm-dd","messageBody":"","fileTypesAndContributionMap":{"functional-code":{"insertions":4,"deletions":1}}},{"hash":"001b683cc13e21a6e6c5429ed945cd670c51cc3a","messageTitle":"Added balance amount to summary UI","messageBody":"","fileTypesAndContributionMap":{"functional-code":{"insertions":1,"deletions":0}}},{"hash":"1f9d9baff529a32d34598feb774ae9eb11efbc85","messageTitle":"Update Execution.java","messageBody":"","fileTypesAndContributionMap":{"functional-code":{"insertions":8,"deletions":1}}},{"hash":"6705f3477a60d95b39368ab11eda01abfa470658","messageTitle":"Update ItemList.java","messageBody":"","fileTypesAndContributionMap":{"functional-code":{"insertions":1,"deletions":1}}},{"hash":"9a47c37e357e7ef8d7b01f4728900f2ac57541ab","messageTitle":"Delete SummaryCommandTest.java","messageBody":"","fileTypesAndContributionMap":{"test-code":{"insertions":0,"deletions":47}}}]},{"date":"2021-11-09","commitResults":[{"hash":"10d3526e2031b04ad0cb8472817412e6276d8b1b","messageTitle":"Java doc For delete and summary command","messageBody":"","fileTypesAndContributionMap":{"functional-code":{"insertions":97,"deletions":1}}},{"hash":"642b2a928d133cdd0de0e0655839f0fa07ac7ad6","messageTitle":"Update AboutUs.md","messageBody":"Updated YangShuogeng picutre","fileTypesAndContributionMap":{"docs":{"insertions":1,"deletions":1}}},{"hash":"f8f2cc23c4e3ab2369ad632c411ab0af0c794f38","messageTitle":"Update AboutUs.md","messageBody":"","fileTypesAndContributionMap":{"docs":{"insertions":1,"deletions":1}}}]},{"date":"2021-11-10","commitResults":[{"hash":"2159e7c43272d066d3e498fed93417b97c59a231","messageTitle":"Update yangshuogeng.md","messageBody":"","fileTypesAndContributionMap":{"docs":{"insertions":25,"deletions":2}}},{"hash":"00c60b78a2eefbb7d9e5e41e1209f57de9c31cb2","messageTitle":"Update yangshuogeng.md","messageBody":"","fileTypesAndContributionMap":{"docs":{"insertions":6,"deletions":6}}},{"hash":"85293024c1ab9da977541cdc8a61d89dca7b8a12","messageTitle":"Update yangshuogeng.md","messageBody":"","fileTypesAndContributionMap":{"docs":{"insertions":4,"deletions":2}}},{"hash":"7ea47a7ce291b78b1423009e2aa3b6276b56e25c","messageTitle":"Update InputErrorException.java","messageBody":"","fileTypesAndContributionMap":{"functional-code":{"insertions":10,"deletions":10}}},{"hash":"2730a0a229d99f80782542f5edaa2643c7b0b1a2","messageTitle":"Update ItemList.java","messageBody":"","fileTypesAndContributionMap":{"functional-code":{"insertions":4,"deletions":4}}},{"hash":"c7adc2fa1a8eb0bafaa5a092259960fffcfbc36b","messageTitle":"Update UI.java","messageBody":"","fileTypesAndContributionMap":{"functional-code":{"insertions":2,"deletions":2}}},{"hash":"024191eea9cdaeb8be2a1bd2acc2fde7737eec36","messageTitle":"Update DeleteCommand.java","messageBody":"","fileTypesAndContributionMap":{"functional-code":{"insertions":2,"deletions":2}}},{"hash":"9169636355cfafb0a731978132b5bb70fe0c82e3","messageTitle":"Update SummaryCommand.java","messageBody":"","fileTypesAndContributionMap":{"functional-code":{"insertions":4,"deletions":4}}}]}]},"authorFileTypeContributionMap":{"jr-mojito":{"docs":116,"functional-code":306,"test-code":85,"other":1},"e0373972":{"docs":52,"functional-code":24,"test-code":104},"zyjarvis":{"docs":139,"functional-code":427,"test-code":51},"YangShuogeng":{"docs":41,"functional-code":354,"test-code":28}},"authorContributionVariance":{"jr-mojito":11914.598,"e0373972":784.1333,"zyjarvis":13573.081,"YangShuogeng":4043.7983},"authorDisplayNameMap":{"jr-mojito":"TIC4001-F18-2 LIM ..YONG","e0373972":"TIC4001-F18-2 WANG..NWEI","zyjarvis":"TIC4001-F18-2 ZHAN.. YUN","YangShuogeng":"TIC4001-F18-2 YANG..GENG"}}
