{"authorDailyContributionsMap":{"jr-mojito":[],"e0373972":[{"date":"2021-09-22","commitResults":[{"hash":"d81dd99c58e54010bb041764479881db1f32b79a","messageTitle":"add-wenweiWang-info","messageBody":"","fileTypesAndContributionMap":{"docs":{"insertions":1,"deletions":0}}}]},{"date":"2021-09-23","commitResults":[{"hash":"c9da2140215519a9f89527ffd8fd78040f9dd5dd","messageTitle":"add-wenweiWang-name","messageBody":"","fileTypesAndContributionMap":{"docs":{"insertions":1,"deletions":1}}}]}],"zyjarvis":[{"date":"2021-09-22","commitResults":[{"hash":"48b87c7c4e1a6f996ff50cd2be6d3f4ff71101d9","messageTitle":"Create zhangYun.md","messageBody":"","fileTypesAndContributionMap":{"docs":{"insertions":0,"deletions":0}}}]},{"date":"2021-09-23","commitResults":[{"hash":"5b021d36fb903632e7964866a8b043d5e2ccdfc7","messageTitle":"add-zhangYun-name","messageBody":"","fileTypesAndContributionMap":{"docs":{"insertions":1,"deletions":1}}}]}],"YangShuogeng":[{"date":"2021-09-22","commitResults":[{"hash":"81b3bd98159e5e05786f697fe957e016ff4e2e10","messageTitle":"Update gradle file and added yangshuogeng.md file","messageBody":"","fileTypesAndContributionMap":{"other":{"insertions":2,"deletions":21},"docs":{"insertions":6,"deletions":0}}},{"hash":"5323bacfe8c1afa0f0fd0a3b9a4b76d79940825f","messageTitle":"updated yangshuogeng.md file","messageBody":"","fileTypesAndContributionMap":{"docs":{"insertions":0,"deletions":1}}},{"hash":"dd23bacf0417bdcaca381974a5264c0b5188f1b9","messageTitle":"Revert \"Add yangshuogeng info\"","messageBody":"","fileTypesAndContributionMap":{"other":{"insertions":21,"deletions":2},"docs":{"insertions":0,"deletions":5}}},{"hash":"b418db800c1f86f808369f62b550b5612d6e9350","messageTitle":"gggdfgd","messageBody":"","fileTypesAndContributionMap":{"docs":{"insertions":2,"deletions":0}}},{"hash":"868b2d0fbd04bbf2af386ea183813e1ed4cb715e","messageTitle":"added yangshuogeng.md","messageBody":"","fileTypesAndContributionMap":{"docs":{"insertions":0,"deletions":0}}}]},{"date":"2021-09-23","commitResults":[{"hash":"a0438330beb46334964a9d2bd3c33889ff10cca6","messageTitle":"Remove names","messageBody":"","fileTypesAndContributionMap":{"docs":{"insertions":5,"deletions":5}}},{"hash":"4e6ae4484098b34bda7171480f081e0f74e5461a","messageTitle":"added name","messageBody":"","fileTypesAndContributionMap":{"docs":{"insertions":1,"deletions":1}}}]}]},"authorFileTypeContributionMap":{"jr-mojito":{"docs":1,"functional-code":0,"test-code":0},"e0373972":{"docs":2,"functional-code":0,"test-code":0},"zyjarvis":{"docs":1,"functional-code":0,"test-code":0},"YangShuogeng":{"docs":9,"functional-code":0,"test-code":0}},"authorContributionVariance":{"jr-mojito":0.0,"e0373972":0.53061223,"zyjarvis":0.48979592,"YangShuogeng":429.06125},"authorDisplayNameMap":{"jr-mojito":"TIC4001-F18-2 LIM ..YONG","e0373972":"TIC4001-F18-2 WANG..NWEI","zyjarvis":"TIC4001-F18-2 ZHAN.. YUN","YangShuogeng":"TIC4001-F18-2 YANG..GENG"}}
