{"authorDailyContributionsMap":{"jr-mojito":[{"date":"2021-09-22","commitResults":[{"hash":"acf67632e164216609902616ad970d9c03b44522","messageTitle":"Add readme.md","messageBody":"","fileTypesAndContributionMap":{"docs":{"insertions":1,"deletions":0}}}]},{"date":"2021-09-23","commitResults":[{"hash":"252f2c80017166d74326075e7049e9a8efc1ab38","messageTitle":"add-chunyong-name","messageBody":"","fileTypesAndContributionMap":{"docs":{"insertions":1,"deletions":1}}}]},{"date":"2021-10-12","commitResults":[{"hash":"31eb1191c49f4a8fcf65b3c5e3e010106879ace6","messageTitle":"Add Expenses Class","messageBody":"","fileTypesAndContributionMap":{"functional-code":{"insertions":2,"deletions":0},"test-code":{"insertions":0,"deletions":12}}},{"hash":"bcb3b9bb4b9e13e68ca6823c4e43a795edbc33ff","messageTitle":"Add Expenses Class","messageBody":"","fileTypesAndContributionMap":{"functional-code":{"insertions":50,"deletions":0}}},{"hash":"29d84d345f461c3a37a3e28773ed82f03e70aba4","messageTitle":"Remove comment","messageBody":"","fileTypesAndContributionMap":{"functional-code":{"insertions":0,"deletions":2}}},{"hash":"cdd2b14f317b288130f1f02ace86cd4657da89bc","messageTitle":"Add Test","messageBody":"","fileTypesAndContributionMap":{"test-code":{"insertions":12,"deletions":0}}},{"hash":"3031d8aa5a0c5eaddce2281610724b39fc791608","messageTitle":"Add JUnit Test Case","messageBody":"","fileTypesAndContributionMap":{"functional-code":{"insertions":10,"deletions":0},"test-code":{"insertions":3,"deletions":2}}},{"hash":"8a962b81975f8173b059ee6e374575c9b436425c","messageTitle":"Add JUnit Test Case","messageBody":"","fileTypesAndContributionMap":{"functional-code":{"insertions":2,"deletions":6}}},{"hash":"59167f1218a4562cfe1e94de9bd5592f81649d56","messageTitle":"Remove whitespace","messageBody":"","fileTypesAndContributionMap":{"test-code":{"insertions":3,"deletions":2}}}]},{"date":"2021-10-14","commitResults":[{"hash":"f57c4a307248cad757f7d3127ce798e82e169f96","messageTitle":"Add assertion case","messageBody":"","fileTypesAndContributionMap":{"functional-code":{"insertions":1,"deletions":0}}},{"hash":"b51086a555799a95704cfddee792e3550d21d025","messageTitle":"Enable Assertions","messageBody":"","fileTypesAndContributionMap":{"other":{"insertions":2,"deletions":1}}},{"hash":"074fd3cdd1d80998814ef55b7326fb2dda4ba077","messageTitle":"Remove Whitespace","messageBody":"","fileTypesAndContributionMap":{"functional-code":{"insertions":1,"deletions":1}}},{"hash":"1c7272948e0ad1f4773e3614b9ffa273bf3f5ef0","messageTitle":"Remove Whitespace","messageBody":"","fileTypesAndContributionMap":{"functional-code":{"insertions":1,"deletions":1}}},{"hash":"d45a50d3930979cd3c19933f28e0f5a765b4b8ed","messageTitle":"Remove Whitespace","messageBody":"","fileTypesAndContributionMap":{"functional-code":{"insertions":1,"deletions":1}}},{"hash":"705ea2202c2ef74a86ab094c43209bbe45f6975b","messageTitle":"Add Logging","messageBody":"","fileTypesAndContributionMap":{"functional-code":{"insertions":5,"deletions":0}}},{"hash":"739fa8f90387dcee0803723f47a4791ce1a1f1cc","messageTitle":"Delete Expense Class","messageBody":"","fileTypesAndContributionMap":{"functional-code":{"insertions":0,"deletions":55}}},{"hash":"6c4e7b4b604538e3a0d80a02c103363d5295a277","messageTitle":"Add JUnit Case For Expense","messageBody":"","fileTypesAndContributionMap":{"test-code":{"insertions":15,"deletions":0}}}]},{"date":"2021-10-15","commitResults":[{"hash":"ebaf2f6fa316cf822530f259ed597e4e632128c2","messageTitle":"Modify Import to AvoidStarImport","messageBody":"","fileTypesAndContributionMap":{"functional-code":{"insertions":1,"deletions":1},"test-code":{"insertions":1,"deletions":1}}}]},{"date":"2021-10-20","commitResults":[{"hash":"953b807a58cb1392211e88057b8880409baabd1c","messageTitle":"Add Part of v2.0 DG","messageBody":"","fileTypesAndContributionMap":{"docs":{"insertions":23,"deletions":5}}},{"hash":"3649b157b2194fde57d8891ffd50b276c768b74c","messageTitle":"Add runtest.sh","messageBody":"","fileTypesAndContributionMap":{"other":{"insertions":0,"deletions":0}}}]},{"date":"2021-10-22","commitResults":[{"hash":"9b8101e7da7c481f17a55b8660896731cda8b6af","messageTitle":"Add Sorting Function","messageBody":"","fileTypesAndContributionMap":{"functional-code":{"insertions":92,"deletions":20}}},{"hash":"c26fd6d29d39f3f608f367d378671c3405013880","messageTitle":"Add Sorting Function","messageBody":"","fileTypesAndContributionMap":{"functional-code":{"insertions":77,"deletions":24},"other":{"insertions":0,"deletions":0},"docs":{"insertions":23,"deletions":5},"test-code":{"insertions":23,"deletions":7}}},{"hash":"c94bb919885ff6af53a733086e5d4c532d23e463","messageTitle":"Resolved conflict","messageBody":"","fileTypesAndContributionMap":{"functional-code":{"insertions":22,"deletions":23}}},{"hash":"bad4588e8bc7949080a236fd8f76b6a6205c40e8","messageTitle":"Resolved conflict","messageBody":"","fileTypesAndContributionMap":{"functional-code":{"insertions":37,"deletions":32}}},{"hash":"3fca9256ce4468f2c325b1b763cce31c5352de18","messageTitle":"Resolved conflict","messageBody":"","fileTypesAndContributionMap":{"functional-code":{"insertions":4,"deletions":5}}},{"hash":"c3072de9821d5c8758cb80ad3bfec8ce2a4ffcb0","messageTitle":"Resolved conflict","messageBody":"","fileTypesAndContributionMap":{"functional-code":{"insertions":2,"deletions":2}}},{"hash":"b689d96ebad71ae6a24944f12d0cf9053dffbbcc","messageTitle":"Store all logs on background","messageBody":"","fileTypesAndContributionMap":{"functional-code":{"insertions":48,"deletions":5}}},{"hash":"476e05bf646562f9c6e2b57bda1f398996861071","messageTitle":"Add Amount Sort by Descending","messageBody":"","fileTypesAndContributionMap":{"functional-code":{"insertions":9,"deletions":2}}}]},{"date":"2021-10-28","commitResults":[{"hash":"279a9226e707313802fb2c4fe4e148f95c53757f","messageTitle":"Refactor Amount Sort by Ascending or Descending","messageBody":"","fileTypesAndContributionMap":{"functional-code":{"insertions":20,"deletions":13}}},{"hash":"295fedbdfaa23c9320f6dafb4917b51d5df9ea8a","messageTitle":"Refactor Amount Sort by Ascending or Descending","messageBody":"","fileTypesAndContributionMap":{"functional-code":{"insertions":3,"deletions":4}}},{"hash":"3cbfa265df6951fee269af6bd80c176dba6a937f","messageTitle":"Refactor Amount Sort by Ascending or Descending","messageBody":"","fileTypesAndContributionMap":{"functional-code":{"insertions":2,"deletions":2}}},{"hash":"6b9ae5a57b53874ab1abaa988c8e3b892bdb8cc3","messageTitle":"Add User Guide Draft","messageBody":"","fileTypesAndContributionMap":{"docs":{"insertions":1,"deletions":0}}},{"hash":"fd0cb5db1699271468e760cc44b931c792fb6e6e","messageTitle":"Add User Guide Draft","messageBody":"","fileTypesAndContributionMap":{"docs":{"insertions":28,"deletions":0}}}]}],"e0373972":[{"date":"2021-09-22","commitResults":[{"hash":"d81dd99c58e54010bb041764479881db1f32b79a","messageTitle":"add-wenweiWang-info","messageBody":"","fileTypesAndContributionMap":{"docs":{"insertions":1,"deletions":0}}}]},{"date":"2021-09-23","commitResults":[{"hash":"c9da2140215519a9f89527ffd8fd78040f9dd5dd","messageTitle":"add-wenweiWang-name","messageBody":"","fileTypesAndContributionMap":{"docs":{"insertions":1,"deletions":1}}}]},{"date":"2021-10-12","commitResults":[{"hash":"d3d79651efac1ecef99fbb4c2d1b44e10636997e","messageTitle":"List: display all expenses","messageBody":"","fileTypesAndContributionMap":{"functional-code":{"insertions":79,"deletions":0}}}]},{"date":"2021-10-13","commitResults":[{"hash":"fef338c7aab40bfd39375da1c29b6f0ccfa556b5","messageTitle":"Used JUnit: add TaskTest","messageBody":"","fileTypesAndContributionMap":{"functional-code":{"insertions":10,"deletions":2},"test-code":{"insertions":15,"deletions":0}}},{"hash":"a378b5ce189d6908dd9c8213887a2e3e1d97343a","messageTitle":"update code format","messageBody":"","fileTypesAndContributionMap":{"functional-code":{"insertions":13,"deletions":11}}},{"hash":"d3913e360cb1660c1cbbcf233378200867a13a31","messageTitle":"update code formate","messageBody":"","fileTypesAndContributionMap":{"test-code":{"insertions":3,"deletions":1}}}]},{"date":"2021-10-14","commitResults":[{"hash":"04a1dce7416e6ac52d6c69ea40f80d3b0323568a","messageTitle":"add test folder","messageBody":"","fileTypesAndContributionMap":{"test-code":{"insertions":12,"deletions":0}}}]},{"date":"2021-10-15","commitResults":[{"hash":"48595088c7fc17035232aab93f2d572dcbc3128b","messageTitle":"add junit and assertion","messageBody":"","fileTypesAndContributionMap":{"functional-code":{"insertions":3,"deletions":0},"test-code":{"insertions":38,"deletions":0}}},{"hash":"a74ca770c3a851391c93e7c1a311d3c885d29c74","messageTitle":"add Logging","messageBody":"","fileTypesAndContributionMap":{"functional-code":{"insertions":8,"deletions":1},"test-code":{"insertions":2,"deletions":0}}}]},{"date":"2021-10-19","commitResults":[{"hash":"9756e74cbf11988057801067bbd0384d1c48a062","messageTitle":"update code","messageBody":"","fileTypesAndContributionMap":{"functional-code":{"insertions":2,"deletions":2}}},{"hash":"514791b483d1972ae93af1cdc1a3c2db960748b0","messageTitle":"remove folder","messageBody":"","fileTypesAndContributionMap":{"other":{"insertions":0,"deletions":42}}},{"hash":"77af6064cdd43a9e7d16f034be781e8d279debad","messageTitle":"update code","messageBody":"","fileTypesAndContributionMap":{"functional-code":{"insertions":6,"deletions":6},"other":{"insertions":42,"deletions":0}}},{"hash":"3e28f1460228c64607d26c0c3f7201701d1e01ba","messageTitle":"update code","messageBody":"","fileTypesAndContributionMap":{"functional-code":{"insertions":5,"deletions":5}}},{"hash":"a579dfa8476ed1c82bd500f5d00980a145a9ba36","messageTitle":"update gradle properites","messageBody":"","fileTypesAndContributionMap":{"other":{"insertions":1,"deletions":1}}}]},{"date":"2021-10-20","commitResults":[{"hash":"62cf07132376b0eeedcf1a5060ae98e786f12136","messageTitle":"add income command","messageBody":"","fileTypesAndContributionMap":{"functional-code":{"insertions":38,"deletions":2}}}]},{"date":"2021-10-21","commitResults":[{"hash":"2403873a51e43da83efb9c7e6e76b25feae21aa7","messageTitle":"Assertions","messageBody":"","fileTypesAndContributionMap":{"functional-code":{"insertions":3,"deletions":0}}},{"hash":"35093b5148e862a4fa33c21ce1098e6be502a4b4","messageTitle":"update assert","messageBody":"","fileTypesAndContributionMap":{"functional-code":{"insertions":1,"deletions":1}}}]},{"date":"2021-10-22","commitResults":[{"hash":"659bcc4508db656315d1ed92f8c5fa82572b1a20","messageTitle":"Automatically capture input time","messageBody":"","fileTypesAndContributionMap":{"functional-code":{"insertions":26,"deletions":8},"test-code":{"insertions":23,"deletions":7}}},{"hash":"764ffd67ebe72d237718296a86972b9f54215823","messageTitle":"update developer guide","messageBody":"","fileTypesAndContributionMap":{"docs":{"insertions":3,"deletions":0}}}]},{"date":"2021-10-27","commitResults":[{"hash":"894203fc0bb6ef5311eb3e3676bc5143676b8f60","messageTitle":"new ListCommandTest","messageBody":"","fileTypesAndContributionMap":{"test-code":{"insertions":9,"deletions":22}}}]},{"date":"2021-10-28","commitResults":[{"hash":"ae311180aaeb57fcc4e1cbf83cc6a5e6b86384a5","messageTitle":"UG Draft","messageBody":"","fileTypesAndContributionMap":{"docs":{"insertions":43,"deletions":20}}},{"hash":"17d41f818f676fa765c583a2d88aaec97eca0eba","messageTitle":"Developer Guide Draft","messageBody":"","fileTypesAndContributionMap":{"docs":{"insertions":8,"deletions":4}}}]}],"zyjarvis":[{"date":"2021-09-22","commitResults":[{"hash":"48b87c7c4e1a6f996ff50cd2be6d3f4ff71101d9","messageTitle":"Create zhangYun.md","messageBody":"","fileTypesAndContributionMap":{"docs":{"insertions":0,"deletions":0}}}]},{"date":"2021-09-23","commitResults":[{"hash":"5b021d36fb903632e7964866a8b043d5e2ccdfc7","messageTitle":"add-zhangYun-name","messageBody":"","fileTypesAndContributionMap":{"docs":{"insertions":1,"deletions":1}}}]},{"date":"2021-10-13","commitResults":[{"hash":"5ffaaef6488b01b51e4f24a4d46baa2bef5d7599","messageTitle":"welcome and exit","messageBody":"","fileTypesAndContributionMap":{"functional-code":{"insertions":35,"deletions":15}}},{"hash":"e4a94256c12fc9ec46d31bd9aca1f11a1963490e","messageTitle":"Update Duke.java","messageBody":"","fileTypesAndContributionMap":{"functional-code":{"insertions":1,"deletions":1}}},{"hash":"18aff4b3bbc56ca1bfc6793c9ba0a8f140564166","messageTitle":"v1.0 update","messageBody":"","fileTypesAndContributionMap":{"functional-code":{"insertions":0,"deletions":3}}}]},{"date":"2021-10-14","commitResults":[{"hash":"0f4212c4e0e7f6cc58dcd544324c886a9998435f","messageTitle":"v1.0 consolidated","messageBody":"","fileTypesAndContributionMap":{"functional-code":{"insertions":233,"deletions":3},"test-code":{"insertions":0,"deletions":12}}},{"hash":"ced73b4a9b928de773cd775f5599736ca75d9ba4","messageTitle":"v1.0 consolidated","messageBody":"","fileTypesAndContributionMap":{"functional-code":{"insertions":0,"deletions":34}}},{"hash":"9e2df4eadfcfba015827bed7565ef1677b28f821","messageTitle":"v1.0 consolidated","messageBody":"","fileTypesAndContributionMap":{"test-code":{"insertions":0,"deletions":47}}},{"hash":"5c03d8320eb56421aef303a0f94aa67230dc266e","messageTitle":"v1.0 consolidated","messageBody":"","fileTypesAndContributionMap":{"functional-code":{"insertions":0,"deletions":53}}},{"hash":"d654d8794264005eb52ff85762c04a45f5804e88","messageTitle":"JUnit\u0026Logging","messageBody":"","fileTypesAndContributionMap":{"functional-code":{"insertions":1,"deletions":0},"test-code":{"insertions":32,"deletions":0}}}]},{"date":"2021-10-22","commitResults":[{"hash":"24b824e7b924b0b7d96bbb46f1ad481cb1a8bb8e","messageTitle":"find","messageBody":"","fileTypesAndContributionMap":{"functional-code":{"insertions":43,"deletions":5}}},{"hash":"7bfe375c55603aa9c1344d25414f0777d272793a","messageTitle":"updated CI checks","messageBody":"","fileTypesAndContributionMap":{"functional-code":{"insertions":6,"deletions":1}}}]},{"date":"2021-10-27","commitResults":[{"hash":"7e3f0a7003f9bb4a993a611adcb3c9348720800b","messageTitle":"new structure","messageBody":"","fileTypesAndContributionMap":{"functional-code":{"insertions":230,"deletions":312},"other":{"insertions":4,"deletions":4},"test-code":{"insertions":16,"deletions":18}}},{"hash":"e6fb25571909477f4d1675f5fbcae5de42387ea4","messageTitle":"new structure update","messageBody":"input date format change to dd-mm-yyyy\n","fileTypesAndContributionMap":{"functional-code":{"insertions":30,"deletions":34},"other":{"insertions":2,"deletions":2},"test-code":{"insertions":21,"deletions":25}}}]},{"date":"2021-10-28","commitResults":[{"hash":"2ddde8102ae61ce688ec51d815b57d93793a8c75","messageTitle":"UG updated","messageBody":"","fileTypesAndContributionMap":{"docs":{"insertions":41,"deletions":9}}},{"hash":"a521357bb44fed1e92cd6a335772afd81dfebaef","messageTitle":"v2.0 minor updated","messageBody":"","fileTypesAndContributionMap":{"functional-code":{"insertions":34,"deletions":25}}}]}],"YangShuogeng":[{"date":"2021-09-22","commitResults":[{"hash":"81b3bd98159e5e05786f697fe957e016ff4e2e10","messageTitle":"Update gradle file and added yangshuogeng.md file","messageBody":"","fileTypesAndContributionMap":{"other":{"insertions":2,"deletions":21},"docs":{"insertions":6,"deletions":0}}},{"hash":"5323bacfe8c1afa0f0fd0a3b9a4b76d79940825f","messageTitle":"updated yangshuogeng.md file","messageBody":"","fileTypesAndContributionMap":{"docs":{"insertions":0,"deletions":1}}},{"hash":"dd23bacf0417bdcaca381974a5264c0b5188f1b9","messageTitle":"Revert \"Add yangshuogeng info\"","messageBody":"","fileTypesAndContributionMap":{"other":{"insertions":21,"deletions":2},"docs":{"insertions":0,"deletions":5}}},{"hash":"b418db800c1f86f808369f62b550b5612d6e9350","messageTitle":"gggdfgd","messageBody":"","fileTypesAndContributionMap":{"docs":{"insertions":2,"deletions":0}}},{"hash":"868b2d0fbd04bbf2af386ea183813e1ed4cb715e","messageTitle":"added yangshuogeng.md","messageBody":"","fileTypesAndContributionMap":{"docs":{"insertions":0,"deletions":0}}}]},{"date":"2021-09-23","commitResults":[{"hash":"a0438330beb46334964a9d2bd3c33889ff10cca6","messageTitle":"Remove names","messageBody":"","fileTypesAndContributionMap":{"docs":{"insertions":5,"deletions":5}}},{"hash":"4e6ae4484098b34bda7171480f081e0f74e5461a","messageTitle":"added name","messageBody":"","fileTypesAndContributionMap":{"docs":{"insertions":1,"deletions":1}}}]},{"date":"2021-10-07","commitResults":[{"hash":"240b97b6831189d1844af3d6e058c66dbe9eedc1","messageTitle":"Added Delete class and feature","messageBody":"","fileTypesAndContributionMap":{"functional-code":{"insertions":33,"deletions":0}}}]},{"date":"2021-10-12","commitResults":[{"hash":"4d65f0fb17e2730ffe0fcd323111d82c2a5a9b5f","messageTitle":"Added one Assert Unit test function and updated Delete class","messageBody":"","fileTypesAndContributionMap":{"functional-code":{"insertions":4,"deletions":4},"test-code":{"insertions":30,"deletions":0}}},{"hash":"362d08112ae8b6484a7bb9162caf3c405f71c1a7","messageTitle":"Changed import file.","messageBody":"","fileTypesAndContributionMap":{"test-code":{"insertions":1,"deletions":1}}}]},{"date":"2021-10-13","commitResults":[{"hash":"4e7272b080c4d9acfe1df4873b50538d18b200f6","messageTitle":"Renamed and fixed bracket error","messageBody":"","fileTypesAndContributionMap":{"other":{"insertions":7,"deletions":6}}}]},{"date":"2021-10-14","commitResults":[{"hash":"649a042fd45046a7e5f04e3aa0b12003d705ad6d","messageTitle":"Added one logger in delete class","messageBody":"","fileTypesAndContributionMap":{"functional-code":{"insertions":7,"deletions":0}}}]},{"date":"2021-10-15","commitResults":[{"hash":"cfd883110187d1d7c22d0af4cd9c4993b204bd64","messageTitle":"Added JUnit and Assertion","messageBody":"","fileTypesAndContributionMap":{"functional-code":{"insertions":7,"deletions":2},"test-code":{"insertions":40,"deletions":0}}}]},{"date":"2021-10-19","commitResults":[{"hash":"2d01938cdd6b8ff780d90d40b49a5766b221abf9","messageTitle":"tt","messageBody":"","fileTypesAndContributionMap":{"test-code":{"insertions":0,"deletions":1}}}]},{"date":"2021-10-21","commitResults":[{"hash":"d16fc65146fe322fbeef6b845f6442644466e7e1","messageTitle":"Added InputErrorException class and change the expense element date\u0027s type to Date from String","messageBody":"","fileTypesAndContributionMap":{"functional-code":{"insertions":62,"deletions":12}}},{"hash":"24884cf875aaf50d32469fe0464dbb5a25cf7bbc","messageTitle":"Added new error catch and added type variable in List class","messageBody":"","fileTypesAndContributionMap":{"functional-code":{"insertions":66,"deletions":7}}}]},{"date":"2021-10-22","commitResults":[{"hash":"d1bbe9e5cac9aa724fd27cf869e3b31885ddcf57","messageTitle":"Added some error handles, change the date method in Parser class, and set the date printing format","messageBody":"","fileTypesAndContributionMap":{"functional-code":{"insertions":22,"deletions":5}}},{"hash":"4a03fca4f836a37f843d6256b7e03561fc9cde99","messageTitle":"Added few \u0027import class\u0027","messageBody":"","fileTypesAndContributionMap":{"functional-code":{"insertions":2,"deletions":1}}},{"hash":"af336656228857c637dbab808d8608d9b4236bf2","messageTitle":"Update ExpenseList.java","messageBody":"","fileTypesAndContributionMap":{"functional-code":{"insertions":2,"deletions":2}}}]},{"date":"2021-10-23","commitResults":[{"hash":"080cd4a4a36a166fe9b3f62e12f61cd6e2c42c3d","messageTitle":"Updated few functions to change date type from String to Date","messageBody":"","fileTypesAndContributionMap":{"functional-code":{"insertions":10,"deletions":28}}}]},{"date":"2021-10-24","commitResults":[{"hash":"42ccc067c573e7ba1258ad335f3ff6da84315942","messageTitle":"Updated Date type in different classes","messageBody":"","fileTypesAndContributionMap":{"functional-code":{"insertions":39,"deletions":49},"test-code":{"insertions":48,"deletions":11}}},{"hash":"475c473ba5a8a8f93da39c5facbf1ee7706b693f","messageTitle":"Updated getListType function","messageBody":"","fileTypesAndContributionMap":{"functional-code":{"insertions":10,"deletions":7}}},{"hash":"e8865ccda04e2ed92fc3debe625677ce14f72eb5","messageTitle":"Updated ListCommand class","messageBody":"","fileTypesAndContributionMap":{"functional-code":{"insertions":3,"deletions":2}}},{"hash":"258470a9ab4d1d6b1ecf8ca2af35d013e3208d12","messageTitle":"Updated list command","messageBody":"","fileTypesAndContributionMap":{"functional-code":{"insertions":12,"deletions":1}}},{"hash":"a7f010823f49af0847ebcaa6ae8092113d39cc46","messageTitle":"Update if statement style","messageBody":"","fileTypesAndContributionMap":{"functional-code":{"insertions":2,"deletions":2}}},{"hash":"376203195b7c46469df40678754478db472aaa46","messageTitle":"Added category into Expense class","messageBody":"","fileTypesAndContributionMap":{"functional-code":{"insertions":45,"deletions":1}}}]},{"date":"2021-10-28","commitResults":[{"hash":"75ba41af96ee89bbdf38a22db4ccf48ba423b5e5","messageTitle":"Updated error handle in different classes","messageBody":"","fileTypesAndContributionMap":{"functional-code":{"insertions":100,"deletions":58},"test-code":{"insertions":2,"deletions":2}}},{"hash":"03f8a54bf302cf6c694d6839749ed0c86d9c4ad5","messageTitle":"Updated some UserGuide and DeveloperGuide","messageBody":"","fileTypesAndContributionMap":{"docs":{"insertions":25,"deletions":0}}}]}]},"authorFileTypeContributionMap":{"jr-mojito":{"docs":51,"functional-code":109,"test-code":11,"other":1},"e0373972":{"docs":52,"functional-code":19,"test-code":48},"zyjarvis":{"docs":41,"functional-code":383,"test-code":44},"YangShuogeng":{"docs":30,"functional-code":148,"test-code":57}},"authorContributionVariance":{"jr-mojito":5339.295,"e0373972":729.7534,"zyjarvis":15118.8955,"YangShuogeng":2493.5945},"authorDisplayNameMap":{"jr-mojito":"TIC4001-F18-2 LIM ..YONG","e0373972":"TIC4001-F18-2 WANG..NWEI","zyjarvis":"TIC4001-F18-2 ZHAN.. YUN","YangShuogeng":"TIC4001-F18-2 YANG..GENG"}}
