[{"path":"README.md","fileType":"docs","lines":[{"lineNumber":1,"author":{"gitId":"KaydenKhor"},"content":"#This is TEAM 5 project- AIR REC","lastModifiedDate":"2021-09-17"},{"lineNumber":2,"author":{"gitId":"KaydenKhor"},"content":"","lastModifiedDate":"2021-09-17"},{"lineNumber":3,"author":{"gitId":"-"},"content":"# Duke project template","lastModifiedDate":"2020-05-25"},{"lineNumber":4,"author":{"gitId":"-"},"content":"","lastModifiedDate":"2020-05-25"},{"lineNumber":5,"author":{"gitId":"-"},"content":"This is a project template for a greenfield Java project. It\u0027s named after the Java mascot _Duke_. Given below are instructions on how to use it.","lastModifiedDate":"2020-05-25"},{"lineNumber":6,"author":{"gitId":"-"},"content":"","lastModifiedDate":"2020-05-25"},{"lineNumber":7,"author":{"gitId":"-"},"content":"## Setting up in Intellij","lastModifiedDate":"2020-05-25"},{"lineNumber":8,"author":{"gitId":"-"},"content":"","lastModifiedDate":"2020-05-25"},{"lineNumber":9,"author":{"gitId":"-"},"content":"Prerequisites: JDK 11 (use the exact version), update Intellij to the most recent version.","lastModifiedDate":"2020-05-24"},{"lineNumber":10,"author":{"gitId":"-"},"content":"","lastModifiedDate":"2020-05-24"},{"lineNumber":11,"author":{"gitId":"-"},"content":"1. **Ensure Intellij JDK 11 is defined as an SDK**, as described [here](https://www.jetbrains.com/help/idea/sdk.html#set-up-jdk) -- this step is not needed if you have used JDK 11 in a previous Intellij project.","lastModifiedDate":"2020-05-24"},{"lineNumber":12,"author":{"gitId":"-"},"content":"1. **Import the project _as a Gradle project_**, as described [here](https://se-education.org/guides/tutorials/intellijImportGradleProject.html).","lastModifiedDate":"2020-05-24"},{"lineNumber":13,"author":{"gitId":"-"},"content":"1. **Verify the set up**: After the importing is complete, locate the `src/main/java/seedu/duke/Duke.java` file, right-click it, and choose `Run Duke.main()`. If the setup is correct, you should see something like the below:","lastModifiedDate":"2020-05-24"},{"lineNumber":14,"author":{"gitId":"-"},"content":"   ```","lastModifiedDate":"2020-05-25"},{"lineNumber":15,"author":{"gitId":"-"},"content":"   \u003e Task :compileJava","lastModifiedDate":"2020-05-24"},{"lineNumber":16,"author":{"gitId":"-"},"content":"   \u003e Task :processResources NO-SOURCE","lastModifiedDate":"2020-05-24"},{"lineNumber":17,"author":{"gitId":"-"},"content":"   \u003e Task :classes","lastModifiedDate":"2020-05-24"},{"lineNumber":18,"author":{"gitId":"-"},"content":"   ","lastModifiedDate":"2020-05-24"},{"lineNumber":19,"author":{"gitId":"-"},"content":"   \u003e Task :Duke.main()","lastModifiedDate":"2020-05-24"},{"lineNumber":20,"author":{"gitId":"-"},"content":"   Hello from","lastModifiedDate":"2020-05-25"},{"lineNumber":21,"author":{"gitId":"-"},"content":"    ____        _        ","lastModifiedDate":"2020-05-25"},{"lineNumber":22,"author":{"gitId":"-"},"content":"   |  _ \\ _   _| | _____ ","lastModifiedDate":"2020-05-25"},{"lineNumber":23,"author":{"gitId":"-"},"content":"   | | | | | | | |/ / _ \\","lastModifiedDate":"2020-05-25"},{"lineNumber":24,"author":{"gitId":"-"},"content":"   | |_| | |_| |   \u003c  __/","lastModifiedDate":"2020-05-25"},{"lineNumber":25,"author":{"gitId":"-"},"content":"   |____/ \\__,_|_|\\_\\___|","lastModifiedDate":"2020-05-25"},{"lineNumber":26,"author":{"gitId":"-"},"content":"   ","lastModifiedDate":"2020-05-24"},{"lineNumber":27,"author":{"gitId":"-"},"content":"   What is your name?","lastModifiedDate":"2020-05-24"},{"lineNumber":28,"author":{"gitId":"-"},"content":"   ```","lastModifiedDate":"2020-05-25"},{"lineNumber":29,"author":{"gitId":"-"},"content":"   Type some word and press enter to let the execution proceed to the end.","lastModifiedDate":"2020-05-24"},{"lineNumber":30,"author":{"gitId":"-"},"content":"","lastModifiedDate":"2020-05-24"},{"lineNumber":31,"author":{"gitId":"-"},"content":"## Build automation using Gradle","lastModifiedDate":"2020-05-24"},{"lineNumber":32,"author":{"gitId":"-"},"content":"","lastModifiedDate":"2020-05-24"},{"lineNumber":33,"author":{"gitId":"-"},"content":"* This project uses Gradle for build automation and dependency management. It includes a basic build script as well (i.e. the `build.gradle` file).","lastModifiedDate":"2020-05-24"},{"lineNumber":34,"author":{"gitId":"-"},"content":"* If you are new to Gradle, refer to the [Gradle Tutorial at se-education.org/guides](https://se-education.org/guides/tutorials/gradle.html).","lastModifiedDate":"2020-05-24"},{"lineNumber":35,"author":{"gitId":"-"},"content":"","lastModifiedDate":"2020-05-24"},{"lineNumber":36,"author":{"gitId":"-"},"content":"## Testing","lastModifiedDate":"2020-05-24"},{"lineNumber":37,"author":{"gitId":"-"},"content":"","lastModifiedDate":"2020-05-24"},{"lineNumber":38,"author":{"gitId":"-"},"content":"### I/O redirection tests","lastModifiedDate":"2020-05-24"},{"lineNumber":39,"author":{"gitId":"-"},"content":"","lastModifiedDate":"2020-05-24"},{"lineNumber":40,"author":{"gitId":"-"},"content":"* To run _I/O redirection_ tests (aka _Text UI tests_), navigate to the `text-ui-test` and run the `runtest(.bat/.sh)` script.","lastModifiedDate":"2020-05-24"},{"lineNumber":41,"author":{"gitId":"-"},"content":"","lastModifiedDate":"2020-05-24"},{"lineNumber":42,"author":{"gitId":"-"},"content":"### JUnit tests","lastModifiedDate":"2020-05-24"},{"lineNumber":43,"author":{"gitId":"-"},"content":"","lastModifiedDate":"2020-05-24"},{"lineNumber":44,"author":{"gitId":"-"},"content":"* A skeleton JUnit test (`src/test/java/seedu/duke/DukeTest.java`) is provided with this project template. ","lastModifiedDate":"2020-05-24"},{"lineNumber":45,"author":{"gitId":"-"},"content":"* If you are new to JUnit, refer to the [JUnit Tutorial at se-education.org/guides](https://se-education.org/guides/tutorials/junit.html).","lastModifiedDate":"2020-05-24"},{"lineNumber":46,"author":{"gitId":"-"},"content":"","lastModifiedDate":"2020-05-24"},{"lineNumber":47,"author":{"gitId":"-"},"content":"## Checkstyle","lastModifiedDate":"2020-05-24"},{"lineNumber":48,"author":{"gitId":"-"},"content":"","lastModifiedDate":"2020-05-24"},{"lineNumber":49,"author":{"gitId":"-"},"content":"* A sample CheckStyle rule configuration is provided in this project.","lastModifiedDate":"2020-05-24"},{"lineNumber":50,"author":{"gitId":"-"},"content":"* If you are new to Checkstyle, refer to the [Checkstyle Tutorial at se-education.org/guides](https://se-education.org/guides/tutorials/checkstyle.html).","lastModifiedDate":"2020-05-24"},{"lineNumber":51,"author":{"gitId":"-"},"content":"","lastModifiedDate":"2020-05-24"},{"lineNumber":52,"author":{"gitId":"-"},"content":"## CI using GitHub Actions","lastModifiedDate":"2020-05-24"},{"lineNumber":53,"author":{"gitId":"-"},"content":"","lastModifiedDate":"2020-05-24"},{"lineNumber":54,"author":{"gitId":"-"},"content":"The project uses [GitHub actions](https://github.com/features/actions) for CI. When you push a commit to this repo or PR against it, GitHub actions will run automatically to build and verify the code as updated by the commit/PR.","lastModifiedDate":"2020-05-24"},{"lineNumber":55,"author":{"gitId":"-"},"content":"","lastModifiedDate":"2020-05-24"},{"lineNumber":56,"author":{"gitId":"-"},"content":"## Documentation","lastModifiedDate":"2020-05-24"},{"lineNumber":57,"author":{"gitId":"-"},"content":"","lastModifiedDate":"2020-05-24"},{"lineNumber":58,"author":{"gitId":"-"},"content":"`/docs` folder contains a skeleton version of the project documentation.","lastModifiedDate":"2020-05-24"},{"lineNumber":59,"author":{"gitId":"-"},"content":"","lastModifiedDate":"2020-05-24"},{"lineNumber":60,"author":{"gitId":"-"},"content":"Steps for publishing documentation to the public: ","lastModifiedDate":"2020-05-24"},{"lineNumber":61,"author":{"gitId":"-"},"content":"1. If you are using this project template for an individual project, go your fork on GitHub.\u003cbr\u003e","lastModifiedDate":"2020-05-24"},{"lineNumber":62,"author":{"gitId":"-"},"content":"   If you are using this project template for a team project, go to the team fork on GitHub.","lastModifiedDate":"2020-05-24"},{"lineNumber":63,"author":{"gitId":"-"},"content":"1. Click on the `settings` tab.","lastModifiedDate":"2020-05-24"},{"lineNumber":64,"author":{"gitId":"-"},"content":"1. Scroll down to the `GitHub Pages` section.","lastModifiedDate":"2020-05-24"},{"lineNumber":65,"author":{"gitId":"-"},"content":"1. Set the `source` as `master branch /docs folder`.","lastModifiedDate":"2020-05-24"},{"lineNumber":66,"author":{"gitId":"-"},"content":"1. Optionally, use the `choose a theme` button to choose a theme for your documentation.","lastModifiedDate":"2020-05-24"}],"authorContributionMap":{"KaydenKhor":2,"-":64}},{"path":"docs/AboutUs.md","fileType":"docs","lines":[{"lineNumber":1,"author":{"gitId":"-"},"content":"# About us","lastModifiedDate":"2020-05-24"},{"lineNumber":2,"author":{"gitId":"-"},"content":"","lastModifiedDate":"2020-05-24"},{"lineNumber":3,"author":{"gitId":"KaydenKhor"},"content":"Display | Name | Github Profile ","lastModifiedDate":"2021-09-25"},{"lineNumber":4,"author":{"gitId":"KaydenKhor"},"content":"--------|:----:|:--------------:","lastModifiedDate":"2021-09-25"},{"lineNumber":5,"author":{"gitId":"KaydenKhor"},"content":"![](https://via.placeholder.com/100.png?text\u003dPhoto) | Khor Kee Yong | [Github](https://github.com/KaydenKhor) ","lastModifiedDate":"2021-09-25"},{"lineNumber":6,"author":{"gitId":"KaydenKhor"},"content":"![](https://via.placeholder.com/100.png?text\u003dPhoto) | Low Yan Shuang | [Github](https://github.com/lowyanshuang) ","lastModifiedDate":"2021-09-25"},{"lineNumber":7,"author":{"gitId":"badfr0g"},"content":"![](https://via.placeholder.com/100.png?text\u003dPhoto) | Joseph Guo Yang | [Github](https://github.com/badfr0g) ","lastModifiedDate":"2021-09-26"},{"lineNumber":8,"author":{"gitId":"KaydenKhor"},"content":"","lastModifiedDate":"2021-09-27"}],"authorContributionMap":{"badfr0g":1,"-":2,"KaydenKhor":5}},{"path":"docs/README.md","fileType":"docs","lines":[{"lineNumber":1,"author":{"gitId":"-"},"content":"","lastModifiedDate":"2021-09-25"},{"lineNumber":2,"author":{"gitId":"KaydenKhor"},"content":"## AIR REC - TEAM 5","lastModifiedDate":"2021-09-25"},{"lineNumber":3,"author":{"gitId":"-"},"content":"","lastModifiedDate":"2019-07-29"},{"lineNumber":4,"author":{"gitId":"KaydenKhor"},"content":"Air Rec is a desktop app for managing flight records, optimized for use via a Command Line Interface (CLI). User will not have to remember flight details and it can be found easily with commands.","lastModifiedDate":"2021-09-25"},{"lineNumber":5,"author":{"gitId":"-"},"content":"","lastModifiedDate":"2019-07-29"},{"lineNumber":6,"author":{"gitId":"KaydenKhor"},"content":"","lastModifiedDate":"2021-09-27"},{"lineNumber":7,"author":{"gitId":"KaydenKhor"},"content":"1. Quick start","lastModifiedDate":"2021-09-25"},{"lineNumber":8,"author":{"gitId":"KaydenKhor"},"content":"1. Features","lastModifiedDate":"2021-09-25"},{"lineNumber":9,"author":{"gitId":"KaydenKhor"},"content":"\t1. Adding a flight: add","lastModifiedDate":"2021-09-25"},{"lineNumber":10,"author":{"gitId":"KaydenKhor"},"content":"\t1. Showing all flights: show all","lastModifiedDate":"2021-09-25"},{"lineNumber":11,"author":{"gitId":"KaydenKhor"},"content":"\t1. Showing upcoming flight: show upcoming","lastModifiedDate":"2021-09-25"},{"lineNumber":12,"author":{"gitId":"KaydenKhor"},"content":"\t1. Deleting a flight: delete","lastModifiedDate":"2021-09-25"},{"lineNumber":13,"author":{"gitId":"KaydenKhor"},"content":"\t1. Exiting the program : exit","lastModifiedDate":"2021-09-25"},{"lineNumber":14,"author":{"gitId":"KaydenKhor"},"content":"","lastModifiedDate":"2021-09-25"},{"lineNumber":15,"author":{"gitId":"KaydenKhor"},"content":"1. FAQ","lastModifiedDate":"2021-09-25"},{"lineNumber":16,"author":{"gitId":"KaydenKhor"},"content":"1. Command summary","lastModifiedDate":"2021-09-25"},{"lineNumber":17,"author":{"gitId":"KaydenKhor"},"content":"","lastModifiedDate":"2021-09-25"},{"lineNumber":18,"author":{"gitId":"KaydenKhor"},"content":"","lastModifiedDate":"2021-09-25"},{"lineNumber":19,"author":{"gitId":"KaydenKhor"},"content":"","lastModifiedDate":"2021-09-25"},{"lineNumber":20,"author":{"gitId":"KaydenKhor"},"content":"","lastModifiedDate":"2021-09-25"},{"lineNumber":21,"author":{"gitId":"KaydenKhor"},"content":"","lastModifiedDate":"2021-09-25"},{"lineNumber":22,"author":{"gitId":"KaydenKhor"},"content":"## Quick Start","lastModifiedDate":"2021-09-25"},{"lineNumber":23,"author":{"gitId":"KaydenKhor"},"content":"","lastModifiedDate":"2021-09-25"},{"lineNumber":24,"author":{"gitId":"KaydenKhor"},"content":"Prerequisites: JDK 11, update Intellij to the most recent version.","lastModifiedDate":"2021-09-25"},{"lineNumber":25,"author":{"gitId":"KaydenKhor"},"content":"","lastModifiedDate":"2021-09-25"},{"lineNumber":26,"author":{"gitId":"KaydenKhor"},"content":"1. Ensure you have Java 11 or above installed in your computer.","lastModifiedDate":"2021-09-25"},{"lineNumber":27,"author":{"gitId":"KaydenKhor"},"content":"2. Download the latest airrec.jar from here.","lastModifiedDate":"2021-09-25"},{"lineNumber":28,"author":{"gitId":"KaydenKhor"},"content":"3. Copy the file to the folder you want to use as the home folder for your Air Record.","lastModifiedDate":"2021-09-25"},{"lineNumber":29,"author":{"gitId":"KaydenKhor"},"content":"4. Double-click the file to start the app. The GUI will greet you with:","lastModifiedDate":"2021-09-25"},{"lineNumber":30,"author":{"gitId":"KaydenKhor"},"content":"","lastModifiedDate":"2021-09-25"},{"lineNumber":31,"author":{"gitId":"KaydenKhor"},"content":"```","lastModifiedDate":"2021-09-25"},{"lineNumber":32,"author":{"gitId":"KaydenKhor"},"content":"    ","lastModifiedDate":"2021-09-25"},{"lineNumber":33,"author":{"gitId":"KaydenKhor"},"content":"Hi I’m AIR REC, I can help you save all the flight details!","lastModifiedDate":"2021-09-25"},{"lineNumber":34,"author":{"gitId":"KaydenKhor"},"content":"How can I assist you today?”","lastModifiedDate":"2021-09-25"},{"lineNumber":35,"author":{"gitId":"KaydenKhor"},"content":"\t","lastModifiedDate":"2021-09-25"},{"lineNumber":36,"author":{"gitId":"KaydenKhor"},"content":"   ```","lastModifiedDate":"2021-09-25"},{"lineNumber":37,"author":{"gitId":"KaydenKhor"},"content":" 5. Type the command in the command box and press Enter to execute it. e.g. typing list and pressing Enter will display all task that you have saved so far in the window.","lastModifiedDate":"2021-09-25"},{"lineNumber":38,"author":{"gitId":"KaydenKhor"},"content":"Some example commands you can try:","lastModifiedDate":"2021-09-25"},{"lineNumber":39,"author":{"gitId":"KaydenKhor"},"content":"","lastModifiedDate":"2021-09-25"},{"lineNumber":40,"author":{"gitId":"KaydenKhor"},"content":"\t1. add /from Australia /to Singapore /date 10 Jan 2021 12:00 /price 500: Add a trip departing from Australia to Singapore on 10 Jan 2021 12pm with a price of $500","lastModifiedDate":"2021-09-25"},{"lineNumber":41,"author":{"gitId":"KaydenKhor"},"content":"","lastModifiedDate":"2021-09-25"},{"lineNumber":42,"author":{"gitId":"KaydenKhor"},"content":"\t1. show all: List out all flight details","lastModifiedDate":"2021-09-25"},{"lineNumber":43,"author":{"gitId":"KaydenKhor"},"content":"","lastModifiedDate":"2021-09-25"},{"lineNumber":44,"author":{"gitId":"KaydenKhor"},"content":"\t1. show upcoming: List out the flight that is the first index of the list","lastModifiedDate":"2021-09-25"},{"lineNumber":45,"author":{"gitId":"KaydenKhor"},"content":"","lastModifiedDate":"2021-09-25"},{"lineNumber":46,"author":{"gitId":"KaydenKhor"},"content":"\t1. delete3 : Deletes the 3rd flight shown in the current list.","lastModifiedDate":"2021-09-25"},{"lineNumber":47,"author":{"gitId":"KaydenKhor"},"content":"","lastModifiedDate":"2021-09-25"},{"lineNumber":48,"author":{"gitId":"KaydenKhor"},"content":"\t1. exit : Exits the application.","lastModifiedDate":"2021-09-25"},{"lineNumber":49,"author":{"gitId":"KaydenKhor"},"content":"","lastModifiedDate":"2021-09-25"},{"lineNumber":50,"author":{"gitId":"KaydenKhor"},"content":"6. Duke has auto-save and auto-load function. The list is being save as a text file named \"Duke.txt\" which is auto created and overwritten in the root folder.","lastModifiedDate":"2021-09-25"},{"lineNumber":51,"author":{"gitId":"KaydenKhor"},"content":"","lastModifiedDate":"2021-09-25"},{"lineNumber":52,"author":{"gitId":"KaydenKhor"},"content":"7. Refer to the Features below for details of each command.","lastModifiedDate":"2021-09-25"},{"lineNumber":53,"author":{"gitId":"KaydenKhor"},"content":"","lastModifiedDate":"2021-09-25"},{"lineNumber":54,"author":{"gitId":"KaydenKhor"},"content":"## Features","lastModifiedDate":"2021-09-25"},{"lineNumber":55,"author":{"gitId":"KaydenKhor"},"content":"","lastModifiedDate":"2021-09-25"},{"lineNumber":56,"author":{"gitId":"KaydenKhor"},"content":"\u003cb\u003eNotes about the command format:\u003c/b\u003e","lastModifiedDate":"2021-09-25"},{"lineNumber":57,"author":{"gitId":"KaydenKhor"},"content":"","lastModifiedDate":"2021-09-25"},{"lineNumber":58,"author":{"gitId":"KaydenKhor"},"content":"\t1. Date and time format are as shown: yyyy-mm-dd HHMM","lastModifiedDate":"2021-09-25"},{"lineNumber":59,"author":{"gitId":"KaydenKhor"},"content":"","lastModifiedDate":"2021-09-25"},{"lineNumber":60,"author":{"gitId":"KaydenKhor"},"content":"### Adding a flight: add","lastModifiedDate":"2021-09-25"},{"lineNumber":61,"author":{"gitId":"KaydenKhor"},"content":"","lastModifiedDate":"2021-09-25"},{"lineNumber":62,"author":{"gitId":"KaydenKhor"},"content":"Adds a new flight trip to the list.","lastModifiedDate":"2021-09-25"},{"lineNumber":63,"author":{"gitId":"KaydenKhor"},"content":"NOTE: For version 1.1 Air Rec will be reading the descriptions after add as a full string. We will work on to process these strings into data on version 1.2 onwards.","lastModifiedDate":"2021-09-25"},{"lineNumber":64,"author":{"gitId":"KaydenKhor"},"content":"","lastModifiedDate":"2021-09-25"},{"lineNumber":65,"author":{"gitId":"KaydenKhor"},"content":"Format: [add] [/from] [depart details] [/to] [destination] [/date] [date \u0026 time of departure] [/price] [price of trip]","lastModifiedDate":"2021-09-25"},{"lineNumber":66,"author":{"gitId":"KaydenKhor"},"content":"","lastModifiedDate":"2021-09-25"},{"lineNumber":67,"author":{"gitId":"KaydenKhor"},"content":"Example: ","lastModifiedDate":"2021-09-25"},{"lineNumber":68,"author":{"gitId":"KaydenKhor"},"content":"","lastModifiedDate":"2021-09-25"},{"lineNumber":69,"author":{"gitId":"KaydenKhor"},"content":"add /from Australia /to Singapore /date 10 Jan 2021 12:00 /price 500","lastModifiedDate":"2021-09-25"},{"lineNumber":70,"author":{"gitId":"KaydenKhor"},"content":"","lastModifiedDate":"2021-09-25"},{"lineNumber":71,"author":{"gitId":"KaydenKhor"},"content":"","lastModifiedDate":"2021-09-25"},{"lineNumber":72,"author":{"gitId":"KaydenKhor"},"content":"### Showing all flights: show all","lastModifiedDate":"2021-09-25"},{"lineNumber":73,"author":{"gitId":"KaydenKhor"},"content":"","lastModifiedDate":"2021-09-25"},{"lineNumber":74,"author":{"gitId":"KaydenKhor"},"content":"List out all flight trip","lastModifiedDate":"2021-09-25"},{"lineNumber":75,"author":{"gitId":"KaydenKhor"},"content":"","lastModifiedDate":"2021-09-25"},{"lineNumber":76,"author":{"gitId":"KaydenKhor"},"content":"Format: [show] [all]","lastModifiedDate":"2021-09-25"},{"lineNumber":77,"author":{"gitId":"KaydenKhor"},"content":"","lastModifiedDate":"2021-09-25"},{"lineNumber":78,"author":{"gitId":"KaydenKhor"},"content":"Example:","lastModifiedDate":"2021-09-25"},{"lineNumber":79,"author":{"gitId":"KaydenKhor"},"content":"","lastModifiedDate":"2021-09-25"},{"lineNumber":80,"author":{"gitId":"KaydenKhor"},"content":"show all","lastModifiedDate":"2021-09-25"},{"lineNumber":81,"author":{"gitId":"KaydenKhor"},"content":"","lastModifiedDate":"2021-09-25"},{"lineNumber":82,"author":{"gitId":"KaydenKhor"},"content":"","lastModifiedDate":"2021-09-25"},{"lineNumber":83,"author":{"gitId":"KaydenKhor"},"content":"### Showing upcoming flight: show upcoming","lastModifiedDate":"2021-09-25"},{"lineNumber":84,"author":{"gitId":"KaydenKhor"},"content":"","lastModifiedDate":"2021-09-25"},{"lineNumber":85,"author":{"gitId":"KaydenKhor"},"content":"List out the first index of the flight in the list","lastModifiedDate":"2021-09-25"},{"lineNumber":86,"author":{"gitId":"KaydenKhor"},"content":"","lastModifiedDate":"2021-09-25"},{"lineNumber":87,"author":{"gitId":"KaydenKhor"},"content":"Format: [show] [upcoming]","lastModifiedDate":"2021-09-25"},{"lineNumber":88,"author":{"gitId":"KaydenKhor"},"content":"","lastModifiedDate":"2021-09-25"},{"lineNumber":89,"author":{"gitId":"KaydenKhor"},"content":"Example: ","lastModifiedDate":"2021-09-25"},{"lineNumber":90,"author":{"gitId":"KaydenKhor"},"content":"","lastModifiedDate":"2021-09-25"},{"lineNumber":91,"author":{"gitId":"KaydenKhor"},"content":"show upcoming","lastModifiedDate":"2021-09-25"},{"lineNumber":92,"author":{"gitId":"KaydenKhor"},"content":"","lastModifiedDate":"2021-09-25"},{"lineNumber":93,"author":{"gitId":"KaydenKhor"},"content":"","lastModifiedDate":"2021-09-25"},{"lineNumber":94,"author":{"gitId":"KaydenKhor"},"content":"### Deleting a flight: delete","lastModifiedDate":"2021-09-25"},{"lineNumber":95,"author":{"gitId":"KaydenKhor"},"content":"","lastModifiedDate":"2021-09-25"},{"lineNumber":96,"author":{"gitId":"KaydenKhor"},"content":"Deletes a trip from the list","lastModifiedDate":"2021-09-25"},{"lineNumber":97,"author":{"gitId":"KaydenKhor"},"content":"","lastModifiedDate":"2021-09-25"},{"lineNumber":98,"author":{"gitId":"KaydenKhor"},"content":"Format: [delete] [index]","lastModifiedDate":"2021-09-25"},{"lineNumber":99,"author":{"gitId":"KaydenKhor"},"content":"","lastModifiedDate":"2021-09-25"},{"lineNumber":100,"author":{"gitId":"KaydenKhor"},"content":"Example:","lastModifiedDate":"2021-09-25"},{"lineNumber":101,"author":{"gitId":"KaydenKhor"},"content":"","lastModifiedDate":"2021-09-25"},{"lineNumber":102,"author":{"gitId":"KaydenKhor"},"content":"delete 3","lastModifiedDate":"2021-09-25"},{"lineNumber":103,"author":{"gitId":"KaydenKhor"},"content":"","lastModifiedDate":"2021-09-25"},{"lineNumber":104,"author":{"gitId":"KaydenKhor"},"content":"### Exiting the program : exit","lastModifiedDate":"2021-09-25"},{"lineNumber":105,"author":{"gitId":"KaydenKhor"},"content":"","lastModifiedDate":"2021-09-25"},{"lineNumber":106,"author":{"gitId":"KaydenKhor"},"content":"Exits the application.","lastModifiedDate":"2021-09-25"},{"lineNumber":107,"author":{"gitId":"KaydenKhor"},"content":"","lastModifiedDate":"2021-09-25"},{"lineNumber":108,"author":{"gitId":"KaydenKhor"},"content":"Format: [exit]","lastModifiedDate":"2021-09-25"},{"lineNumber":109,"author":{"gitId":"KaydenKhor"},"content":"","lastModifiedDate":"2021-09-25"},{"lineNumber":110,"author":{"gitId":"KaydenKhor"},"content":"Example:","lastModifiedDate":"2021-09-25"},{"lineNumber":111,"author":{"gitId":"KaydenKhor"},"content":"","lastModifiedDate":"2021-09-25"},{"lineNumber":112,"author":{"gitId":"KaydenKhor"},"content":"exit","lastModifiedDate":"2021-09-25"},{"lineNumber":113,"author":{"gitId":"KaydenKhor"},"content":"","lastModifiedDate":"2021-09-25"},{"lineNumber":114,"author":{"gitId":"KaydenKhor"},"content":"","lastModifiedDate":"2021-09-25"},{"lineNumber":115,"author":{"gitId":"KaydenKhor"},"content":"## FAQ","lastModifiedDate":"2021-09-25"},{"lineNumber":116,"author":{"gitId":"KaydenKhor"},"content":"","lastModifiedDate":"2021-09-25"},{"lineNumber":117,"author":{"gitId":"KaydenKhor"},"content":"\u003cb\u003eQ\u003c/b\u003e: How do I save multiple trip?","lastModifiedDate":"2021-09-25"},{"lineNumber":118,"author":{"gitId":"KaydenKhor"},"content":"\u003cb\u003eA\u003c/b\u003e: You only can save one trip at a time.","lastModifiedDate":"2021-09-25"},{"lineNumber":119,"author":{"gitId":"KaydenKhor"},"content":"","lastModifiedDate":"2021-09-25"},{"lineNumber":120,"author":{"gitId":"KaydenKhor"},"content":"## Command summary","lastModifiedDate":"2021-09-25"},{"lineNumber":121,"author":{"gitId":"KaydenKhor"},"content":"","lastModifiedDate":"2021-09-25"},{"lineNumber":122,"author":{"gitId":"KaydenKhor"},"content":"Action | Format, Examples","lastModifiedDate":"2021-09-25"},{"lineNumber":123,"author":{"gitId":"KaydenKhor"},"content":"------------ | -------------","lastModifiedDate":"2021-09-25"},{"lineNumber":124,"author":{"gitId":"KaydenKhor"},"content":"\u003cb\u003eadd\u003c/b\u003e | Format: [add] [/from] [depart details] [/to] [destination] [/date] [date \u0026 time of departure] [/price] [price of trip] Example: add /departing Australia /destination Singapore /date 10 Jan 2021 12:00 /price 500","lastModifiedDate":"2021-09-27"},{"lineNumber":125,"author":{"gitId":"KaydenKhor"},"content":"\u003cb\u003eshow all\u003c/b\u003e | Format: [show] [all] Example: show all","lastModifiedDate":"2021-09-25"},{"lineNumber":126,"author":{"gitId":"KaydenKhor"},"content":"\u003cb\u003eshow upcoming\u003c/b\u003e | Format: [show] [upcoming] Example: show upcoming","lastModifiedDate":"2021-09-25"},{"lineNumber":127,"author":{"gitId":"KaydenKhor"},"content":"\u003cb\u003edelete\u003c/b\u003e | Format: [delete] [index] Example: delete 3","lastModifiedDate":"2021-09-25"},{"lineNumber":128,"author":{"gitId":"KaydenKhor"},"content":"\u003cb\u003eexit\u003c/b\u003e | Format: [exit] Example: exit","lastModifiedDate":"2021-09-25"}],"authorContributionMap":{"-":3,"KaydenKhor":125}},{"path":"docs/UserGuide.md","fileType":"docs","lines":[{"lineNumber":1,"author":{"gitId":"KaydenKhor"},"content":"## User Guide","lastModifiedDate":"2021-09-25"},{"lineNumber":2,"author":{"gitId":"KaydenKhor"},"content":"","lastModifiedDate":"2021-09-25"},{"lineNumber":3,"author":{"gitId":"KaydenKhor"},"content":"Air Rec is a desktop app for managing flight records, optimized for use via a Command Line Interface (CLI). User will not have to remember flight details and it can be found easily with commands.","lastModifiedDate":"2021-09-25"},{"lineNumber":4,"author":{"gitId":"KaydenKhor"},"content":"","lastModifiedDate":"2021-09-25"},{"lineNumber":5,"author":{"gitId":"KaydenKhor"},"content":"1. Quick start","lastModifiedDate":"2021-09-25"},{"lineNumber":6,"author":{"gitId":"KaydenKhor"},"content":"1. Features","lastModifiedDate":"2021-09-25"},{"lineNumber":7,"author":{"gitId":"lowyanshuang"},"content":"\t1. Adding a flight: `add`","lastModifiedDate":"2021-10-02"},{"lineNumber":8,"author":{"gitId":"lowyanshuang"},"content":"\t1. Showing all flights: `show all`","lastModifiedDate":"2021-10-02"},{"lineNumber":9,"author":{"gitId":"lowyanshuang"},"content":"\t1. Showing upcoming flight: `show upcoming`","lastModifiedDate":"2021-10-02"},{"lineNumber":10,"author":{"gitId":"lowyanshuang"},"content":"\t1. Deleting a flight: `delete`","lastModifiedDate":"2021-10-02"},{"lineNumber":11,"author":{"gitId":"lowyanshuang"},"content":"\t1. Exiting the program : `exit`","lastModifiedDate":"2021-10-02"},{"lineNumber":12,"author":{"gitId":"KaydenKhor"},"content":"","lastModifiedDate":"2021-09-25"},{"lineNumber":13,"author":{"gitId":"KaydenKhor"},"content":"1. FAQ","lastModifiedDate":"2021-09-25"},{"lineNumber":14,"author":{"gitId":"KaydenKhor"},"content":"1. Command summary","lastModifiedDate":"2021-09-25"},{"lineNumber":15,"author":{"gitId":"KaydenKhor"},"content":"","lastModifiedDate":"2021-09-25"},{"lineNumber":16,"author":{"gitId":"KaydenKhor"},"content":"","lastModifiedDate":"2021-09-25"},{"lineNumber":17,"author":{"gitId":"-"},"content":"","lastModifiedDate":"2020-05-24"},{"lineNumber":18,"author":{"gitId":"-"},"content":"","lastModifiedDate":"2020-05-24"},{"lineNumber":19,"author":{"gitId":"-"},"content":"","lastModifiedDate":"2020-05-24"},{"lineNumber":20,"author":{"gitId":"-"},"content":"## Quick Start","lastModifiedDate":"2020-05-24"},{"lineNumber":21,"author":{"gitId":"-"},"content":"","lastModifiedDate":"2020-05-24"},{"lineNumber":22,"author":{"gitId":"KaydenKhor"},"content":"Prerequisites: JDK 11, update Intellij to the most recent version.","lastModifiedDate":"2021-09-25"},{"lineNumber":23,"author":{"gitId":"-"},"content":"","lastModifiedDate":"2021-09-25"},{"lineNumber":24,"author":{"gitId":"KaydenKhor"},"content":"1. Ensure you have Java 11 or above installed in your computer.","lastModifiedDate":"2021-09-25"},{"lineNumber":25,"author":{"gitId":"KaydenKhor"},"content":"2. Download the latest airrec.jar from here.","lastModifiedDate":"2021-09-25"},{"lineNumber":26,"author":{"gitId":"KaydenKhor"},"content":"3. Copy the file to the folder you want to use as the home folder for your Air Record.","lastModifiedDate":"2021-09-25"},{"lineNumber":27,"author":{"gitId":"KaydenKhor"},"content":"4. Double-click the file to start the app. The GUI will greet you with:","lastModifiedDate":"2021-09-25"},{"lineNumber":28,"author":{"gitId":"-"},"content":"","lastModifiedDate":"2021-09-25"},{"lineNumber":29,"author":{"gitId":"KaydenKhor"},"content":"```","lastModifiedDate":"2021-09-25"},{"lineNumber":30,"author":{"gitId":"KaydenKhor"},"content":"    ","lastModifiedDate":"2021-09-25"},{"lineNumber":31,"author":{"gitId":"KaydenKhor"},"content":"Hi I’m AIR REC, I can help you save all the flight details!","lastModifiedDate":"2021-09-25"},{"lineNumber":32,"author":{"gitId":"KaydenKhor"},"content":"How can I assist you today?”","lastModifiedDate":"2021-09-25"},{"lineNumber":33,"author":{"gitId":"KaydenKhor"},"content":"\t","lastModifiedDate":"2021-09-25"},{"lineNumber":34,"author":{"gitId":"KaydenKhor"},"content":"   ```","lastModifiedDate":"2021-09-25"},{"lineNumber":35,"author":{"gitId":"KaydenKhor"},"content":" 5. Type the command in the command box and press Enter to execute it. e.g. typing list and pressing Enter will display all task that you have saved so far in the window.","lastModifiedDate":"2021-09-25"},{"lineNumber":36,"author":{"gitId":"KaydenKhor"},"content":"Some example commands you can try:","lastModifiedDate":"2021-09-25"},{"lineNumber":37,"author":{"gitId":"-"},"content":"","lastModifiedDate":"2021-09-25"},{"lineNumber":38,"author":{"gitId":"KaydenKhor"},"content":"\t1. add /from Australia /to Singapore /date 10 Jan 2021 12:00 /price 500: Add a trip departing from Australia to Singapore on 10 Jan 2021 12pm with a price of $500","lastModifiedDate":"2021-09-25"},{"lineNumber":39,"author":{"gitId":"-"},"content":"","lastModifiedDate":"2021-09-25"},{"lineNumber":40,"author":{"gitId":"KaydenKhor"},"content":"\t1. show all: List out all flight details","lastModifiedDate":"2021-09-25"},{"lineNumber":41,"author":{"gitId":"-"},"content":"","lastModifiedDate":"2020-05-24"},{"lineNumber":42,"author":{"gitId":"KaydenKhor"},"content":"\t1. show upcoming: List out the flight that is the first index of the list","lastModifiedDate":"2021-09-25"},{"lineNumber":43,"author":{"gitId":"-"},"content":"","lastModifiedDate":"2021-09-25"},{"lineNumber":44,"author":{"gitId":"KaydenKhor"},"content":"\t1. delete 3 : Deletes the 3rd flight shown in the current list.","lastModifiedDate":"2021-09-25"},{"lineNumber":45,"author":{"gitId":"-"},"content":"","lastModifiedDate":"2021-09-25"},{"lineNumber":46,"author":{"gitId":"lowyanshuang"},"content":"\t1. exit : Exit the application.","lastModifiedDate":"2021-10-02"},{"lineNumber":47,"author":{"gitId":"-"},"content":"","lastModifiedDate":"2021-09-25"},{"lineNumber":48,"author":{"gitId":"KaydenKhor"},"content":"6. Duke has auto-save and auto-load function. The list is being save as a text file named \"Duke.txt\" which is auto created and overwritten in the root folder.","lastModifiedDate":"2021-09-25"},{"lineNumber":49,"author":{"gitId":"-"},"content":"","lastModifiedDate":"2021-09-25"},{"lineNumber":50,"author":{"gitId":"KaydenKhor"},"content":"7. Refer to the Features below for details of each command.","lastModifiedDate":"2021-09-25"},{"lineNumber":51,"author":{"gitId":"-"},"content":"","lastModifiedDate":"2020-05-24"},{"lineNumber":52,"author":{"gitId":"-"},"content":"## Features","lastModifiedDate":"2020-05-24"},{"lineNumber":53,"author":{"gitId":"-"},"content":"","lastModifiedDate":"2020-05-24"},{"lineNumber":54,"author":{"gitId":"KaydenKhor"},"content":"\u003cb\u003eNotes about the command format:\u003c/b\u003e","lastModifiedDate":"2021-09-25"},{"lineNumber":55,"author":{"gitId":"-"},"content":"","lastModifiedDate":"2020-05-24"},{"lineNumber":56,"author":{"gitId":"KaydenKhor"},"content":"\t1. Date and time format are as shown: yyyy-mm-dd HHMM","lastModifiedDate":"2021-09-25"},{"lineNumber":57,"author":{"gitId":"-"},"content":"","lastModifiedDate":"2020-05-24"},{"lineNumber":58,"author":{"gitId":"KaydenKhor"},"content":"### Adding a flight: add","lastModifiedDate":"2021-09-25"},{"lineNumber":59,"author":{"gitId":"-"},"content":"","lastModifiedDate":"2020-05-24"},{"lineNumber":60,"author":{"gitId":"KaydenKhor"},"content":"Adds a new flight trip to the list.","lastModifiedDate":"2021-09-25"},{"lineNumber":61,"author":{"gitId":"KaydenKhor"},"content":"NOTE: For version 1.1 Air Rec will be reading the descriptions after add as a full string. We will work on to process these strings into data on version 1.2 onwards.","lastModifiedDate":"2021-09-25"},{"lineNumber":62,"author":{"gitId":"-"},"content":"","lastModifiedDate":"2020-05-24"},{"lineNumber":63,"author":{"gitId":"KaydenKhor"},"content":"Format: [add] [/from] [depart details] [/to] [destination] [/date] [date \u0026 time of departure] [/price] [price of trip]","lastModifiedDate":"2021-09-25"},{"lineNumber":64,"author":{"gitId":"-"},"content":"","lastModifiedDate":"2020-05-24"},{"lineNumber":65,"author":{"gitId":"KaydenKhor"},"content":"Example: ","lastModifiedDate":"2021-09-25"},{"lineNumber":66,"author":{"gitId":"-"},"content":"","lastModifiedDate":"2020-05-24"},{"lineNumber":67,"author":{"gitId":"KaydenKhor"},"content":"add /from Australia /to Singapore /date 10 Jan 2021 12:00 /price 500","lastModifiedDate":"2021-09-25"},{"lineNumber":68,"author":{"gitId":"-"},"content":"","lastModifiedDate":"2020-05-24"},{"lineNumber":69,"author":{"gitId":"-"},"content":"","lastModifiedDate":"2020-05-24"},{"lineNumber":70,"author":{"gitId":"lowyanshuang"},"content":"### Showing all flights: `show all`","lastModifiedDate":"2021-10-02"},{"lineNumber":71,"author":{"gitId":"KaydenKhor"},"content":"","lastModifiedDate":"2021-09-25"},{"lineNumber":72,"author":{"gitId":"KaydenKhor"},"content":"List out all flight trip","lastModifiedDate":"2021-09-25"},{"lineNumber":73,"author":{"gitId":"KaydenKhor"},"content":"","lastModifiedDate":"2021-09-25"},{"lineNumber":74,"author":{"gitId":"KaydenKhor"},"content":"Format: [show] [all]","lastModifiedDate":"2021-09-25"},{"lineNumber":75,"author":{"gitId":"KaydenKhor"},"content":"","lastModifiedDate":"2021-09-25"},{"lineNumber":76,"author":{"gitId":"KaydenKhor"},"content":"Example:","lastModifiedDate":"2021-09-25"},{"lineNumber":77,"author":{"gitId":"KaydenKhor"},"content":"","lastModifiedDate":"2021-09-25"},{"lineNumber":78,"author":{"gitId":"KaydenKhor"},"content":"show all","lastModifiedDate":"2021-09-25"},{"lineNumber":79,"author":{"gitId":"-"},"content":"","lastModifiedDate":"2020-05-24"},{"lineNumber":80,"author":{"gitId":"-"},"content":"","lastModifiedDate":"2020-05-24"},{"lineNumber":81,"author":{"gitId":"lowyanshuang"},"content":"### Showing upcoming flight: `show upcoming`","lastModifiedDate":"2021-10-02"},{"lineNumber":82,"author":{"gitId":"KaydenKhor"},"content":"","lastModifiedDate":"2021-09-25"},{"lineNumber":83,"author":{"gitId":"KaydenKhor"},"content":"List out the first index of the flight in the list","lastModifiedDate":"2021-09-25"},{"lineNumber":84,"author":{"gitId":"KaydenKhor"},"content":"","lastModifiedDate":"2021-09-25"},{"lineNumber":85,"author":{"gitId":"KaydenKhor"},"content":"Format: [show] [upcoming]","lastModifiedDate":"2021-09-25"},{"lineNumber":86,"author":{"gitId":"KaydenKhor"},"content":"","lastModifiedDate":"2021-09-25"},{"lineNumber":87,"author":{"gitId":"KaydenKhor"},"content":"Example: ","lastModifiedDate":"2021-09-25"},{"lineNumber":88,"author":{"gitId":"KaydenKhor"},"content":"","lastModifiedDate":"2021-09-25"},{"lineNumber":89,"author":{"gitId":"KaydenKhor"},"content":"show upcoming","lastModifiedDate":"2021-09-25"},{"lineNumber":90,"author":{"gitId":"KaydenKhor"},"content":"","lastModifiedDate":"2021-09-25"},{"lineNumber":91,"author":{"gitId":"KaydenKhor"},"content":"","lastModifiedDate":"2021-09-25"},{"lineNumber":92,"author":{"gitId":"lowyanshuang"},"content":"### Deleting a flight: `delete`","lastModifiedDate":"2021-10-02"},{"lineNumber":93,"author":{"gitId":"KaydenKhor"},"content":"","lastModifiedDate":"2021-09-25"},{"lineNumber":94,"author":{"gitId":"KaydenKhor"},"content":"Deletes a trip from the list","lastModifiedDate":"2021-09-25"},{"lineNumber":95,"author":{"gitId":"KaydenKhor"},"content":"","lastModifiedDate":"2021-09-25"},{"lineNumber":96,"author":{"gitId":"KaydenKhor"},"content":"Format: [delete] [index]","lastModifiedDate":"2021-09-25"},{"lineNumber":97,"author":{"gitId":"KaydenKhor"},"content":"","lastModifiedDate":"2021-09-25"},{"lineNumber":98,"author":{"gitId":"KaydenKhor"},"content":"Example:","lastModifiedDate":"2021-09-25"},{"lineNumber":99,"author":{"gitId":"KaydenKhor"},"content":"","lastModifiedDate":"2021-09-25"},{"lineNumber":100,"author":{"gitId":"KaydenKhor"},"content":"delete 3","lastModifiedDate":"2021-09-25"},{"lineNumber":101,"author":{"gitId":"KaydenKhor"},"content":"","lastModifiedDate":"2021-09-25"},{"lineNumber":102,"author":{"gitId":"lowyanshuang"},"content":"### Exiting the program : `exit`","lastModifiedDate":"2021-10-02"},{"lineNumber":103,"author":{"gitId":"KaydenKhor"},"content":"","lastModifiedDate":"2021-09-25"},{"lineNumber":104,"author":{"gitId":"KaydenKhor"},"content":"Exits the application.","lastModifiedDate":"2021-09-25"},{"lineNumber":105,"author":{"gitId":"KaydenKhor"},"content":"","lastModifiedDate":"2021-09-25"},{"lineNumber":106,"author":{"gitId":"KaydenKhor"},"content":"Format: [exit]","lastModifiedDate":"2021-09-25"},{"lineNumber":107,"author":{"gitId":"KaydenKhor"},"content":"","lastModifiedDate":"2021-09-25"},{"lineNumber":108,"author":{"gitId":"KaydenKhor"},"content":"Example:","lastModifiedDate":"2021-09-25"},{"lineNumber":109,"author":{"gitId":"KaydenKhor"},"content":"","lastModifiedDate":"2021-09-25"},{"lineNumber":110,"author":{"gitId":"KaydenKhor"},"content":"exit","lastModifiedDate":"2021-09-25"},{"lineNumber":111,"author":{"gitId":"KaydenKhor"},"content":"","lastModifiedDate":"2021-09-25"},{"lineNumber":112,"author":{"gitId":"KaydenKhor"},"content":"","lastModifiedDate":"2021-09-25"},{"lineNumber":113,"author":{"gitId":"KaydenKhor"},"content":"## FAQ","lastModifiedDate":"2021-09-25"},{"lineNumber":114,"author":{"gitId":"KaydenKhor"},"content":"","lastModifiedDate":"2021-09-25"},{"lineNumber":115,"author":{"gitId":"KaydenKhor"},"content":"\u003cb\u003eQ\u003c/b\u003e: How do I save multiple trip?","lastModifiedDate":"2021-09-25"},{"lineNumber":116,"author":{"gitId":"-"},"content":"","lastModifiedDate":"2021-10-02"},{"lineNumber":117,"author":{"gitId":"KaydenKhor"},"content":"\u003cb\u003eA\u003c/b\u003e: You only can save one trip at a time.","lastModifiedDate":"2021-09-25"},{"lineNumber":118,"author":{"gitId":"-"},"content":"","lastModifiedDate":"2020-05-24"},{"lineNumber":119,"author":{"gitId":"KaydenKhor"},"content":"## Command summary","lastModifiedDate":"2021-09-25"},{"lineNumber":120,"author":{"gitId":"-"},"content":"","lastModifiedDate":"2020-05-24"},{"lineNumber":121,"author":{"gitId":"KaydenKhor"},"content":"Action | Format, Examples","lastModifiedDate":"2021-09-25"},{"lineNumber":122,"author":{"gitId":"KaydenKhor"},"content":"------------ | -------------","lastModifiedDate":"2021-09-25"},{"lineNumber":123,"author":{"gitId":"KaydenKhor"},"content":"\u003cb\u003eadd\u003c/b\u003e | Format: [add] [/departing] [depart details] [/destination] [destination] [/date] [date \u0026 time of departure] [/price] [price of trip] Example: add /departing Australia /destination Singapore /date 10 Jan 2021 12:00 /price 500","lastModifiedDate":"2021-09-25"},{"lineNumber":124,"author":{"gitId":"KaydenKhor"},"content":"\u003cb\u003eshow all\u003c/b\u003e | Format: [show] [all] Example: show all","lastModifiedDate":"2021-09-25"},{"lineNumber":125,"author":{"gitId":"KaydenKhor"},"content":"\u003cb\u003eshow upcoming\u003c/b\u003e | Format: [show] [upcoming] Example: show upcoming","lastModifiedDate":"2021-09-25"},{"lineNumber":126,"author":{"gitId":"KaydenKhor"},"content":"\u003cb\u003edelete\u003c/b\u003e | Format: [delete] [index] Example: delete 3","lastModifiedDate":"2021-09-25"},{"lineNumber":127,"author":{"gitId":"KaydenKhor"},"content":"\u003cb\u003eexit\u003c/b\u003e | Format: [exit] Example: exit","lastModifiedDate":"2021-09-25"}],"authorContributionMap":{"lowyanshuang":10,"KaydenKhor":87,"-":30}},{"path":"members/KhorKeeYong.md","fileType":"docs","lines":[{"lineNumber":1,"author":{"gitId":"KaydenKhor"},"content":"# Duke project template","lastModifiedDate":"2021-09-25"},{"lineNumber":2,"author":{"gitId":"KaydenKhor"},"content":"","lastModifiedDate":"2021-09-25"},{"lineNumber":3,"author":{"gitId":"KaydenKhor"},"content":"This is a project template for a greenfield Java project. It\u0027s named after the Java mascot _Duke_. Given below are instructions on how to use it.","lastModifiedDate":"2021-09-25"},{"lineNumber":4,"author":{"gitId":"KaydenKhor"},"content":"","lastModifiedDate":"2021-09-25"},{"lineNumber":5,"author":{"gitId":"KaydenKhor"},"content":"## Setting up in Intellij","lastModifiedDate":"2021-09-25"},{"lineNumber":6,"author":{"gitId":"KaydenKhor"},"content":"","lastModifiedDate":"2021-09-25"},{"lineNumber":7,"author":{"gitId":"KaydenKhor"},"content":"Prerequisites: JDK 11 (use the exact version), update Intellij to the most recent version.","lastModifiedDate":"2021-09-25"},{"lineNumber":8,"author":{"gitId":"KaydenKhor"},"content":"","lastModifiedDate":"2021-09-25"},{"lineNumber":9,"author":{"gitId":"KaydenKhor"},"content":"1. **Ensure Intellij JDK 11 is defined as an SDK**, as described [here](https://www.jetbrains.com/help/idea/sdk.html#set-up-jdk) -- this step is not needed if you have used JDK 11 in a previous Intellij project.","lastModifiedDate":"2021-09-25"},{"lineNumber":10,"author":{"gitId":"KaydenKhor"},"content":"1. **Import the project _as a Gradle project_**, as described [here](https://se-education.org/guides/tutorials/intellijImportGradleProject.html).","lastModifiedDate":"2021-09-25"},{"lineNumber":11,"author":{"gitId":"KaydenKhor"},"content":"1. **Verify the set up**: After the importing is complete, locate the `src/main/java/seedu/duke/Duke.java` file, right-click it, and choose `Run Duke.main()`. If the setup is correct, you should see something like the below:","lastModifiedDate":"2021-09-25"},{"lineNumber":12,"author":{"gitId":"KaydenKhor"},"content":"   ```","lastModifiedDate":"2021-09-25"},{"lineNumber":13,"author":{"gitId":"KaydenKhor"},"content":"   \u003e Task :compileJava","lastModifiedDate":"2021-09-25"},{"lineNumber":14,"author":{"gitId":"KaydenKhor"},"content":"   \u003e Task :processResources NO-SOURCE","lastModifiedDate":"2021-09-25"},{"lineNumber":15,"author":{"gitId":"KaydenKhor"},"content":"   \u003e Task :classes","lastModifiedDate":"2021-09-25"},{"lineNumber":16,"author":{"gitId":"KaydenKhor"},"content":"   ","lastModifiedDate":"2021-09-25"},{"lineNumber":17,"author":{"gitId":"KaydenKhor"},"content":"   \u003e Task :Duke.main()","lastModifiedDate":"2021-09-25"},{"lineNumber":18,"author":{"gitId":"KaydenKhor"},"content":"   Hello from","lastModifiedDate":"2021-09-25"},{"lineNumber":19,"author":{"gitId":"KaydenKhor"},"content":"    ____        _        ","lastModifiedDate":"2021-09-25"},{"lineNumber":20,"author":{"gitId":"KaydenKhor"},"content":"   |  _ \\ _   _| | _____ ","lastModifiedDate":"2021-09-25"},{"lineNumber":21,"author":{"gitId":"KaydenKhor"},"content":"   | | | | | | | |/ / _ \\","lastModifiedDate":"2021-09-25"},{"lineNumber":22,"author":{"gitId":"KaydenKhor"},"content":"   | |_| | |_| |   \u003c  __/","lastModifiedDate":"2021-09-25"},{"lineNumber":23,"author":{"gitId":"KaydenKhor"},"content":"   |____/ \\__,_|_|\\_\\___|","lastModifiedDate":"2021-09-25"},{"lineNumber":24,"author":{"gitId":"KaydenKhor"},"content":"   ","lastModifiedDate":"2021-09-25"},{"lineNumber":25,"author":{"gitId":"KaydenKhor"},"content":"   What is your name?","lastModifiedDate":"2021-09-25"},{"lineNumber":26,"author":{"gitId":"KaydenKhor"},"content":"   ```","lastModifiedDate":"2021-09-25"},{"lineNumber":27,"author":{"gitId":"KaydenKhor"},"content":"   Type some word and press enter to let the execution proceed to the end.","lastModifiedDate":"2021-09-25"},{"lineNumber":28,"author":{"gitId":"KaydenKhor"},"content":"","lastModifiedDate":"2021-09-25"},{"lineNumber":29,"author":{"gitId":"KaydenKhor"},"content":"## Build automation using Gradle","lastModifiedDate":"2021-09-25"},{"lineNumber":30,"author":{"gitId":"KaydenKhor"},"content":"","lastModifiedDate":"2021-09-25"},{"lineNumber":31,"author":{"gitId":"KaydenKhor"},"content":"* This project uses Gradle for build automation and dependency management. It includes a basic build script as well (i.e. the `build.gradle` file).","lastModifiedDate":"2021-09-25"},{"lineNumber":32,"author":{"gitId":"KaydenKhor"},"content":"* If you are new to Gradle, refer to the [Gradle Tutorial at se-education.org/guides](https://se-education.org/guides/tutorials/gradle.html).","lastModifiedDate":"2021-09-25"},{"lineNumber":33,"author":{"gitId":"KaydenKhor"},"content":"","lastModifiedDate":"2021-09-25"},{"lineNumber":34,"author":{"gitId":"KaydenKhor"},"content":"## Testing","lastModifiedDate":"2021-09-25"},{"lineNumber":35,"author":{"gitId":"KaydenKhor"},"content":"","lastModifiedDate":"2021-09-25"},{"lineNumber":36,"author":{"gitId":"KaydenKhor"},"content":"### I/O redirection tests","lastModifiedDate":"2021-09-25"},{"lineNumber":37,"author":{"gitId":"KaydenKhor"},"content":"","lastModifiedDate":"2021-09-25"},{"lineNumber":38,"author":{"gitId":"KaydenKhor"},"content":"* To run _I/O redirection_ tests (aka _Text UI tests_), navigate to the `text-ui-test` and run the `runtest(.bat/.sh)` script.","lastModifiedDate":"2021-09-25"},{"lineNumber":39,"author":{"gitId":"KaydenKhor"},"content":"","lastModifiedDate":"2021-09-25"},{"lineNumber":40,"author":{"gitId":"KaydenKhor"},"content":"### JUnit tests","lastModifiedDate":"2021-09-25"},{"lineNumber":41,"author":{"gitId":"KaydenKhor"},"content":"","lastModifiedDate":"2021-09-25"},{"lineNumber":42,"author":{"gitId":"KaydenKhor"},"content":"* A skeleton JUnit test (`src/test/java/seedu/duke/DukeTest.java`) is provided with this project template. ","lastModifiedDate":"2021-09-25"},{"lineNumber":43,"author":{"gitId":"KaydenKhor"},"content":"* If you are new to JUnit, refer to the [JUnit Tutorial at se-education.org/guides](https://se-education.org/guides/tutorials/junit.html).","lastModifiedDate":"2021-09-25"},{"lineNumber":44,"author":{"gitId":"KaydenKhor"},"content":"","lastModifiedDate":"2021-09-25"},{"lineNumber":45,"author":{"gitId":"KaydenKhor"},"content":"## Checkstyle","lastModifiedDate":"2021-09-25"},{"lineNumber":46,"author":{"gitId":"KaydenKhor"},"content":"","lastModifiedDate":"2021-09-25"},{"lineNumber":47,"author":{"gitId":"KaydenKhor"},"content":"* A sample CheckStyle rule configuration is provided in this project.","lastModifiedDate":"2021-09-25"},{"lineNumber":48,"author":{"gitId":"KaydenKhor"},"content":"* If you are new to Checkstyle, refer to the [Checkstyle Tutorial at se-education.org/guides](https://se-education.org/guides/tutorials/checkstyle.html).","lastModifiedDate":"2021-09-25"},{"lineNumber":49,"author":{"gitId":"KaydenKhor"},"content":"","lastModifiedDate":"2021-09-25"},{"lineNumber":50,"author":{"gitId":"KaydenKhor"},"content":"## CI using GitHub Actions","lastModifiedDate":"2021-09-25"},{"lineNumber":51,"author":{"gitId":"KaydenKhor"},"content":"","lastModifiedDate":"2021-09-25"},{"lineNumber":52,"author":{"gitId":"KaydenKhor"},"content":"The project uses [GitHub actions](https://github.com/features/actions) for CI. When you push a commit to this repo or PR against it, GitHub actions will run automatically to build and verify the code as updated by the commit/PR.","lastModifiedDate":"2021-09-25"},{"lineNumber":53,"author":{"gitId":"KaydenKhor"},"content":"","lastModifiedDate":"2021-09-25"},{"lineNumber":54,"author":{"gitId":"KaydenKhor"},"content":"## Documentation","lastModifiedDate":"2021-09-25"},{"lineNumber":55,"author":{"gitId":"KaydenKhor"},"content":"","lastModifiedDate":"2021-09-25"},{"lineNumber":56,"author":{"gitId":"KaydenKhor"},"content":"`/docs` folder contains a skeleton version of the project documentation.","lastModifiedDate":"2021-09-25"},{"lineNumber":57,"author":{"gitId":"KaydenKhor"},"content":"","lastModifiedDate":"2021-09-25"},{"lineNumber":58,"author":{"gitId":"KaydenKhor"},"content":"Steps for publishing documentation to the public: ","lastModifiedDate":"2021-09-25"},{"lineNumber":59,"author":{"gitId":"KaydenKhor"},"content":"1. If you are using this project template for an individual project, go your fork on GitHub.\u003cbr\u003e","lastModifiedDate":"2021-09-25"},{"lineNumber":60,"author":{"gitId":"KaydenKhor"},"content":"   If you are using this project template for a team project, go to the team fork on GitHub.","lastModifiedDate":"2021-09-25"},{"lineNumber":61,"author":{"gitId":"KaydenKhor"},"content":"1. Click on the `settings` tab.","lastModifiedDate":"2021-09-25"},{"lineNumber":62,"author":{"gitId":"KaydenKhor"},"content":"1. Scroll down to the `GitHub Pages` section.","lastModifiedDate":"2021-09-25"},{"lineNumber":63,"author":{"gitId":"KaydenKhor"},"content":"1. Set the `source` as `master branch /docs folder`.","lastModifiedDate":"2021-09-25"},{"lineNumber":64,"author":{"gitId":"KaydenKhor"},"content":"1. Optionally, use the `choose a theme` button to choose a theme for your documentation.","lastModifiedDate":"2021-09-25"}],"authorContributionMap":{"KaydenKhor":64}},{"path":"src/main/java/seedu/duke/Duke.java","fileType":"functional-code","lines":[{"lineNumber":1,"author":{"gitId":"-"},"content":"package seedu.duke;","lastModifiedDate":"2020-05-24"},{"lineNumber":2,"author":{"gitId":"-"},"content":"","lastModifiedDate":"2020-05-24"},{"lineNumber":3,"author":{"gitId":"-"},"content":"import java.util.Scanner;","lastModifiedDate":"2020-05-24"},{"lineNumber":4,"author":{"gitId":"-"},"content":"","lastModifiedDate":"2020-05-24"},{"lineNumber":5,"author":{"gitId":"-"},"content":"public class Duke {","lastModifiedDate":"2019-07-29"},{"lineNumber":6,"author":{"gitId":"-"},"content":"    /**","lastModifiedDate":"2020-05-24"},{"lineNumber":7,"author":{"gitId":"KaydenKhor"},"content":"     * Main entry-point for the AirRec application.","lastModifiedDate":"2021-10-01"},{"lineNumber":8,"author":{"gitId":"-"},"content":"     */","lastModifiedDate":"2020-05-24"},{"lineNumber":9,"author":{"gitId":"lowyanshuang"},"content":"    public static final String errorUnknown \u003d \"☹ OOPS!!! I\u0027m sorry, but I don\u0027t know what that means :-(\";","lastModifiedDate":"2021-09-22"},{"lineNumber":10,"author":{"gitId":"lowyanshuang"},"content":"","lastModifiedDate":"2021-09-22"},{"lineNumber":11,"author":{"gitId":"-"},"content":"    public static void main(String[] args) {","lastModifiedDate":"2019-07-29"},{"lineNumber":12,"author":{"gitId":"lowyanshuang"},"content":"        String logo \u003d \"    ___     ______  \\n\"","lastModifiedDate":"2021-09-22"},{"lineNumber":13,"author":{"gitId":"lowyanshuang"},"content":"                + \"   /   \\\\    |     | \\n\"","lastModifiedDate":"2021-09-22"},{"lineNumber":14,"author":{"gitId":"lowyanshuang"},"content":"                + \"  /  _  \\\\   |_____| \\n\"","lastModifiedDate":"2021-09-22"},{"lineNumber":15,"author":{"gitId":"lowyanshuang"},"content":"                + \" /  |_|  \\\\  |  \\\\    \\n\"","lastModifiedDate":"2021-09-22"},{"lineNumber":16,"author":{"gitId":"lowyanshuang"},"content":"                + \"/         \\\\ |   \\\\   \\n\";","lastModifiedDate":"2021-09-22"},{"lineNumber":17,"author":{"gitId":"lowyanshuang"},"content":"        System.out.println(\"Hi I’m AIR REC\\n\" + logo);","lastModifiedDate":"2021-09-22"},{"lineNumber":18,"author":{"gitId":"lowyanshuang"},"content":"        System.out.println(\"I can help you save all the flight details!\");","lastModifiedDate":"2021-09-22"},{"lineNumber":19,"author":{"gitId":"lowyanshuang"},"content":"        System.out.println(\"How can I assist you today?\");","lastModifiedDate":"2021-09-22"},{"lineNumber":20,"author":{"gitId":"lowyanshuang"},"content":"","lastModifiedDate":"2021-09-22"},{"lineNumber":21,"author":{"gitId":"KaydenKhor"},"content":"        run();","lastModifiedDate":"2021-10-01"},{"lineNumber":22,"author":{"gitId":"lowyanshuang"},"content":"    }","lastModifiedDate":"2021-09-22"},{"lineNumber":23,"author":{"gitId":"lowyanshuang"},"content":"","lastModifiedDate":"2021-09-22"},{"lineNumber":24,"author":{"gitId":"lowyanshuang"},"content":"","lastModifiedDate":"2021-09-22"},{"lineNumber":25,"author":{"gitId":"KaydenKhor"},"content":"    public static void run() {","lastModifiedDate":"2021-10-01"},{"lineNumber":26,"author":{"gitId":"lowyanshuang"},"content":"","lastModifiedDate":"2021-09-22"},{"lineNumber":27,"author":{"gitId":"lowyanshuang"},"content":"        try {","lastModifiedDate":"2021-10-02"},{"lineNumber":28,"author":{"gitId":"KaydenKhor"},"content":"            FlightList flightList \u003d new FlightList();","lastModifiedDate":"2021-10-01"},{"lineNumber":29,"author":{"gitId":"lowyanshuang"},"content":"            String userInput;","lastModifiedDate":"2021-09-22"},{"lineNumber":30,"author":{"gitId":"KaydenKhor"},"content":"            boolean online \u003d true;","lastModifiedDate":"2021-10-01"},{"lineNumber":31,"author":{"gitId":"lowyanshuang"},"content":"","lastModifiedDate":"2021-09-22"},{"lineNumber":32,"author":{"gitId":"KaydenKhor"},"content":"            while (online) {","lastModifiedDate":"2021-10-01"},{"lineNumber":33,"author":{"gitId":"KaydenKhor"},"content":"                Scanner scan \u003d new Scanner(System.in);","lastModifiedDate":"2021-10-01"},{"lineNumber":34,"author":{"gitId":"KaydenKhor"},"content":"                userInput \u003d scan.nextLine().trim();","lastModifiedDate":"2021-10-01"},{"lineNumber":35,"author":{"gitId":"KaydenKhor"},"content":"                String command \u003d new Parser().parseInput(userInput);","lastModifiedDate":"2021-10-01"},{"lineNumber":36,"author":{"gitId":"KaydenKhor"},"content":"                switch (command) {","lastModifiedDate":"2021-10-01"},{"lineNumber":37,"author":{"gitId":"lowyanshuang"},"content":"                case \"bye\":","lastModifiedDate":"2021-09-22"},{"lineNumber":38,"author":{"gitId":"Opkko"},"content":"                    System.out.println(\"Bye. Your flights have been recorded.\\n Hope to see you again soon!\");","lastModifiedDate":"2021-10-01"},{"lineNumber":39,"author":{"gitId":"KaydenKhor"},"content":"                    online \u003d false;","lastModifiedDate":"2021-10-01"},{"lineNumber":40,"author":{"gitId":"KaydenKhor"},"content":"                    break;","lastModifiedDate":"2021-10-01"},{"lineNumber":41,"author":{"gitId":"KaydenKhor"},"content":"                case \"add\":","lastModifiedDate":"2021-10-01"},{"lineNumber":42,"author":{"gitId":"KaydenKhor"},"content":"                    flightList.addFlight(userInput);","lastModifiedDate":"2021-10-01"},{"lineNumber":43,"author":{"gitId":"lowyanshuang"},"content":"                    System.out.println(\"Your flight has been added.\\n\" + \"You have \" + flightList.getSize()","lastModifiedDate":"2021-10-02"},{"lineNumber":44,"author":{"gitId":"lowyanshuang"},"content":"                            + \" flights in your record\");","lastModifiedDate":"2021-10-02"},{"lineNumber":45,"author":{"gitId":"KaydenKhor"},"content":"                    break;","lastModifiedDate":"2021-10-01"},{"lineNumber":46,"author":{"gitId":"Opkko"},"content":"                case \"show all\":","lastModifiedDate":"2021-10-01"},{"lineNumber":47,"author":{"gitId":"Opkko"},"content":"","lastModifiedDate":"2021-10-01"},{"lineNumber":48,"author":{"gitId":"Opkko"},"content":"                    for (int i \u003d 0; i \u003c flightList.getSize(); i++) {","lastModifiedDate":"2021-10-01"},{"lineNumber":49,"author":{"gitId":"Opkko"},"content":"                        System.out.println(flightList.getList().get(i).flightDetails);","lastModifiedDate":"2021-10-01"},{"lineNumber":50,"author":{"gitId":"Opkko"},"content":"                    }","lastModifiedDate":"2021-10-01"},{"lineNumber":51,"author":{"gitId":"Opkko"},"content":"","lastModifiedDate":"2021-10-01"},{"lineNumber":52,"author":{"gitId":"Opkko"},"content":"                    break;","lastModifiedDate":"2021-10-01"},{"lineNumber":53,"author":{"gitId":"Opkko"},"content":"                case \"delete\":","lastModifiedDate":"2021-10-01"},{"lineNumber":54,"author":{"gitId":"Opkko"},"content":"                    flightList.deleteFlight(userInput);","lastModifiedDate":"2021-10-01"},{"lineNumber":55,"author":{"gitId":"Opkko"},"content":"                    break;","lastModifiedDate":"2021-10-01"},{"lineNumber":56,"author":{"gitId":"lowyanshuang"},"content":"                default:","lastModifiedDate":"2021-09-22"},{"lineNumber":57,"author":{"gitId":"lowyanshuang"},"content":"                    System.out.println(errorUnknown);","lastModifiedDate":"2021-09-22"},{"lineNumber":58,"author":{"gitId":"KaydenKhor"},"content":"                }","lastModifiedDate":"2021-10-01"},{"lineNumber":59,"author":{"gitId":"lowyanshuang"},"content":"            }","lastModifiedDate":"2021-09-22"},{"lineNumber":60,"author":{"gitId":"lowyanshuang"},"content":"        } catch (Exception e) {","lastModifiedDate":"2021-10-02"},{"lineNumber":61,"author":{"gitId":"lowyanshuang"},"content":"            System.out.println(errorUnknown);","lastModifiedDate":"2021-10-02"},{"lineNumber":62,"author":{"gitId":"lowyanshuang"},"content":"        }","lastModifiedDate":"2021-10-02"},{"lineNumber":63,"author":{"gitId":"-"},"content":"    }","lastModifiedDate":"2019-07-29"},{"lineNumber":64,"author":{"gitId":"-"},"content":"}","lastModifiedDate":"2019-07-29"}],"authorContributionMap":{"lowyanshuang":27,"-":10,"KaydenKhor":16,"Opkko":11}},{"path":"src/main/java/seedu/duke/Flight.java","fileType":"functional-code","lines":[{"lineNumber":1,"author":{"gitId":"KaydenKhor"},"content":"package seedu.duke;","lastModifiedDate":"2021-09-25"},{"lineNumber":2,"author":{"gitId":"KaydenKhor"},"content":"","lastModifiedDate":"2021-09-25"},{"lineNumber":3,"author":{"gitId":"KaydenKhor"},"content":"import java.time.LocalDateTime;","lastModifiedDate":"2021-09-25"},{"lineNumber":4,"author":{"gitId":"KaydenKhor"},"content":"import java.time.format.DateTimeFormatter;","lastModifiedDate":"2021-09-25"},{"lineNumber":5,"author":{"gitId":"KaydenKhor"},"content":"","lastModifiedDate":"2021-09-25"},{"lineNumber":6,"author":{"gitId":"KaydenKhor"},"content":"public class Flight {","lastModifiedDate":"2021-09-25"},{"lineNumber":7,"author":{"gitId":"KaydenKhor"},"content":"    protected String from; // Departing details","lastModifiedDate":"2021-09-25"},{"lineNumber":8,"author":{"gitId":"KaydenKhor"},"content":"    protected String to; // Destination details","lastModifiedDate":"2021-09-25"},{"lineNumber":9,"author":{"gitId":"KaydenKhor"},"content":"    protected LocalDateTime dateAndTime; //Date \u0026 Time in LocalDateTime type","lastModifiedDate":"2021-09-25"},{"lineNumber":10,"author":{"gitId":"KaydenKhor"},"content":"    protected String stringDateAndTime; //Date \u0026 Time in String type","lastModifiedDate":"2021-09-25"},{"lineNumber":11,"author":{"gitId":"KaydenKhor"},"content":"    protected Integer price; // Price of the flight","lastModifiedDate":"2021-09-25"},{"lineNumber":12,"author":{"gitId":"KaydenKhor"},"content":"    protected String flightDetails; // flight details in string type for version 1.0","lastModifiedDate":"2021-09-25"},{"lineNumber":13,"author":{"gitId":"KaydenKhor"},"content":"","lastModifiedDate":"2021-09-25"},{"lineNumber":14,"author":{"gitId":"KaydenKhor"},"content":"    public Flight(String details) {","lastModifiedDate":"2021-09-25"},{"lineNumber":15,"author":{"gitId":"KaydenKhor"},"content":"        this.flightDetails \u003d details;","lastModifiedDate":"2021-09-25"},{"lineNumber":16,"author":{"gitId":"KaydenKhor"},"content":"    }","lastModifiedDate":"2021-09-25"},{"lineNumber":17,"author":{"gitId":"lowyanshuang"},"content":"","lastModifiedDate":"2021-10-02"},{"lineNumber":18,"author":{"gitId":"KaydenKhor"},"content":"    public Flight(String from, String to, String dateAndTimeDetails, Integer price) {","lastModifiedDate":"2021-09-25"},{"lineNumber":19,"author":{"gitId":"KaydenKhor"},"content":"        this.from \u003d from;","lastModifiedDate":"2021-09-25"},{"lineNumber":20,"author":{"gitId":"KaydenKhor"},"content":"        this.to \u003d to;","lastModifiedDate":"2021-09-25"},{"lineNumber":21,"author":{"gitId":"KaydenKhor"},"content":"        this.price \u003d price;","lastModifiedDate":"2021-09-25"},{"lineNumber":22,"author":{"gitId":"KaydenKhor"},"content":"        this.dateAndTime \u003d processDateAndTime(dateAndTimeDetails);","lastModifiedDate":"2021-09-25"},{"lineNumber":23,"author":{"gitId":"KaydenKhor"},"content":"        this.stringDateAndTime \u003d dateAndTime.format(DateTimeFormatter.ofPattern(\"dd MMM yyyy HHmm\"));","lastModifiedDate":"2021-09-25"},{"lineNumber":24,"author":{"gitId":"KaydenKhor"},"content":"    }","lastModifiedDate":"2021-09-25"},{"lineNumber":25,"author":{"gitId":"KaydenKhor"},"content":"","lastModifiedDate":"2021-09-25"},{"lineNumber":26,"author":{"gitId":"KaydenKhor"},"content":"    private LocalDateTime processDateAndTime(String dateAndTimeDetails) {","lastModifiedDate":"2021-09-25"},{"lineNumber":27,"author":{"gitId":"KaydenKhor"},"content":"        String changedDate;","lastModifiedDate":"2021-09-25"},{"lineNumber":28,"author":{"gitId":"lowyanshuang"},"content":"        int julianDate;","lastModifiedDate":"2021-10-02"},{"lineNumber":29,"author":{"gitId":"lowyanshuang"},"content":"        int day;","lastModifiedDate":"2021-10-02"},{"lineNumber":30,"author":{"gitId":"KaydenKhor"},"content":"        DateTimeFormatter formatter;","lastModifiedDate":"2021-09-25"},{"lineNumber":31,"author":{"gitId":"KaydenKhor"},"content":"        LocalDateTime formattedDate \u003d null;","lastModifiedDate":"2021-09-25"},{"lineNumber":32,"author":{"gitId":"KaydenKhor"},"content":"        dateAndTimeDetails \u003d dateAndTimeDetails.trim();","lastModifiedDate":"2021-09-25"},{"lineNumber":33,"author":{"gitId":"KaydenKhor"},"content":"        int daysToAdd \u003d getDaysToAdd(dateAndTimeDetails);","lastModifiedDate":"2021-09-25"},{"lineNumber":34,"author":{"gitId":"KaydenKhor"},"content":"        if (daysToAdd \u003c 0) {","lastModifiedDate":"2021-09-25"},{"lineNumber":35,"author":{"gitId":"KaydenKhor"},"content":"            formatter \u003d DateTimeFormatter.ofPattern(\"yyyy-MM-dd HHmm\");","lastModifiedDate":"2021-09-25"},{"lineNumber":36,"author":{"gitId":"KaydenKhor"},"content":"            formattedDate \u003d LocalDateTime.parse(dateAndTimeDetails, formatter);","lastModifiedDate":"2021-09-25"},{"lineNumber":37,"author":{"gitId":"KaydenKhor"},"content":"        } else {","lastModifiedDate":"2021-09-25"},{"lineNumber":38,"author":{"gitId":"KaydenKhor"},"content":"            formattedDate \u003d LocalDateTime.now();","lastModifiedDate":"2021-09-25"},{"lineNumber":39,"author":{"gitId":"KaydenKhor"},"content":"            julianDate \u003d formattedDate.getDayOfYear();","lastModifiedDate":"2021-09-25"},{"lineNumber":40,"author":{"gitId":"KaydenKhor"},"content":"            day \u003d julianDate % 7;","lastModifiedDate":"2021-09-25"},{"lineNumber":41,"author":{"gitId":"KaydenKhor"},"content":"            daysToAdd \u003d day - daysToAdd;","lastModifiedDate":"2021-09-25"},{"lineNumber":42,"author":{"gitId":"KaydenKhor"},"content":"            if (daysToAdd \u003d\u003d 0) {","lastModifiedDate":"2021-09-25"},{"lineNumber":43,"author":{"gitId":"KaydenKhor"},"content":"                daysToAdd \u003d 7;","lastModifiedDate":"2021-09-25"},{"lineNumber":44,"author":{"gitId":"KaydenKhor"},"content":"            } else if (daysToAdd \u003c 0) {","lastModifiedDate":"2021-09-25"},{"lineNumber":45,"author":{"gitId":"KaydenKhor"},"content":"                daysToAdd \u003d daysToAdd * -1;","lastModifiedDate":"2021-09-25"},{"lineNumber":46,"author":{"gitId":"KaydenKhor"},"content":"            } else {","lastModifiedDate":"2021-09-25"},{"lineNumber":47,"author":{"gitId":"KaydenKhor"},"content":"                daysToAdd \u003d 7 - daysToAdd;","lastModifiedDate":"2021-09-25"},{"lineNumber":48,"author":{"gitId":"KaydenKhor"},"content":"            }","lastModifiedDate":"2021-09-25"},{"lineNumber":49,"author":{"gitId":"KaydenKhor"},"content":"            formattedDate \u003d formattedDate.plusDays(daysToAdd);","lastModifiedDate":"2021-09-25"},{"lineNumber":50,"author":{"gitId":"KaydenKhor"},"content":"        }","lastModifiedDate":"2021-09-25"},{"lineNumber":51,"author":{"gitId":"KaydenKhor"},"content":"        changedDate \u003d formattedDate.toString();","lastModifiedDate":"2021-09-25"},{"lineNumber":52,"author":{"gitId":"KaydenKhor"},"content":"        return LocalDateTime.parse(changedDate);","lastModifiedDate":"2021-09-25"},{"lineNumber":53,"author":{"gitId":"KaydenKhor"},"content":"    }","lastModifiedDate":"2021-09-25"},{"lineNumber":54,"author":{"gitId":"lowyanshuang"},"content":"","lastModifiedDate":"2021-10-02"},{"lineNumber":55,"author":{"gitId":"KaydenKhor"},"content":"    private int getDaysToAdd(String details) {","lastModifiedDate":"2021-09-25"},{"lineNumber":56,"author":{"gitId":"KaydenKhor"},"content":"        details \u003d details.toLowerCase();","lastModifiedDate":"2021-09-25"},{"lineNumber":57,"author":{"gitId":"KaydenKhor"},"content":"        if (details.contains(\"mon\")) {","lastModifiedDate":"2021-09-25"},{"lineNumber":58,"author":{"gitId":"KaydenKhor"},"content":"            return 0;","lastModifiedDate":"2021-09-25"},{"lineNumber":59,"author":{"gitId":"KaydenKhor"},"content":"        }","lastModifiedDate":"2021-09-25"},{"lineNumber":60,"author":{"gitId":"KaydenKhor"},"content":"        if (details.contains(\"tues\")) {","lastModifiedDate":"2021-09-25"},{"lineNumber":61,"author":{"gitId":"KaydenKhor"},"content":"            return 1;","lastModifiedDate":"2021-09-25"},{"lineNumber":62,"author":{"gitId":"KaydenKhor"},"content":"        }","lastModifiedDate":"2021-09-25"},{"lineNumber":63,"author":{"gitId":"KaydenKhor"},"content":"        if (details.contains(\"wednes\")) {","lastModifiedDate":"2021-09-25"},{"lineNumber":64,"author":{"gitId":"KaydenKhor"},"content":"            return 2;","lastModifiedDate":"2021-09-25"},{"lineNumber":65,"author":{"gitId":"KaydenKhor"},"content":"        }","lastModifiedDate":"2021-09-25"},{"lineNumber":66,"author":{"gitId":"KaydenKhor"},"content":"        if (details.contains(\"thurs\")) {","lastModifiedDate":"2021-09-25"},{"lineNumber":67,"author":{"gitId":"KaydenKhor"},"content":"            return 3;","lastModifiedDate":"2021-09-25"},{"lineNumber":68,"author":{"gitId":"KaydenKhor"},"content":"        }","lastModifiedDate":"2021-09-25"},{"lineNumber":69,"author":{"gitId":"KaydenKhor"},"content":"        if (details.contains(\"fri\")) {","lastModifiedDate":"2021-09-25"},{"lineNumber":70,"author":{"gitId":"KaydenKhor"},"content":"            return 4;","lastModifiedDate":"2021-09-25"},{"lineNumber":71,"author":{"gitId":"KaydenKhor"},"content":"        }","lastModifiedDate":"2021-09-25"},{"lineNumber":72,"author":{"gitId":"KaydenKhor"},"content":"        if (details.contains(\"satur\")) {","lastModifiedDate":"2021-09-25"},{"lineNumber":73,"author":{"gitId":"KaydenKhor"},"content":"            return 5;","lastModifiedDate":"2021-09-25"},{"lineNumber":74,"author":{"gitId":"KaydenKhor"},"content":"        }","lastModifiedDate":"2021-09-25"},{"lineNumber":75,"author":{"gitId":"KaydenKhor"},"content":"        if (details.contains(\"sun\")) {","lastModifiedDate":"2021-09-25"},{"lineNumber":76,"author":{"gitId":"KaydenKhor"},"content":"            return 6;","lastModifiedDate":"2021-09-25"},{"lineNumber":77,"author":{"gitId":"KaydenKhor"},"content":"        }","lastModifiedDate":"2021-09-25"},{"lineNumber":78,"author":{"gitId":"KaydenKhor"},"content":"        return -1;","lastModifiedDate":"2021-09-25"},{"lineNumber":79,"author":{"gitId":"KaydenKhor"},"content":"    }","lastModifiedDate":"2021-09-25"},{"lineNumber":80,"author":{"gitId":"KaydenKhor"},"content":"}","lastModifiedDate":"2021-09-25"}],"authorContributionMap":{"lowyanshuang":4,"KaydenKhor":76}},{"path":"src/main/java/seedu/duke/FlightList.java","fileType":"functional-code","lines":[{"lineNumber":1,"author":{"gitId":"KaydenKhor"},"content":"package seedu.duke;","lastModifiedDate":"2021-09-25"},{"lineNumber":2,"author":{"gitId":"KaydenKhor"},"content":"","lastModifiedDate":"2021-09-25"},{"lineNumber":3,"author":{"gitId":"KaydenKhor"},"content":"import java.util.ArrayList;","lastModifiedDate":"2021-09-25"},{"lineNumber":4,"author":{"gitId":"KaydenKhor"},"content":"","lastModifiedDate":"2021-09-25"},{"lineNumber":5,"author":{"gitId":"KaydenKhor"},"content":"public class FlightList {","lastModifiedDate":"2021-09-25"},{"lineNumber":6,"author":{"gitId":"KaydenKhor"},"content":"","lastModifiedDate":"2021-09-25"},{"lineNumber":7,"author":{"gitId":"KaydenKhor"},"content":"    public ArrayList\u003cFlight\u003e list;","lastModifiedDate":"2021-09-25"},{"lineNumber":8,"author":{"gitId":"KaydenKhor"},"content":"","lastModifiedDate":"2021-09-25"},{"lineNumber":9,"author":{"gitId":"lowyanshuang"},"content":"    public FlightList() {","lastModifiedDate":"2021-10-02"},{"lineNumber":10,"author":{"gitId":"lowyanshuang"},"content":"        this.list \u003d new ArrayList\u003cFlight\u003e();","lastModifiedDate":"2021-10-02"},{"lineNumber":11,"author":{"gitId":"lowyanshuang"},"content":"    }","lastModifiedDate":"2021-10-02"},{"lineNumber":12,"author":{"gitId":"KaydenKhor"},"content":"","lastModifiedDate":"2021-09-25"},{"lineNumber":13,"author":{"gitId":"KaydenKhor"},"content":"    /**","lastModifiedDate":"2021-09-25"},{"lineNumber":14,"author":{"gitId":"KaydenKhor"},"content":"     * Get the current list size.","lastModifiedDate":"2021-09-25"},{"lineNumber":15,"author":{"gitId":"KaydenKhor"},"content":"     *","lastModifiedDate":"2021-09-25"},{"lineNumber":16,"author":{"gitId":"KaydenKhor"},"content":"     * @return The current list size in integer","lastModifiedDate":"2021-09-25"},{"lineNumber":17,"author":{"gitId":"KaydenKhor"},"content":"     */","lastModifiedDate":"2021-09-25"},{"lineNumber":18,"author":{"gitId":"KaydenKhor"},"content":"    public int getSize() {","lastModifiedDate":"2021-09-25"},{"lineNumber":19,"author":{"gitId":"KaydenKhor"},"content":"        return list.size();","lastModifiedDate":"2021-09-25"},{"lineNumber":20,"author":{"gitId":"KaydenKhor"},"content":"    }","lastModifiedDate":"2021-09-25"},{"lineNumber":21,"author":{"gitId":"KaydenKhor"},"content":"","lastModifiedDate":"2021-09-25"},{"lineNumber":22,"author":{"gitId":"KaydenKhor"},"content":"    /**","lastModifiedDate":"2021-09-25"},{"lineNumber":23,"author":{"gitId":"KaydenKhor"},"content":"     * Get the current list.","lastModifiedDate":"2021-09-25"},{"lineNumber":24,"author":{"gitId":"KaydenKhor"},"content":"     *","lastModifiedDate":"2021-09-25"},{"lineNumber":25,"author":{"gitId":"KaydenKhor"},"content":"     * @return The current list.","lastModifiedDate":"2021-09-25"},{"lineNumber":26,"author":{"gitId":"KaydenKhor"},"content":"     */","lastModifiedDate":"2021-09-25"},{"lineNumber":27,"author":{"gitId":"KaydenKhor"},"content":"    public ArrayList\u003cFlight\u003e getList() {","lastModifiedDate":"2021-09-25"},{"lineNumber":28,"author":{"gitId":"KaydenKhor"},"content":"        return this.list;","lastModifiedDate":"2021-09-25"},{"lineNumber":29,"author":{"gitId":"KaydenKhor"},"content":"    }","lastModifiedDate":"2021-09-25"},{"lineNumber":30,"author":{"gitId":"KaydenKhor"},"content":"","lastModifiedDate":"2021-09-25"},{"lineNumber":31,"author":{"gitId":"KaydenKhor"},"content":"    /**","lastModifiedDate":"2021-09-25"},{"lineNumber":32,"author":{"gitId":"KaydenKhor"},"content":"     * Check whether the list is empty.","lastModifiedDate":"2021-09-25"},{"lineNumber":33,"author":{"gitId":"KaydenKhor"},"content":"     *","lastModifiedDate":"2021-09-25"},{"lineNumber":34,"author":{"gitId":"KaydenKhor"},"content":"     * @return True if list is empty, false if list is not empty.","lastModifiedDate":"2021-09-25"},{"lineNumber":35,"author":{"gitId":"KaydenKhor"},"content":"     */","lastModifiedDate":"2021-09-25"},{"lineNumber":36,"author":{"gitId":"KaydenKhor"},"content":"    public boolean isEmpty() {","lastModifiedDate":"2021-09-25"},{"lineNumber":37,"author":{"gitId":"KaydenKhor"},"content":"        return this.list.isEmpty();","lastModifiedDate":"2021-09-25"},{"lineNumber":38,"author":{"gitId":"KaydenKhor"},"content":"    }","lastModifiedDate":"2021-09-25"},{"lineNumber":39,"author":{"gitId":"KaydenKhor"},"content":"","lastModifiedDate":"2021-09-25"},{"lineNumber":40,"author":{"gitId":"KaydenKhor"},"content":"    /**","lastModifiedDate":"2021-09-25"},{"lineNumber":41,"author":{"gitId":"KaydenKhor"},"content":"     * Air Rec adds a Flight.","lastModifiedDate":"2021-09-25"},{"lineNumber":42,"author":{"gitId":"KaydenKhor"},"content":"     * version 1.0 will be saving the details as string.","lastModifiedDate":"2021-09-25"},{"lineNumber":43,"author":{"gitId":"KaydenKhor"},"content":"     *","lastModifiedDate":"2021-09-25"},{"lineNumber":44,"author":{"gitId":"KaydenKhor"},"content":"     * @param message Details of the Flight.","lastModifiedDate":"2021-09-25"},{"lineNumber":45,"author":{"gitId":"KaydenKhor"},"content":"     */","lastModifiedDate":"2021-09-25"},{"lineNumber":46,"author":{"gitId":"KaydenKhor"},"content":"    public void addFlight(String message) {","lastModifiedDate":"2021-09-25"},{"lineNumber":47,"author":{"gitId":"lowyanshuang"},"content":"        int index \u003d message.indexOf(\"/\");","lastModifiedDate":"2021-10-02"},{"lineNumber":48,"author":{"gitId":"KaydenKhor"},"content":"        list.add(new Flight(message.substring(3)));","lastModifiedDate":"2021-09-25"},{"lineNumber":49,"author":{"gitId":"KaydenKhor"},"content":"    }","lastModifiedDate":"2021-09-25"},{"lineNumber":50,"author":{"gitId":"KaydenKhor"},"content":"","lastModifiedDate":"2021-09-25"},{"lineNumber":51,"author":{"gitId":"Opkko"},"content":"    /**","lastModifiedDate":"2021-10-01"},{"lineNumber":52,"author":{"gitId":"Opkko"},"content":"     * Air Rec deletes a Flight.","lastModifiedDate":"2021-10-01"},{"lineNumber":53,"author":{"gitId":"Opkko"},"content":"     * version 1.0 will be deleting the flight by index.","lastModifiedDate":"2021-10-01"},{"lineNumber":54,"author":{"gitId":"Opkko"},"content":"     */","lastModifiedDate":"2021-10-01"},{"lineNumber":55,"author":{"gitId":"Opkko"},"content":"    public void deleteFlight(String message) {","lastModifiedDate":"2021-10-01"},{"lineNumber":56,"author":{"gitId":"lowyanshuang"},"content":"        int index \u003d new Parser().parseIntValue(message);","lastModifiedDate":"2021-10-02"},{"lineNumber":57,"author":{"gitId":"lowyanshuang"},"content":"        list.remove(index);","lastModifiedDate":"2021-10-02"},{"lineNumber":58,"author":{"gitId":"Opkko"},"content":"    }","lastModifiedDate":"2021-10-01"},{"lineNumber":59,"author":{"gitId":"Opkko"},"content":"","lastModifiedDate":"2021-10-01"},{"lineNumber":60,"author":{"gitId":"KaydenKhor"},"content":"","lastModifiedDate":"2021-09-25"},{"lineNumber":61,"author":{"gitId":"KaydenKhor"},"content":"}","lastModifiedDate":"2021-09-25"}],"authorContributionMap":{"lowyanshuang":6,"KaydenKhor":48,"Opkko":7}},{"path":"src/main/java/seedu/duke/Parser.java","fileType":"functional-code","lines":[{"lineNumber":1,"author":{"gitId":"KaydenKhor"},"content":"package seedu.duke;","lastModifiedDate":"2021-10-01"},{"lineNumber":2,"author":{"gitId":"KaydenKhor"},"content":"","lastModifiedDate":"2021-10-01"},{"lineNumber":3,"author":{"gitId":"KaydenKhor"},"content":"public class Parser {","lastModifiedDate":"2021-10-01"},{"lineNumber":4,"author":{"gitId":"KaydenKhor"},"content":"    /**","lastModifiedDate":"2021-10-01"},{"lineNumber":5,"author":{"gitId":"KaydenKhor"},"content":"     * This parser will be able to parse the inputs from the user to a readable command","lastModifiedDate":"2021-10-01"},{"lineNumber":6,"author":{"gitId":"KaydenKhor"},"content":"     * for duke to process the inputs accordingly by the user.","lastModifiedDate":"2021-10-01"},{"lineNumber":7,"author":{"gitId":"KaydenKhor"},"content":"     *","lastModifiedDate":"2021-10-01"},{"lineNumber":8,"author":{"gitId":"KaydenKhor"},"content":"     * @param userInput The string of words typed in by the user.","lastModifiedDate":"2021-10-01"},{"lineNumber":9,"author":{"gitId":"KaydenKhor"},"content":"     * @return A readable command for duke to process based on the command.","lastModifiedDate":"2021-10-01"},{"lineNumber":10,"author":{"gitId":"KaydenKhor"},"content":"     */","lastModifiedDate":"2021-10-01"},{"lineNumber":11,"author":{"gitId":"KaydenKhor"},"content":"    public String parseInput(String userInput) {","lastModifiedDate":"2021-10-01"},{"lineNumber":12,"author":{"gitId":"KaydenKhor"},"content":"        userInput \u003d userInput.toLowerCase();","lastModifiedDate":"2021-10-01"},{"lineNumber":13,"author":{"gitId":"KaydenKhor"},"content":"        String command \u003d \"unknown\";","lastModifiedDate":"2021-10-01"},{"lineNumber":14,"author":{"gitId":"KaydenKhor"},"content":"        if (userInput.contains(\"bye\")) {","lastModifiedDate":"2021-10-01"},{"lineNumber":15,"author":{"gitId":"KaydenKhor"},"content":"            command \u003d \"bye\";","lastModifiedDate":"2021-10-01"},{"lineNumber":16,"author":{"gitId":"KaydenKhor"},"content":"        }","lastModifiedDate":"2021-10-01"},{"lineNumber":17,"author":{"gitId":"KaydenKhor"},"content":"        if (userInput.contains(\"list\")) {","lastModifiedDate":"2021-10-01"},{"lineNumber":18,"author":{"gitId":"KaydenKhor"},"content":"            command \u003d \"list\";","lastModifiedDate":"2021-10-01"},{"lineNumber":19,"author":{"gitId":"KaydenKhor"},"content":"        }","lastModifiedDate":"2021-10-01"},{"lineNumber":20,"author":{"gitId":"KaydenKhor"},"content":"        if (userInput.contains(\"delete\")) {","lastModifiedDate":"2021-10-01"},{"lineNumber":21,"author":{"gitId":"KaydenKhor"},"content":"            command \u003d \"delete\";","lastModifiedDate":"2021-10-01"},{"lineNumber":22,"author":{"gitId":"KaydenKhor"},"content":"        }","lastModifiedDate":"2021-10-01"},{"lineNumber":23,"author":{"gitId":"KaydenKhor"},"content":"        if (userInput.contains(\"add\")) {","lastModifiedDate":"2021-10-01"},{"lineNumber":24,"author":{"gitId":"KaydenKhor"},"content":"            command \u003d \"add\";","lastModifiedDate":"2021-10-01"},{"lineNumber":25,"author":{"gitId":"KaydenKhor"},"content":"        }","lastModifiedDate":"2021-10-01"},{"lineNumber":26,"author":{"gitId":"Opkko"},"content":"        if (userInput.contains(\"show all\") || userInput.contains(\"show All\")) {","lastModifiedDate":"2021-10-01"},{"lineNumber":27,"author":{"gitId":"Opkko"},"content":"            command \u003d \"show all\";","lastModifiedDate":"2021-10-01"},{"lineNumber":28,"author":{"gitId":"Opkko"},"content":"        }","lastModifiedDate":"2021-10-01"},{"lineNumber":29,"author":{"gitId":"KaydenKhor"},"content":"        return command;","lastModifiedDate":"2021-10-01"},{"lineNumber":30,"author":{"gitId":"KaydenKhor"},"content":"    }","lastModifiedDate":"2021-10-01"},{"lineNumber":31,"author":{"gitId":"KaydenKhor"},"content":"","lastModifiedDate":"2021-10-01"},{"lineNumber":32,"author":{"gitId":"Opkko"},"content":"    // To parse Integer value for deletion","lastModifiedDate":"2021-10-01"},{"lineNumber":33,"author":{"gitId":"Opkko"},"content":"    public Integer parseIntValue(String userInput) {","lastModifiedDate":"2021-10-01"},{"lineNumber":34,"author":{"gitId":"Opkko"},"content":"        return Integer.parseInt(userInput.substring(7));","lastModifiedDate":"2021-10-01"},{"lineNumber":35,"author":{"gitId":"Opkko"},"content":"    }","lastModifiedDate":"2021-10-01"},{"lineNumber":36,"author":{"gitId":"Opkko"},"content":"","lastModifiedDate":"2021-10-01"},{"lineNumber":37,"author":{"gitId":"KaydenKhor"},"content":"}","lastModifiedDate":"2021-10-01"}],"authorContributionMap":{"KaydenKhor":29,"Opkko":8}},{"path":"src/test/java/seedu/duke/DukeTest.java","fileType":"test-code","lines":[{"lineNumber":1,"author":{"gitId":"-"},"content":"package seedu.duke;","lastModifiedDate":"2020-05-24"},{"lineNumber":2,"author":{"gitId":"-"},"content":"","lastModifiedDate":"2020-05-24"},{"lineNumber":3,"author":{"gitId":"-"},"content":"import static org.junit.jupiter.api.Assertions.assertTrue;","lastModifiedDate":"2020-05-24"},{"lineNumber":4,"author":{"gitId":"-"},"content":"","lastModifiedDate":"2020-05-24"},{"lineNumber":5,"author":{"gitId":"-"},"content":"import org.junit.jupiter.api.Test;","lastModifiedDate":"2020-05-24"},{"lineNumber":6,"author":{"gitId":"-"},"content":"","lastModifiedDate":"2020-05-24"},{"lineNumber":7,"author":{"gitId":"KaydenKhor"},"content":"","lastModifiedDate":"2021-09-25"},{"lineNumber":8,"author":{"gitId":"-"},"content":"class DukeTest {","lastModifiedDate":"2020-05-24"},{"lineNumber":9,"author":{"gitId":"-"},"content":"    @Test","lastModifiedDate":"2020-05-24"},{"lineNumber":10,"author":{"gitId":"-"},"content":"    public void sampleTest() {","lastModifiedDate":"2020-05-24"},{"lineNumber":11,"author":{"gitId":"-"},"content":"        assertTrue(true);","lastModifiedDate":"2020-05-24"},{"lineNumber":12,"author":{"gitId":"-"},"content":"    }","lastModifiedDate":"2020-05-24"},{"lineNumber":13,"author":{"gitId":"KaydenKhor"},"content":"","lastModifiedDate":"2021-09-25"},{"lineNumber":14,"author":{"gitId":"KaydenKhor"},"content":"    @Test","lastModifiedDate":"2021-09-25"},{"lineNumber":15,"author":{"gitId":"KaydenKhor"},"content":"    public void flightCreationTask() {","lastModifiedDate":"2021-09-25"},{"lineNumber":16,"author":{"gitId":"KaydenKhor"},"content":"        Flight testFlight \u003d new Flight(\"Singapore\", \"Australia\",\"2021-12-31 0800\", 500);","lastModifiedDate":"2021-09-25"},{"lineNumber":17,"author":{"gitId":"KaydenKhor"},"content":"    }","lastModifiedDate":"2021-09-25"},{"lineNumber":18,"author":{"gitId":"-"},"content":"}","lastModifiedDate":"2020-05-24"}],"authorContributionMap":{"-":12,"KaydenKhor":6}}]
