{"authorDailyContributionsMap":{"badfr0g":[{"date":"2021-09-26","commitResults":[{"hash":"f31dd93779fb884001323954e179fcd498c9c262","messageTitle":"Update AboutUs.md","messageBody":"add in Joseph info\n","fileTypesAndContributionMap":{"docs":{"insertions":1,"deletions":0}}}]},{"date":"2021-10-31","commitResults":[{"hash":"4ba2d88a6e038729bfaf1ecbb31bd478a38bfc1b","messageTitle":"add storage function","messageBody":"store user input in to flightDB txt file\n","fileTypesAndContributionMap":{"functional-code":{"insertions":73,"deletions":0}}}]},{"date":"2021-11-02","commitResults":[{"hash":"5d15cebe5c206670a798354ef9288aaf38d540a8","messageTitle":"edit function","messageBody":"","fileTypesAndContributionMap":{"functional-code":{"insertions":15,"deletions":0}}}]},{"date":"2021-11-03","commitResults":[{"hash":"49bdab8b26cffad2bfdec7c423751d4cedbeb2bd","messageTitle":"edit function","messageBody":"","fileTypesAndContributionMap":{"functional-code":{"insertions":12,"deletions":4}}}]},{"date":"2021-11-04","commitResults":[{"hash":"89e4c9a9535440199651307eb6086ab5307db02c","messageTitle":"edit function","messageBody":"","fileTypesAndContributionMap":{"functional-code":{"insertions":152,"deletions":0},"docs":{"insertions":19,"deletions":4}}},{"hash":"aacb4b8229a0797790fdd9ef9b4ac900f63bc505","messageTitle":"edit function","messageBody":"","fileTypesAndContributionMap":{"functional-code":{"insertions":0,"deletions":20}}},{"hash":"3353c24a3ea27455e3fd81eb4b72de5254587a49","messageTitle":"Update Duke.java","messageBody":"","fileTypesAndContributionMap":{"functional-code":{"insertions":0,"deletions":4}}},{"hash":"d5e4315730f8c6747e71889a9e664e826427d5db","messageTitle":"edit check style","messageBody":"","fileTypesAndContributionMap":{"functional-code":{"insertions":63,"deletions":63}}},{"hash":"1322744c28966d71e6fd0ff6a3b51a6274397de2","messageTitle":"Update Storage.java","messageBody":"","fileTypesAndContributionMap":{"functional-code":{"insertions":15,"deletions":15}}},{"hash":"2b034fd4df492d4e61945fdae0597c5a2d967eb6","messageTitle":"update","messageBody":"","fileTypesAndContributionMap":{"functional-code":{"insertions":1,"deletions":5}}}]},{"date":"2021-11-13","commitResults":[{"hash":"368b417b25a219cb481b648dcf86ff904c02490d","messageTitle":"Create Joseph.md","messageBody":"","fileTypesAndContributionMap":{"docs":{"insertions":14,"deletions":0}}}]}],"lowyanshuang":[{"date":"2021-09-22","commitResults":[{"hash":"6fb7c9b75b8ecf23b00d8034999cc9b9c168b566","messageTitle":"Include greeting and exit message","messageBody":"","fileTypesAndContributionMap":{"functional-code":{"insertions":33,"deletions":11}}}]},{"date":"2021-09-26","commitResults":[{"hash":"3cfd2cdb148c51bde38ee2cd9dfd1d51e25ea415","messageTitle":"Update code format","messageBody":"","fileTypesAndContributionMap":{"functional-code":{"insertions":8,"deletions":7}}}]},{"date":"2021-10-02","commitResults":[{"hash":"e17f76a1799626530ccbfaadd0fc8dd8ca2a637b","messageTitle":"Update User Guide","messageBody":"","fileTypesAndContributionMap":{"docs":{"insertions":10,"deletions":10}}},{"hash":"62fe8eef490dac7cdd1dc2b75e9cdcecaa95630f","messageTitle":"Correct some errors","messageBody":"","fileTypesAndContributionMap":{"docs":{"insertions":2,"deletions":2}}},{"hash":"c5e2ac05c343d3de44d94ad01023b6f3e09853b9","messageTitle":"Update format","messageBody":"","fileTypesAndContributionMap":{"docs":{"insertions":1,"deletions":0}}},{"hash":"2b3ae5f266c8a8804a773c64a2f8ddd49232ab6f","messageTitle":"Solve PR errors","messageBody":"","fileTypesAndContributionMap":{"functional-code":{"insertions":37,"deletions":31},"test-code":{"insertions":1,"deletions":1}}},{"hash":"9ad130d2fbb2abc1d41ddcf5b9ca93b05b116db7","messageTitle":"Add Exception","messageBody":"","fileTypesAndContributionMap":{"functional-code":{"insertions":33,"deletions":29}}}]},{"date":"2021-10-16","commitResults":[{"hash":"95c14a00d391bdd3df7bba5f39a7afbdf72b6786","messageTitle":"Include search and help functions","messageBody":"","fileTypesAndContributionMap":{"functional-code":{"insertions":50,"deletions":0},"test-code":{"insertions":30,"deletions":0}}}]},{"date":"2021-10-19","commitResults":[{"hash":"221a142c31d2493a732e7017a3792ba474405019","messageTitle":"Separate the print out messages","messageBody":"","fileTypesAndContributionMap":{"functional-code":{"insertions":64,"deletions":15},"test-code":{"insertions":2,"deletions":0}}}]},{"date":"2021-10-25","commitResults":[{"hash":"2151c7964c39940f441dda976de88ae7c5822b1e","messageTitle":"Update User Guide","messageBody":"","fileTypesAndContributionMap":{"docs":{"insertions":34,"deletions":13}}}]},{"date":"2021-11-03","commitResults":[{"hash":"a59fbc25af7bb083033c5b15526b276605fd280e","messageTitle":"Update Developer Guide","messageBody":"","fileTypesAndContributionMap":{"docs":{"insertions":3,"deletions":0}}},{"hash":"152772a24f3c4c5f94cbb83aec8579a3f0e1d90c","messageTitle":"Update Developer Guide \u0026 Upload my PPP","messageBody":"","fileTypesAndContributionMap":{"docs":{"insertions":30,"deletions":1}}},{"hash":"15886b81fb42e9e18766948e03766905c1a33018","messageTitle":"Add files via upload","messageBody":"","fileTypesAndContributionMap":{"docs":{"insertions":29,"deletions":0}}},{"hash":"ce3b671500b68d569306632ec5843fc6791dcc98","messageTitle":"Delete lowyanshuang.md","messageBody":"","fileTypesAndContributionMap":{"docs":{"insertions":0,"deletions":29}}}]},{"date":"2021-11-13","commitResults":[{"hash":"76bdbc32f8097ba5e2dfd8e4c12cd6aeb3cb08e9","messageTitle":"Place wrongly. Reupload my PPP","messageBody":"","fileTypesAndContributionMap":{"docs":{"insertions":28,"deletions":0}}}]}],"KaydenKhor":[{"date":"2021-09-17","commitResults":[{"hash":"945436275d67689667269492ac043329bc17cb40","messageTitle":"Team 5 - AIR REC","messageBody":"","fileTypesAndContributionMap":{"docs":{"insertions":2,"deletions":0}}}]},{"date":"2021-09-25","commitResults":[{"hash":"69e00359cc17ba81bec9ee10b0b3815851d50cda","messageTitle":"Khor Kee Yong Info","messageBody":"","fileTypesAndContributionMap":{"docs":{"insertions":64,"deletions":0}}},{"hash":"d3c999b1a609651d7646f66fa501859d5bafd472","messageTitle":"Update README.md","messageBody":"","fileTypesAndContributionMap":{"docs":{"insertions":5,"deletions":2}}},{"hash":"f10fef789356e19b2108457de04cdeb198800e28","messageTitle":"Update AboutUs.md","messageBody":"","fileTypesAndContributionMap":{"docs":{"insertions":2,"deletions":5}}},{"hash":"d45faf208e06d3a53db89ada326c317966265512","messageTitle":"Update AboutUs.md","messageBody":"","fileTypesAndContributionMap":{"docs":{"insertions":4,"deletions":4}}},{"hash":"e769d58c355feaf6a8580f342b0ac892367b561c","messageTitle":"Updated User Guide v1.1 - Planing the first iteration of the project. Ready for implementation","messageBody":"","fileTypesAndContributionMap":{"docs":{"insertions":104,"deletions":22}}},{"hash":"b3a4e4c889e35a776831c143cdae967830731fdb","messageTitle":"Updated AboutUs to include members who have joined and done workflow","messageBody":"","fileTypesAndContributionMap":{"docs":{"insertions":4,"deletions":7}}},{"hash":"b06dd1c486201c8f208ca49175dc13d23130ef9b","messageTitle":"Updated Repository\u0027s ReadMe, not Docs.","messageBody":"","fileTypesAndContributionMap":{"docs":{"insertions":106,"deletions":45}}},{"hash":"e3b988a894248c37a8d7ed870eedb2627c9d9758","messageTitle":"Added Flight Class. Constructor only. Added Flight Creation Test case to test file.","messageBody":"","fileTypesAndContributionMap":{"functional-code":{"insertions":73,"deletions":0},"test-code":{"insertions":6,"deletions":0}}},{"hash":"f43b0bc8c58041735bf456cf3f52824d54f1f181","messageTitle":"Clean up code","messageBody":"","fileTypesAndContributionMap":{"functional-code":{"insertions":1,"deletions":1}}},{"hash":"9f033c42203fb1b7a72bdaf1290229f42de6744f","messageTitle":"Add \"details\" parameter to store flight details as String type. (Version 1.0)","messageBody":"","fileTypesAndContributionMap":{"functional-code":{"insertions":4,"deletions":0}}},{"hash":"85678d124b3e0e19e52ec96605e2672be0aa19ae","messageTitle":"Created FlightList Class as an OOP effort to store all Flight as Flight type in an Array List.","messageBody":"","fileTypesAndContributionMap":{"functional-code":{"insertions":50,"deletions":0}}},{"hash":"b9ee7775e241ff2e1a4a99fd045109139414f935","messageTitle":"Updated User Guide on version Air Rec Version 1.1","messageBody":"","fileTypesAndContributionMap":{"docs":{"insertions":2,"deletions":1}}},{"hash":"5ba27a3162b2649e256ecc20b53684aa6704e38d","messageTitle":"Correct some error in the document.","messageBody":"","fileTypesAndContributionMap":{"docs":{"insertions":1,"deletions":1}}},{"hash":"836e80a94176529ce79eab3269f19f98634ec551","messageTitle":"Corrected some error again","messageBody":"","fileTypesAndContributionMap":{"docs":{"insertions":2,"deletions":1}}},{"hash":"71862a127133fbffa654965e83ed95d8180641a6","messageTitle":"Updated the readme.md","messageBody":"","fileTypesAndContributionMap":{"docs":{"insertions":124,"deletions":6}}},{"hash":"7987a413b26634f16199602b0b700ff529f0e640","messageTitle":"Aligned root readme.md to orignial","messageBody":"","fileTypesAndContributionMap":{"docs":{"insertions":51,"deletions":125}}},{"hash":"c6e1746623e8b8157c78e88db6fd270c6dc6b90e","messageTitle":"Update README.md","messageBody":"","fileTypesAndContributionMap":{"docs":{"insertions":61,"deletions":46}}}]},{"date":"2021-10-01","commitResults":[{"hash":"8eaf257a53c23fbac828147c589658151c39322f","messageTitle":"Added Parser class to parse user input","messageBody":"","fileTypesAndContributionMap":{"functional-code":{"insertions":2,"deletions":0}}},{"hash":"57b0fe444ba874ce2782142e344ce3533097a35b","messageTitle":"Added Parser class as well as restructure main program","messageBody":"","fileTypesAndContributionMap":{"functional-code":{"insertions":50,"deletions":18}}}]},{"date":"2021-10-08","commitResults":[{"hash":"42f6be02ea722ef488967773014ce5e8aa7c98ea","messageTitle":"Commit to close milestone v1.1","messageBody":"","fileTypesAndContributionMap":{"functional-code":{"insertions":0,"deletions":2}}}]},{"date":"2021-10-14","commitResults":[{"hash":"4d995eee01a37613e2ef27a9ced94dde371a06d7","messageTitle":"Fixed delete function.","messageBody":"","fileTypesAndContributionMap":{"functional-code":{"insertions":26,"deletions":22}}},{"hash":"67770fc73fdb0f0a648a18741639c4136b07841e","messageTitle":"Resolve checkstyle error.","messageBody":"","fileTypesAndContributionMap":{"functional-code":{"insertions":21,"deletions":21}}},{"hash":"b9fa1576592ec08b15dfc6b8752fb9b8ad29b185","messageTitle":"Update UserGuide.md","messageBody":"","fileTypesAndContributionMap":{"docs":{"insertions":4,"deletions":4}}},{"hash":"fd3ae95da53678bc84412f33975614ebcd7a9e3a","messageTitle":"Update README.md","messageBody":"","tags":["v1.0"],"fileTypesAndContributionMap":{"docs":{"insertions":5,"deletions":5}}},{"hash":"2dc66fd8d6c564e917b7f558b8f8ae451906a98f","messageTitle":"Enabled assertion","messageBody":"","fileTypesAndContributionMap":{"other":{"insertions":1,"deletions":0}}}]},{"date":"2021-10-29","commitResults":[{"hash":"b4531500d8425f7011a6e0d91d664908727024ca","messageTitle":"Implemented add flight function to transform strings into data for parameters. Parameters like - From, To, DateAndTime, Price of the flight.","messageBody":"","fileTypesAndContributionMap":{"functional-code":{"insertions":38,"deletions":14},"test-code":{"insertions":1,"deletions":1}}},{"hash":"2236113ce4840a3a0146ebe2448e759044343975","messageTitle":"Re-commit to edit checkstyle error!","messageBody":"","fileTypesAndContributionMap":{"functional-code":{"insertions":5,"deletions":4}}},{"hash":"3894a1b50f625d4ce65ff32b02ca2ca09985af20","messageTitle":"Resolve checkstyle error for Flight class","messageBody":"","fileTypesAndContributionMap":{"functional-code":{"insertions":2,"deletions":1}}},{"hash":"c1d97fd4a5aa6e4f5562e9c8c74e4e5f8d04247d","messageTitle":"Merged  Add and search function successfully into master branch.","messageBody":"To add in exceptions for date time error.\n","fileTypesAndContributionMap":{"functional-code":{"insertions":4,"deletions":7}}},{"hash":"f412268aa5d6e349fb47299ddaa97abbcf969b19","messageTitle":"Edited build gradle to create executable JAR file through gradle!","messageBody":"","fileTypesAndContributionMap":{"other":{"insertions":10,"deletions":0}}},{"hash":"ce316afe8c05363680e51fb53b0e78b3ec68cd93","messageTitle":"Updated userguide for v2.0","messageBody":"","fileTypesAndContributionMap":{"docs":{"insertions":6,"deletions":4}}},{"hash":"5f1e7ba9573a5ed3e1cb7b76faee22fa20872ba9","messageTitle":"Updated Developer Guide for v2.0 and v3.0 as well as User guide has been updated for v2.0.","messageBody":"","fileTypesAndContributionMap":{"docs":{"insertions":48,"deletions":7}}},{"hash":"c8a068340b4cc0a2a56eaebb713ad29617cdfe5d","messageTitle":"Update README.md","messageBody":"","fileTypesAndContributionMap":{"docs":{"insertions":45,"deletions":21}}}]},{"date":"2021-11-13","commitResults":[{"hash":"95e3c487ea39793634962168c695dad7e8bd5f2c","messageTitle":"Added sort function. Sort by price or dateTime only.","messageBody":"","fileTypesAndContributionMap":{"functional-code":{"insertions":53,"deletions":7}}},{"hash":"1c587ea94acd75cb4825e5c8fa8c8dbbda0392e1","messageTitle":"Edited checkstyle error","messageBody":"","fileTypesAndContributionMap":{"functional-code":{"insertions":6,"deletions":3}}},{"hash":"2be0aec9b71260ace28f3a92654fcbb996896206","messageTitle":"Solving CI error","messageBody":"","fileTypesAndContributionMap":{"functional-code":{"insertions":1,"deletions":1}}},{"hash":"600e95554a3e4d34962ca00753178a6b0f40359e","messageTitle":"Fix all bugs, including storage function, search function and add function.","messageBody":"","fileTypesAndContributionMap":{"functional-code":{"insertions":26,"deletions":10}}},{"hash":"14779d6c616723444ffd8102dad88ec1e4007d51","messageTitle":"Resolve checkstyle error","messageBody":"","fileTypesAndContributionMap":{"functional-code":{"insertions":3,"deletions":3}}},{"hash":"175e0eae147920abdcc3f46a9c81fc5a7f7058ac","messageTitle":"Resolve bugs","messageBody":"","fileTypesAndContributionMap":{"functional-code":{"insertions":0,"deletions":3}}},{"hash":"c9ec8a50cb8bcb0af43dd53711ba32e18cd884de","messageTitle":"Fixing bugs again","messageBody":"","fileTypesAndContributionMap":{"functional-code":{"insertions":0,"deletions":3}}},{"hash":"19dd4f9b0c603008969aef3f03c1b15baddf5d68","messageTitle":"Final resolve of storage function.","messageBody":"","fileTypesAndContributionMap":{"functional-code":{"insertions":10,"deletions":2}}},{"hash":"0f806461c415e9f820fcf2d23db176846407ac35","messageTitle":"Update UserGuide.md","messageBody":"","fileTypesAndContributionMap":{"docs":{"insertions":36,"deletions":7}}},{"hash":"301056234c94a7d48aced11ca3be96aa1f499c63","messageTitle":"Update README.md","messageBody":"","fileTypesAndContributionMap":{"docs":{"insertions":3,"deletions":0}}},{"hash":"3a4075a7113aac03ca9543ed20ac4532204a63a8","messageTitle":"Update README.md","messageBody":"","fileTypesAndContributionMap":{"docs":{"insertions":4,"deletions":149}}},{"hash":"75a114d406b20805ab8fab586220ac097134956f","messageTitle":"Update README.md","messageBody":"","fileTypesAndContributionMap":{"docs":{"insertions":2,"deletions":0}}},{"hash":"716cf668b2bbe0071fb485dbdbe4608d777ece1f","messageTitle":"Update DeveloperGuide.md","messageBody":"","fileTypesAndContributionMap":{"docs":{"insertions":8,"deletions":1}}},{"hash":"faa2d7f5baf2a0ab6338a298e7061d05877f572b","messageTitle":"Update DeveloperGuide.md","messageBody":"","fileTypesAndContributionMap":{"docs":{"insertions":2,"deletions":0}}},{"hash":"955a983ec5bcb57cae9b80654195ed3e2e716426","messageTitle":"Update DeveloperGuide.md","messageBody":"","fileTypesAndContributionMap":{"docs":{"insertions":9,"deletions":1}}},{"hash":"169378cd1f140c7ebe372cdd4c0b9f3487a621bb","messageTitle":"Update DeveloperGuide.md","messageBody":"","fileTypesAndContributionMap":{"docs":{"insertions":5,"deletions":14}}},{"hash":"a5521ae33a1f48869f246f6f1c6efff27a48e460","messageTitle":"Rename KhorKeeYong\u0027s PPP to KhorKeeYong\u0027s PPP.md","messageBody":"","fileTypesAndContributionMap":{"docs":{"insertions":72,"deletions":0}}},{"hash":"6661cf20df8098a65cfae8b6736b1e9f95b2afb1","messageTitle":"Update KhorKeeYong\u0027s PPP.md","messageBody":"","fileTypesAndContributionMap":{"docs":{"insertions":9,"deletions":8}}},{"hash":"962da4d0864a78fa810308bab2f44561568cf5ce","messageTitle":"Update KhorKeeYong.md","messageBody":"","fileTypesAndContributionMap":{"docs":{"insertions":70,"deletions":61}}},{"hash":"3463f4b33174c17429f52892f7590634518f1584","messageTitle":"Update KhorKeeYong\u0027s PPP.md","messageBody":"","fileTypesAndContributionMap":{"docs":{"insertions":1,"deletions":0}}},{"hash":"64b4adfcf49832a757bddeb32ca692b10e70bdd0","messageTitle":"Update KhorKeeYong.md","messageBody":"","fileTypesAndContributionMap":{"docs":{"insertions":2,"deletions":0}}},{"hash":"b6428e72d778306f7b63ef88932199f4d361b551","messageTitle":"Update KhorKeeYong\u0027s PPP.md","messageBody":"","fileTypesAndContributionMap":{"docs":{"insertions":3,"deletions":2}}},{"hash":"1e107b89b614e479488302fe5e19f9317fb50364","messageTitle":"Update KhorKeeYong.md","messageBody":"","fileTypesAndContributionMap":{"docs":{"insertions":2,"deletions":1}}},{"hash":"58d14f09ba0e2bd20fcb0f12caff29ce393fc112","messageTitle":"Update KhorKeeYong.md","messageBody":"","fileTypesAndContributionMap":{"docs":{"insertions":1,"deletions":0}}},{"hash":"e86c03b492be66d234ec5704aec47f526185e194","messageTitle":"Update KhorKeeYong\u0027s PPP.md","messageBody":"","tags":["v3.0b"],"fileTypesAndContributionMap":{"docs":{"insertions":1,"deletions":0}}},{"hash":"3a952155ec4075b0c1f723fa884856c0b8d7183a","messageTitle":"Update UserGuide.md","messageBody":"","fileTypesAndContributionMap":{"docs":{"insertions":1,"deletions":1}}},{"hash":"55127beed6a9a7f4a56be51e2fced1f8b69857ad","messageTitle":"Update README.md","messageBody":"","fileTypesAndContributionMap":{"docs":{"insertions":3,"deletions":3}}},{"hash":"05be90d3e5145a15db001b99a62c0f381dd654d6","messageTitle":"Update DeveloperGuide.md","messageBody":"","fileTypesAndContributionMap":{"docs":{"insertions":2,"deletions":2}}},{"hash":"c61cb9966de1c28e3dd5b19da5bf29901ffecca6","messageTitle":"Update DeveloperGuide.md","messageBody":"","fileTypesAndContributionMap":{"docs":{"insertions":2,"deletions":2}}},{"hash":"239e13fb9bf6e0a95d407aace3a1177ed1f8e286","messageTitle":"Update README.md","messageBody":"","fileTypesAndContributionMap":{"docs":{"insertions":2,"deletions":0}}},{"hash":"c5436ff9b537543fcab3833a045f91aeacb74d23","messageTitle":"Rename KhorKeeYong\u0027s PPP.md to KhorKeeYongPPP.md","messageBody":"","fileTypesAndContributionMap":{"docs":{"insertions":0,"deletions":0}}},{"hash":"779a5139dc57a7b47db4198bf3ce33a0606bda83","messageTitle":"Update README.md","messageBody":"","fileTypesAndContributionMap":{"docs":{"insertions":1,"deletions":1}}},{"hash":"c23044ffcebd018ddc27c4841e7af2ebe8dceb92","messageTitle":"Update DeveloperGuide.md","messageBody":"","fileTypesAndContributionMap":{"docs":{"insertions":2,"deletions":2}}}]},{"date":"2021-11-14","commitResults":[{"hash":"efa728eee053d24b47a02b3d4a5303e38ee9c122","messageTitle":"Update README.md","messageBody":"","fileTypesAndContributionMap":{"docs":{"insertions":1,"deletions":1}}},{"hash":"f91272c4f5b4cd549829fb499612c3b26d5126c1","messageTitle":"Update README.md","messageBody":"","fileTypesAndContributionMap":{"docs":{"insertions":1,"deletions":1}}},{"hash":"f0d04750af2ab663c2b2c068c29ac71c5392a9a8","messageTitle":"Update KhorKeeYongPPP.md","messageBody":"","fileTypesAndContributionMap":{"docs":{"insertions":3,"deletions":3}}},{"hash":"586633353d1788513558ee002019d7d201572667","messageTitle":"Update README.md","messageBody":"","fileTypesAndContributionMap":{"docs":{"insertions":4,"deletions":0}}}]}],"Opkko":[{"date":"2021-10-01","commitResults":[{"hash":"821c28dbb42a53b658e2757434cf655ca21b166f","messageTitle":"Updated Two Basic Functions \"Show All Flights\" \u0026 \"Delete\" Updated Parser Function to parse Integer input for Deletion.","messageBody":"","fileTypesAndContributionMap":{"functional-code":{"insertions":28,"deletions":1}}}]},{"date":"2021-11-04","commitResults":[{"hash":"079c0d767a5077ab893a7c4c34e80c709b44879a","messageTitle":"\"Show Upcoming - Comparing Dates Shows earliest flight from current time\"","messageBody":"","fileTypesAndContributionMap":{"functional-code":{"insertions":40,"deletions":0},"docs":{"insertions":2,"deletions":1}}},{"hash":"78c7aa07a9f74bce6c73c69ded8ffcba4e9cb69c","messageTitle":"\"Show Upcoming - Comparing Dates Shows earliest flight from current time\"","messageBody":"","fileTypesAndContributionMap":{"functional-code":{"insertions":6,"deletions":5}}}]}]},"authorFileTypeContributionMap":{"badfr0g":{"docs":29,"functional-code":212,"test-code":0},"lowyanshuang":{"docs":91,"functional-code":122,"test-code":32},"KaydenKhor":{"docs":349,"functional-code":289,"test-code":6,"other":11},"Opkko":{"docs":2,"functional-code":61,"test-code":0}},"authorContributionVariance":{"badfr0g":2244.4563,"lowyanshuang":783.2567,"KaydenKhor":21339.08,"Opkko":61.698917},"authorDisplayNameMap":{"badfr0g":"TIC4001-F18-5 JOSE..YANG","lowyanshuang":"TIC4001-F18-5 LOW ..UANG","KaydenKhor":"TIC4001-F18-5 KHOR..YONG","Opkko":"TIC4001-F18-5 LIM ..KANG"}}
