{"authorDailyContributionsMap":{"badfr0g":[{"date":"2021-09-26","commitResults":[{"hash":"f31dd93779fb884001323954e179fcd498c9c262","messageTitle":"Update AboutUs.md","messageBody":"add in Joseph info\n","fileTypesAndContributionMap":{"docs":{"insertions":1,"deletions":0}}}]}],"lowyanshuang":[{"date":"2021-09-22","commitResults":[{"hash":"6fb7c9b75b8ecf23b00d8034999cc9b9c168b566","messageTitle":"Include greeting and exit message","messageBody":"","fileTypesAndContributionMap":{"functional-code":{"insertions":33,"deletions":11}}}]},{"date":"2021-09-26","commitResults":[{"hash":"3cfd2cdb148c51bde38ee2cd9dfd1d51e25ea415","messageTitle":"Update code format","messageBody":"","fileTypesAndContributionMap":{"functional-code":{"insertions":8,"deletions":7}}}]}],"KaydenKhor":[{"date":"2021-09-17","commitResults":[{"hash":"945436275d67689667269492ac043329bc17cb40","messageTitle":"Team 5 - AIR REC","messageBody":"","fileTypesAndContributionMap":{"docs":{"insertions":2,"deletions":0}}}]},{"date":"2021-09-25","commitResults":[{"hash":"69e00359cc17ba81bec9ee10b0b3815851d50cda","messageTitle":"Khor Kee Yong Info","messageBody":"","fileTypesAndContributionMap":{"docs":{"insertions":64,"deletions":0}}},{"hash":"d3c999b1a609651d7646f66fa501859d5bafd472","messageTitle":"Update README.md","messageBody":"","fileTypesAndContributionMap":{"docs":{"insertions":5,"deletions":2}}},{"hash":"f10fef789356e19b2108457de04cdeb198800e28","messageTitle":"Update AboutUs.md","messageBody":"","fileTypesAndContributionMap":{"docs":{"insertions":2,"deletions":5}}},{"hash":"d45faf208e06d3a53db89ada326c317966265512","messageTitle":"Update AboutUs.md","messageBody":"","fileTypesAndContributionMap":{"docs":{"insertions":4,"deletions":4}}},{"hash":"e769d58c355feaf6a8580f342b0ac892367b561c","messageTitle":"Updated User Guide v1.1 - Planing the first iteration of the project. Ready for implementation","messageBody":"","fileTypesAndContributionMap":{"docs":{"insertions":104,"deletions":22}}},{"hash":"b3a4e4c889e35a776831c143cdae967830731fdb","messageTitle":"Updated AboutUs to include members who have joined and done workflow","messageBody":"","fileTypesAndContributionMap":{"docs":{"insertions":4,"deletions":7}}},{"hash":"b06dd1c486201c8f208ca49175dc13d23130ef9b","messageTitle":"Updated Repository\u0027s ReadMe, not Docs.","messageBody":"","fileTypesAndContributionMap":{"docs":{"insertions":106,"deletions":45}}},{"hash":"e3b988a894248c37a8d7ed870eedb2627c9d9758","messageTitle":"Added Flight Class. Constructor only. Added Flight Creation Test case to test file.","messageBody":"","fileTypesAndContributionMap":{"functional-code":{"insertions":73,"deletions":0},"test-code":{"insertions":6,"deletions":0}}},{"hash":"f43b0bc8c58041735bf456cf3f52824d54f1f181","messageTitle":"Clean up code","messageBody":"","fileTypesAndContributionMap":{"functional-code":{"insertions":1,"deletions":1}}},{"hash":"9f033c42203fb1b7a72bdaf1290229f42de6744f","messageTitle":"Add \"details\" parameter to store flight details as String type. (Version 1.0)","messageBody":"","fileTypesAndContributionMap":{"functional-code":{"insertions":4,"deletions":0}}},{"hash":"85678d124b3e0e19e52ec96605e2672be0aa19ae","messageTitle":"Created FlightList Class as an OOP effort to store all Flight as Flight type in an Array List.","messageBody":"","fileTypesAndContributionMap":{"functional-code":{"insertions":50,"deletions":0}}},{"hash":"b9ee7775e241ff2e1a4a99fd045109139414f935","messageTitle":"Updated User Guide on version Air Rec Version 1.1","messageBody":"","fileTypesAndContributionMap":{"docs":{"insertions":2,"deletions":1}}},{"hash":"5ba27a3162b2649e256ecc20b53684aa6704e38d","messageTitle":"Correct some error in the document.","messageBody":"","fileTypesAndContributionMap":{"docs":{"insertions":1,"deletions":1}}},{"hash":"836e80a94176529ce79eab3269f19f98634ec551","messageTitle":"Corrected some error again","messageBody":"","fileTypesAndContributionMap":{"docs":{"insertions":2,"deletions":1}}},{"hash":"71862a127133fbffa654965e83ed95d8180641a6","messageTitle":"Updated the readme.md","messageBody":"","fileTypesAndContributionMap":{"docs":{"insertions":124,"deletions":6}}},{"hash":"7987a413b26634f16199602b0b700ff529f0e640","messageTitle":"Aligned root readme.md to orignial","messageBody":"","fileTypesAndContributionMap":{"docs":{"insertions":51,"deletions":125}}},{"hash":"c6e1746623e8b8157c78e88db6fd270c6dc6b90e","messageTitle":"Update README.md","messageBody":"","fileTypesAndContributionMap":{"docs":{"insertions":61,"deletions":46}}}]},{"date":"2021-10-01","commitResults":[{"hash":"8eaf257a53c23fbac828147c589658151c39322f","messageTitle":"Added Parser class to parse user input","messageBody":"","fileTypesAndContributionMap":{"functional-code":{"insertions":2,"deletions":0}}},{"hash":"57b0fe444ba874ce2782142e344ce3533097a35b","messageTitle":"Added Parser class as well as restructure main program","messageBody":"","fileTypesAndContributionMap":{"functional-code":{"insertions":50,"deletions":18}}}]}],"Opkko":[{"date":"2021-10-01","commitResults":[{"hash":"821c28dbb42a53b658e2757434cf655ca21b166f","messageTitle":"Updated Two Basic Functions \"Show All Flights\" \u0026 \"Delete\" Updated Parser Function to parse Integer input for Deletion.","messageBody":"","fileTypesAndContributionMap":{"functional-code":{"insertions":28,"deletions":1}}}]}]},"authorFileTypeContributionMap":{"badfr0g":{"docs":1,"functional-code":0,"test-code":0},"lowyanshuang":{"docs":0,"functional-code":21,"test-code":0},"KaydenKhor":{"docs":292,"functional-code":173,"test-code":6},"Opkko":{"docs":0,"functional-code":28,"test-code":0}},"authorContributionVariance":{"badfr0g":0.062222216,"lowyanshuang":128.59552,"KaydenKhor":53524.7,"Opkko":52.32889},"authorDisplayNameMap":{"badfr0g":"TIC4001-F18-5 JOSE..YANG","lowyanshuang":"TIC4001-F18-5 LOW ..UANG","KaydenKhor":"TIC4001-F18-5 KHOR..YONG","Opkko":"TIC4001-F18-5 LIM ..KANG"}}
