{"repoSenseVersion":"v1.14","reportGeneratedTime":"Tue Oct 5 08:03:34 2021 UTC+08:00","reportGenerationTime":" 2.43 second(s)","zoneId":"UTC+08:00","reportTitle":"RepoSense Report","repos":[{"location":{"location":"https://github.com/AY2122S1-TIC4001-F18-3/tp.git","repoName":"tp","organization":"AY2122S1-TIC4001-F18-3"},"branch":"master","displayName":"AY2122S1-TIC4001-F18-3/tp[master]","outputFolderName":"AY2122S1-TIC4001-F18-3_tp_master"},{"location":{"location":"https://github.com/AY2122S1-TIC4001-F18-6/tp.git","repoName":"tp","organization":"AY2122S1-TIC4001-F18-6"},"branch":"master","displayName":"AY2122S1-TIC4001-F18-6/tp[master]","outputFolderName":"AY2122S1-TIC4001-F18-6_tp_master"},{"location":{"location":"https://github.com/AY2122S1-TIC4001-F18-4/tp.git","repoName":"tp","organization":"AY2122S1-TIC4001-F18-4"},"branch":"master","displayName":"AY2122S1-TIC4001-F18-4/tp[master]","outputFolderName":"AY2122S1-TIC4001-F18-4_tp_master"},{"location":{"location":"https://github.com/AY2122S1-TIC4001-F18-5/tp.git","repoName":"tp","organization":"AY2122S1-TIC4001-F18-5"},"branch":"master","displayName":"AY2122S1-TIC4001-F18-5/tp[master]","outputFolderName":"AY2122S1-TIC4001-F18-5_tp_master"},{"location":{"location":"https://github.com/AY2122S1-TIC4001-F18-2/tp.git","repoName":"tp","organization":"AY2122S1-TIC4001-F18-2"},"branch":"master","displayName":"AY2122S1-TIC4001-F18-2/tp[master]","outputFolderName":"AY2122S1-TIC4001-F18-2_tp_master"},{"location":{"location":"https://github.com/AY2122S1-TIC4001-F18-1/tp.git","repoName":"tp","organization":"AY2122S1-TIC4001-F18-1"},"branch":"master","displayName":"AY2122S1-TIC4001-F18-1/tp[master]","outputFolderName":"AY2122S1-TIC4001-F18-1_tp_master"}],"errorList":[],"sinceDate":"2021-09-17","untilDate":"2021-10-05","isSinceDateProvided":true,"isUntilDateProvided":false}
