{"repoSenseVersion":"v1.14","reportGeneratedTime":"Wed Dec 1 08:04:09 2021 UTC+08:00","reportGenerationTime":" 4.90 second(s)","zoneId":"UTC+08:00","reportTitle":"RepoSense Report","repos":[{"location":{"location":"https://github.com/AY2122S1-TIC4001-F18-6/tp.git","repoName":"tp","organization":"AY2122S1-TIC4001-F18-6"},"branch":"master","displayName":"AY2122S1-TIC4001-F18-6/tp[master]","outputFolderName":"AY2122S1-TIC4001-F18-6_tp_master"},{"location":{"location":"https://github.com/AY2122S1-TIC4001-F18-4/tp.git","repoName":"tp","organization":"AY2122S1-TIC4001-F18-4"},"branch":"master","displayName":"AY2122S1-TIC4001-F18-4/tp[master]","outputFolderName":"AY2122S1-TIC4001-F18-4_tp_master"},{"location":{"location":"https://github.com/AY2122S1-TIC4001-F18-5/tp.git","repoName":"tp","organization":"AY2122S1-TIC4001-F18-5"},"branch":"master","displayName":"AY2122S1-TIC4001-F18-5/tp[master]","outputFolderName":"AY2122S1-TIC4001-F18-5_tp_master"},{"location":{"location":"https://github.com/AY2122S1-TIC4001-F18-2/tp.git","repoName":"tp","organization":"AY2122S1-TIC4001-F18-2"},"branch":"master","displayName":"AY2122S1-TIC4001-F18-2/tp[master]","outputFolderName":"AY2122S1-TIC4001-F18-2_tp_master"},{"location":{"location":"https://github.com/AY2122S1-TIC4001-F18-1/tp.git","repoName":"tp","organization":"AY2122S1-TIC4001-F18-1"},"branch":"master","displayName":"AY2122S1-TIC4001-F18-1/tp[master]","outputFolderName":"AY2122S1-TIC4001-F18-1_tp_master"}],"errorList":[{"repoName":"AY2122S1-TIC4001-F18-3/tp[master]","errorMessage":"Unexpected error stack trace for https://github.com/AY2122S1-TIC4001-F18-3/tp.git:\n\u003ejava.lang.NumberFormatException: For input string: \"\"\n\tat java.base/java.lang.NumberFormatException.forInputString(NumberFormatException.java:65)\n\tat java.base/java.lang.Long.parseLong(Long.java:702)\n\tat java.base/java.lang.Long.parseLong(Long.java:817)\n\tat java.base/java.text.DigitList.getLong(DigitList.java:195)\n\tat java.base/java.text.DecimalFormat.parse(DecimalFormat.java:2121)\n\tat java.base/java.text.SimpleDateFormat.subParse(SimpleDateFormat.java:1933)\n\tat java.base/java.text.SimpleDateFormat.parse(SimpleDateFormat.java:1541)\n\tat java.base/java.text.DateFormat.parse(DateFormat.java:393)\n\tat reposense.commits.CommitInfoAnalyzer.analyzeCommit(CommitInfoAnalyzer.java:92)\n\tat reposense.commits.CommitInfoAnalyzer.lambda$analyzeCommits$0(CommitInfoAnalyzer.java:71)\n\tat java.base/java.util.stream.ReferencePipeline$3$1.accept(ReferencePipeline.java:195)\n\tat java.base/java.util.ArrayList$ArrayListSpliterator.forEachRemaining(ArrayList.java:1655)\n\tat java.base/java.util.stream.AbstractPipeline.copyInto(AbstractPipeline.java:484)\n\tat java.base/java.util.stream.AbstractPipeline.wrapAndCopyInto(AbstractPipeline.java:474)\n\tat java.base/java.util.stream.ReduceOps$ReduceOp.evaluateSequential(ReduceOps.java:913)\n\tat java.base/java.util.stream.AbstractPipeline.evaluate(AbstractPipeline.java:234)\n\tat java.base/java.util.stream.ReferencePipeline.collect(ReferencePipeline.java:578)\n\tat reposense.commits.CommitInfoAnalyzer.analyzeCommits(CommitInfoAnalyzer.java:76)\n\tat reposense.commits.CommitsReporter.generateCommitSummary(CommitsReporter.java:21)\n\tat reposense.report.ReportGenerator.analyzeRepo(ReportGenerator.java:375)\n\tat reposense.report.ReportGenerator.analyzeRepos(ReportGenerator.java:327)\n\tat reposense.report.ReportGenerator.lambda$cloneAndAnalyzeRepos$1(ReportGenerator.java:237)\n\tat java.base/java.util.concurrent.CompletableFuture$UniApply.tryFire(CompletableFuture.java:642)\n\tat java.base/java.util.concurrent.CompletableFuture$Completion.run(CompletableFuture.java:478)\n\tat java.base/java.util.concurrent.ThreadPoolExecutor.runWorker(ThreadPoolExecutor.java:1128)\n\tat java.base/java.util.concurrent.ThreadPoolExecutor$Worker.run(ThreadPoolExecutor.java:628)\n\tat java.base/java.lang.Thread.run(Thread.java:829)\n"}],"sinceDate":"2021-09-17","untilDate":"2021-12-01","isSinceDateProvided":true,"isUntilDateProvided":false}
