{"authorDailyContributionsMap":{"e0262191":[],"thisisdax":[{"date":"2021-10-07","commitResults":[{"hash":"aca54ce7b6f0172c97eaefad3237bceb2ba1e306","messageTitle":"add task, todo and tasklist","messageBody":"","fileTypesAndContributionMap":{"functional-code":{"insertions":69,"deletions":5}}}]},{"date":"2021-10-14","commitResults":[{"hash":"274c476e3ea1388c5f89195ae8f400b8a5e78d5c","messageTitle":"linted code according to checkstyleMain","messageBody":"","fileTypesAndContributionMap":{"functional-code":{"insertions":26,"deletions":19},"other":{"insertions":3,"deletions":4}}}]},{"date":"2021-10-22","commitResults":[{"hash":"70f33e14a22c3597e5f8a5d3d73316ccef4da775","messageTitle":"added categories command","messageBody":"","fileTypesAndContributionMap":{"functional-code":{"insertions":218,"deletions":2}}}]},{"date":"2021-10-29","commitResults":[{"hash":"89715ff5b735721cb0ac671936221ff7236229bc","messageTitle":"added tagging category to task","messageBody":"","fileTypesAndContributionMap":{"functional-code":{"insertions":98,"deletions":1}}},{"hash":"fed7fe7dea513ef678fe48c674f24e4ee0df9e19","messageTitle":"fixed gradlew check","messageBody":"","fileTypesAndContributionMap":{"functional-code":{"insertions":4,"deletions":2}}}]}],"chenghuiyuan":[{"date":"2021-10-01","commitResults":[{"hash":"81b25249a506681f640f82661acd687b541210e6","messageTitle":"Update README.md","messageBody":"","fileTypesAndContributionMap":{"docs":{"insertions":2,"deletions":3}}}]},{"date":"2021-10-08","commitResults":[{"hash":"578579a60f07a9450325689a86329ed895add077","messageTitle":"Add View command","messageBody":"","fileTypesAndContributionMap":{"functional-code":{"insertions":101,"deletions":0}}},{"hash":"63f2e04fae042179696deabd51f6233ebd04b494","messageTitle":"Add delete command","messageBody":"","fileTypesAndContributionMap":{"functional-code":{"insertions":57,"deletions":0}}}]},{"date":"2021-10-13","commitResults":[{"hash":"cc69ef0a60b55ee3d8676dfcfd637893065f065b","messageTitle":"Fix checkstyles errors","messageBody":"","fileTypesAndContributionMap":{"functional-code":{"insertions":23,"deletions":17}}}]},{"date":"2021-10-14","commitResults":[{"hash":"22d7f45db6b2ccaadb2a150523499dcd1a0e50af","messageTitle":"Edit taskList after merge","messageBody":"","fileTypesAndContributionMap":{"functional-code":{"insertions":29,"deletions":2}}},{"hash":"388a26ac788ed239c2ffb28cb5dba7c47bbd1edf","messageTitle":"Fix checkStyle error","messageBody":"","fileTypesAndContributionMap":{"functional-code":{"insertions":1,"deletions":0}}}]},{"date":"2021-10-17","commitResults":[{"hash":"8bac4e34d2d04f852356997b8598cef44a1b77f9","messageTitle":"Refactor code","messageBody":"","fileTypesAndContributionMap":{"functional-code":{"insertions":1,"deletions":21}}}]},{"date":"2021-10-27","commitResults":[{"hash":"00672fc3b07405a28280b28cc004e06cbf766a28","messageTitle":"Add view subcommand","messageBody":"","fileTypesAndContributionMap":{"functional-code":{"insertions":34,"deletions":2}}},{"hash":"38022c6fe5827657ae110e5f5e84c7ee30038c33","messageTitle":"Add done command","messageBody":"","fileTypesAndContributionMap":{"functional-code":{"insertions":15,"deletions":1}}},{"hash":"7e36ebc1a0aa360ebc6459af32665999c0e4ca6e","messageTitle":"Add done command","messageBody":"","fileTypesAndContributionMap":{"functional-code":{"insertions":39,"deletions":0}}},{"hash":"34d3ea95bc0df0e3a5776ed5a8a61c2687dfac1f","messageTitle":"Fix checkstyles errors","messageBody":"","fileTypesAndContributionMap":{"functional-code":{"insertions":7,"deletions":8}}}]},{"date":"2021-11-13","commitResults":[{"hash":"1f4bea45f98d2620ddff1c8ad3f298fc9257eb8b","messageTitle":"Update DeveloperGuide.md","messageBody":"","fileTypesAndContributionMap":{"docs":{"insertions":25,"deletions":2}}},{"hash":"a8b576e5c918b1072e7e8e9098e5a4467db58812","messageTitle":"Create chenghuiyuan.md","messageBody":"","fileTypesAndContributionMap":{"docs":{"insertions":22,"deletions":0}}}]}],"yaololo":[{"date":"2021-10-01","commitResults":[{"hash":"c0c8cb5fa85db8b284be33d1b1df350596c145de","messageTitle":"Init commit, add project backbone.","messageBody":"","fileTypesAndContributionMap":{"functional-code":{"insertions":82,"deletions":7}}}]},{"date":"2021-10-07","commitResults":[{"hash":"89eaa356747d3182ae9552aa65f7ca57ae290d04","messageTitle":"Add CommandKeyWords constant to keep track a list of predefined keywords","messageBody":"","fileTypesAndContributionMap":{"functional-code":{"insertions":53,"deletions":0}}}]},{"date":"2021-10-09","commitResults":[{"hash":"07de39c5217006ef4a2cda9a1076da79371a1e6f","messageTitle":"Update command class to include some generic methods","messageBody":"","fileTypesAndContributionMap":{"functional-code":{"insertions":27,"deletions":0}}},{"hash":"8ae7a4c760071ee41fa278d384e4615b76b67dd5","messageTitle":"Update TaskList to include generic method getSize.","messageBody":"","fileTypesAndContributionMap":{"functional-code":{"insertions":4,"deletions":0}}},{"hash":"c8dc19019e4b78ef8b3f32bcf7e211d9aef720ce","messageTitle":"Update ErrorMessage and add dummy command and location command","messageBody":"","fileTypesAndContributionMap":{"functional-code":{"insertions":33,"deletions":1}}},{"hash":"676f8447f52872cfeac6c5c91c552f54a0842f4d","messageTitle":"Update Parser method to handle location command","messageBody":"","fileTypesAndContributionMap":{"functional-code":{"insertions":53,"deletions":3}}},{"hash":"de1d9b12a232fdce0da8eac7316085c339408c0d","messageTitle":"Fix style check error","messageBody":"","fileTypesAndContributionMap":{"functional-code":{"insertions":27,"deletions":19},"other":{"insertions":10,"deletions":9}}},{"hash":"fe9ca5aa97e79ae32a4a6bb1364750d07e275215","messageTitle":"Fix style check error","messageBody":"","fileTypesAndContributionMap":{"functional-code":{"insertions":31,"deletions":22}}},{"hash":"417fb689d4f44041faf895aaded1a2263c862b66","messageTitle":"Fix style check error","messageBody":"","fileTypesAndContributionMap":{"functional-code":{"insertions":8,"deletions":8},"other":{"insertions":1,"deletions":1}}},{"hash":"9e2357841dd3ff6244cad321fe4a20b773d3edad","messageTitle":"Fix style check error","messageBody":"","fileTypesAndContributionMap":{"functional-code":{"insertions":4,"deletions":4},"other":{"insertions":1,"deletions":1}}}]},{"date":"2021-10-15","commitResults":[{"hash":"a951dacc9d64b29ce4cb515281163925f02a8258","messageTitle":"Fix code style error and typo","messageBody":"","fileTypesAndContributionMap":{"functional-code":{"insertions":3,"deletions":17}}},{"hash":"7a8c760e5214abcf09bb55b77b019267e5940c4e","messageTitle":"Fix merge conflicts error","messageBody":"","fileTypesAndContributionMap":{"functional-code":{"insertions":6,"deletions":31}}},{"hash":"0517c224026c26ce3964122e1425dc723c2f5073","messageTitle":"Fix file importing error","messageBody":"","fileTypesAndContributionMap":{"functional-code":{"insertions":0,"deletions":1}}},{"hash":"fdb3538f885af353f1b4b58b93e7d2bff9dda2ae","messageTitle":"Fix merge conflicts issue","messageBody":"","fileTypesAndContributionMap":{"functional-code":{"insertions":1,"deletions":1}}},{"hash":"1fd3f2c9842643118d9a957f2843765ba9d09bf0","messageTitle":"Integrate project components and allow software to handle \u0027Add\u0027,  \u0027delete\u0027, \u0027view\u0027,  \u0027bye\u0027 commands.","messageBody":"","fileTypesAndContributionMap":{"functional-code":{"insertions":177,"deletions":88},"other":{"insertions":4,"deletions":1}}},{"hash":"9e1e42b548d7532b5896be81acc8dae106f8aed5","messageTitle":"Fix code style check error","messageBody":"","fileTypesAndContributionMap":{"functional-code":{"insertions":21,"deletions":32}}}]},{"date":"2021-10-16","commitResults":[{"hash":"2e4ecc1fe403fbe8455713a670f854258c9fcf4d","messageTitle":"Add appointment task type","messageBody":"","fileTypesAndContributionMap":{"functional-code":{"insertions":27,"deletions":0}}},{"hash":"30b969621c3801e44700e3a0aaaed702471f8406","messageTitle":"Update command keywords and error messages.","messageBody":"","fileTypesAndContributionMap":{"functional-code":{"insertions":3,"deletions":1}}},{"hash":"e088317f358a12f5083d2cb8adff41a772b6e932","messageTitle":"Update location command class and parser class to handle SET_LOCATION command.","messageBody":"","fileTypesAndContributionMap":{"functional-code":{"insertions":47,"deletions":23}}}]},{"date":"2021-10-17","commitResults":[{"hash":"90a5a67c2c0722ab51d4b0b4d1774bfba501c6f9","messageTitle":"Update appointment class to include location and time","messageBody":"","fileTypesAndContributionMap":{"functional-code":{"insertions":7,"deletions":2}}},{"hash":"c3cbb9f03c864a40e14de14b6ff0b35678bc7620","messageTitle":"Create appointment command class to handle add appointment task","messageBody":"","fileTypesAndContributionMap":{"functional-code":{"insertions":27,"deletions":0}}},{"hash":"9c2384b301e754acb934ae012b8159e196f946e9","messageTitle":"Update parser to handle add new appointment command","messageBody":"","fileTypesAndContributionMap":{"functional-code":{"insertions":39,"deletions":16}}},{"hash":"afe4e1ec22a052bd5b30af13e6154002e50282db","messageTitle":"Update fix check style error","messageBody":"","fileTypesAndContributionMap":{"functional-code":{"insertions":47,"deletions":41}}}]},{"date":"2021-10-22","commitResults":[{"hash":"3789b16d63af02c33699450c72dc3e257252b5e5","messageTitle":"Add appointment time command to handle set time command.","messageBody":"","fileTypesAndContributionMap":{"functional-code":{"insertions":93,"deletions":38}}},{"hash":"eed31b5f9d2b2b919234407cebfbbb26a4eadfdd","messageTitle":"Update appointment relevant class to support date format instead of string as appointment time.","messageBody":"","fileTypesAndContributionMap":{"functional-code":{"insertions":45,"deletions":10}}},{"hash":"58b23cac4026930e1f5febbaf2d2d6590cc0c357","messageTitle":"Fix style check error","messageBody":"","fileTypesAndContributionMap":{"functional-code":{"insertions":19,"deletions":9}}},{"hash":"2462a2f658ad6215601f8dcbd75fe45a41e9899f","messageTitle":"Fix style check error","messageBody":"","fileTypesAndContributionMap":{"functional-code":{"insertions":6,"deletions":6}}}]},{"date":"2021-10-29","commitResults":[{"hash":"ebf3894efb796acbd0a89d2df498fb83836d42ed","messageTitle":"Add handling set date time for this and next week in human-readable format","messageBody":"","fileTypesAndContributionMap":{"functional-code":{"insertions":122,"deletions":4}}}]},{"date":"2021-11-08","commitResults":[{"hash":"9520b490ab82a679e9c1bfdf9d72d16e33b87026","messageTitle":"Add task progress command","messageBody":"","fileTypesAndContributionMap":{"functional-code":{"insertions":60,"deletions":32}}}]}],"spencernah":[{"date":"2021-11-03","commitResults":[{"hash":"2abaa53b434885d55a8da0bd95b8c6431474e64d","messageTitle":"AutoCorrect commands cleaned up","messageBody":"","fileTypesAndContributionMap":{"functional-code":{"insertions":40,"deletions":0}}},{"hash":"ca745e6ecdc04fae546eec709cf5d7c673577fec","messageTitle":"AutoCorrect commands cleaned up 2","messageBody":"","fileTypesAndContributionMap":{"functional-code":{"insertions":5,"deletions":2}}},{"hash":"81c46d2950dc92b29e5e99802af131e2d6eeaa5f","messageTitle":"AutoCorrect commands cleaned up 2","messageBody":"","fileTypesAndContributionMap":{"functional-code":{"insertions":0,"deletions":3}}},{"hash":"af8a06dbea6d6d288b0b280b1ae166f7946f5bc4","messageTitle":"AutoCorrect commands cleaned up 2","messageBody":"","fileTypesAndContributionMap":{"functional-code":{"insertions":1,"deletions":1}}}]}]},"authorFileTypeContributionMap":{"e0262191":{"docs":0,"functional-code":0,"test-code":0},"thisisdax":{"docs":0,"functional-code":382,"test-code":0},"chenghuiyuan":{"docs":49,"functional-code":199,"test-code":0},"yaololo":{"docs":0,"functional-code":681,"test-code":0},"spencernah":{"docs":0,"functional-code":38,"test-code":0}},"authorContributionVariance":{"e0262191":0.0,"thisisdax":1105.1396,"chenghuiyuan":669.0922,"yaololo":5288.635,"spencernah":45.816864},"authorDisplayNameMap":{"e0262191":"TIC4001-F18-6 TAN ..RICK","thisisdax":"TIC4001-F18-6 TAN .. HUA","chenghuiyuan":"TIC4001-F18-6 CHEN..YUAN","yaololo":"TIC4001-F18-6 ZHUA..MING","spencernah":"TIC4001-F18-6 SPEN.. HAO"}}
