{"authorDailyContributionsMap":{"e0262191":[],"thisisdax":[{"date":"2021-10-07","commitResults":[{"hash":"aca54ce7b6f0172c97eaefad3237bceb2ba1e306","messageTitle":"add task, todo and tasklist","messageBody":"","fileTypesAndContributionMap":{"functional-code":{"insertions":69,"deletions":5}}}]},{"date":"2021-10-14","commitResults":[{"hash":"274c476e3ea1388c5f89195ae8f400b8a5e78d5c","messageTitle":"linted code according to checkstyleMain","messageBody":"","fileTypesAndContributionMap":{"functional-code":{"insertions":26,"deletions":19},"other":{"insertions":3,"deletions":4}}}]}],"chenghuiyuan":[{"date":"2021-10-01","commitResults":[{"hash":"81b25249a506681f640f82661acd687b541210e6","messageTitle":"Update README.md","messageBody":"","fileTypesAndContributionMap":{"docs":{"insertions":2,"deletions":3}}}]}],"yaololo":[{"date":"2021-10-01","commitResults":[{"hash":"c0c8cb5fa85db8b284be33d1b1df350596c145de","messageTitle":"Init commit, add project backbone.","messageBody":"","fileTypesAndContributionMap":{"functional-code":{"insertions":82,"deletions":7}}}]},{"date":"2021-10-07","commitResults":[{"hash":"89eaa356747d3182ae9552aa65f7ca57ae290d04","messageTitle":"Add CommandKeyWords constant to keep track a list of predefined keywords","messageBody":"","fileTypesAndContributionMap":{"functional-code":{"insertions":53,"deletions":0}}}]}],"spencernah":[]},"authorFileTypeContributionMap":{"e0262191":{"docs":0,"functional-code":0,"test-code":0},"thisisdax":{"docs":0,"functional-code":83,"test-code":0},"chenghuiyuan":{"docs":2,"functional-code":0,"test-code":0},"yaololo":{"docs":0,"functional-code":122,"test-code":0},"spencernah":{"docs":0,"functional-code":0,"test-code":0}},"authorContributionVariance":{"e0262191":0.0,"thisisdax":271.89285,"chenghuiyuan":0.8609691,"yaololo":357.49496,"spencernah":0.0},"authorDisplayNameMap":{"e0262191":"TIC4001-F18-6 TAN ..RICK","thisisdax":"TIC4001-F18-6 TAN .. HUA","chenghuiyuan":"TIC4001-F18-6 CHEN..YUAN","yaololo":"TIC4001-F18-6 ZHUA..MING","spencernah":"TIC4001-F18-6 SPEN.. HAO"}}
