{"authorDailyContributionsMap":{"e0262191":[],"thisisdax":[],"chenghuiyuan":[{"date":"2021-10-01","commitResults":[{"hash":"81b25249a506681f640f82661acd687b541210e6","messageTitle":"Update README.md","messageBody":"","fileTypesAndContributionMap":{"docs":{"insertions":2,"deletions":3}}}]}],"yaololo":[{"date":"2021-10-01","commitResults":[{"hash":"c0c8cb5fa85db8b284be33d1b1df350596c145de","messageTitle":"Init commit, add project backbone.","messageBody":"","fileTypesAndContributionMap":{"functional-code":{"insertions":82,"deletions":7}}}]}],"spencernah":[]},"authorFileTypeContributionMap":{"e0262191":{"docs":0,"functional-code":0,"test-code":0},"thisisdax":{"docs":0,"functional-code":0,"test-code":0},"chenghuiyuan":{"docs":2,"functional-code":0,"test-code":0},"yaololo":{"docs":0,"functional-code":82,"test-code":0},"spencernah":{"docs":0,"functional-code":0,"test-code":0}},"authorContributionVariance":{"e0262191":0.0,"thisisdax":0.0,"chenghuiyuan":1.5555555,"yaololo":492.8622,"spencernah":0.0},"authorDisplayNameMap":{"e0262191":"TIC4001-F18-6 TAN ..RICK","thisisdax":"TIC4001-F18-6 TAN .. HUA","chenghuiyuan":"TIC4001-F18-6 CHEN..YUAN","yaololo":"TIC4001-F18-6 ZHUA..MING","spencernah":"TIC4001-F18-6 SPEN.. HAO"}}
