{"authorDailyContributionsMap":{"e0262191":[],"thisisdax":[{"date":"2021-10-07","commitResults":[{"hash":"aca54ce7b6f0172c97eaefad3237bceb2ba1e306","messageTitle":"add task, todo and tasklist","messageBody":"","fileTypesAndContributionMap":{"functional-code":{"insertions":69,"deletions":5}}}]},{"date":"2021-10-14","commitResults":[{"hash":"274c476e3ea1388c5f89195ae8f400b8a5e78d5c","messageTitle":"linted code according to checkstyleMain","messageBody":"","fileTypesAndContributionMap":{"functional-code":{"insertions":26,"deletions":19},"other":{"insertions":3,"deletions":4}}}]}],"chenghuiyuan":[{"date":"2021-10-01","commitResults":[{"hash":"81b25249a506681f640f82661acd687b541210e6","messageTitle":"Update README.md","messageBody":"","fileTypesAndContributionMap":{"docs":{"insertions":2,"deletions":3}}}]},{"date":"2021-10-08","commitResults":[{"hash":"578579a60f07a9450325689a86329ed895add077","messageTitle":"Add View command","messageBody":"","fileTypesAndContributionMap":{"functional-code":{"insertions":101,"deletions":0}}},{"hash":"63f2e04fae042179696deabd51f6233ebd04b494","messageTitle":"Add delete command","messageBody":"","fileTypesAndContributionMap":{"functional-code":{"insertions":57,"deletions":0}}}]},{"date":"2021-10-13","commitResults":[{"hash":"cc69ef0a60b55ee3d8676dfcfd637893065f065b","messageTitle":"Fix checkstyles errors","messageBody":"","fileTypesAndContributionMap":{"functional-code":{"insertions":23,"deletions":17}}}]},{"date":"2021-10-14","commitResults":[{"hash":"22d7f45db6b2ccaadb2a150523499dcd1a0e50af","messageTitle":"Edit taskList after merge","messageBody":"","fileTypesAndContributionMap":{"functional-code":{"insertions":29,"deletions":2}}},{"hash":"388a26ac788ed239c2ffb28cb5dba7c47bbd1edf","messageTitle":"Fix checkStyle error","messageBody":"","fileTypesAndContributionMap":{"functional-code":{"insertions":1,"deletions":0}}}]}],"yaololo":[{"date":"2021-10-01","commitResults":[{"hash":"c0c8cb5fa85db8b284be33d1b1df350596c145de","messageTitle":"Init commit, add project backbone.","messageBody":"","fileTypesAndContributionMap":{"functional-code":{"insertions":82,"deletions":7}}}]},{"date":"2021-10-07","commitResults":[{"hash":"89eaa356747d3182ae9552aa65f7ca57ae290d04","messageTitle":"Add CommandKeyWords constant to keep track a list of predefined keywords","messageBody":"","fileTypesAndContributionMap":{"functional-code":{"insertions":53,"deletions":0}}}]},{"date":"2021-10-09","commitResults":[{"hash":"07de39c5217006ef4a2cda9a1076da79371a1e6f","messageTitle":"Update command class to include some generic methods","messageBody":"","fileTypesAndContributionMap":{"functional-code":{"insertions":27,"deletions":0}}},{"hash":"8ae7a4c760071ee41fa278d384e4615b76b67dd5","messageTitle":"Update TaskList to include generic method getSize.","messageBody":"","fileTypesAndContributionMap":{"functional-code":{"insertions":4,"deletions":0}}},{"hash":"c8dc19019e4b78ef8b3f32bcf7e211d9aef720ce","messageTitle":"Update ErrorMessage and add dummy command and location command","messageBody":"","fileTypesAndContributionMap":{"functional-code":{"insertions":33,"deletions":1}}},{"hash":"676f8447f52872cfeac6c5c91c552f54a0842f4d","messageTitle":"Update Parser method to handle location command","messageBody":"","fileTypesAndContributionMap":{"functional-code":{"insertions":53,"deletions":3}}},{"hash":"de1d9b12a232fdce0da8eac7316085c339408c0d","messageTitle":"Fix style check error","messageBody":"","fileTypesAndContributionMap":{"functional-code":{"insertions":27,"deletions":19},"other":{"insertions":10,"deletions":9}}},{"hash":"fe9ca5aa97e79ae32a4a6bb1364750d07e275215","messageTitle":"Fix style check error","messageBody":"","fileTypesAndContributionMap":{"functional-code":{"insertions":31,"deletions":22}}},{"hash":"417fb689d4f44041faf895aaded1a2263c862b66","messageTitle":"Fix style check error","messageBody":"","fileTypesAndContributionMap":{"functional-code":{"insertions":8,"deletions":8},"other":{"insertions":1,"deletions":1}}},{"hash":"9e2357841dd3ff6244cad321fe4a20b773d3edad","messageTitle":"Fix style check error","messageBody":"","fileTypesAndContributionMap":{"functional-code":{"insertions":4,"deletions":4},"other":{"insertions":1,"deletions":1}}}]},{"date":"2021-10-15","commitResults":[{"hash":"a951dacc9d64b29ce4cb515281163925f02a8258","messageTitle":"Fix code style error and typo","messageBody":"","fileTypesAndContributionMap":{"functional-code":{"insertions":3,"deletions":17}}},{"hash":"7a8c760e5214abcf09bb55b77b019267e5940c4e","messageTitle":"Fix merge conflicts error","messageBody":"","fileTypesAndContributionMap":{"functional-code":{"insertions":6,"deletions":31}}},{"hash":"0517c224026c26ce3964122e1425dc723c2f5073","messageTitle":"Fix file importing error","messageBody":"","fileTypesAndContributionMap":{"functional-code":{"insertions":0,"deletions":1}}},{"hash":"fdb3538f885af353f1b4b58b93e7d2bff9dda2ae","messageTitle":"Fix merge conflicts issue","messageBody":"","fileTypesAndContributionMap":{"functional-code":{"insertions":1,"deletions":1}}},{"hash":"1fd3f2c9842643118d9a957f2843765ba9d09bf0","messageTitle":"Integrate project components and allow software to handle \u0027Add\u0027,  \u0027delete\u0027, \u0027view\u0027,  \u0027bye\u0027 commands.","messageBody":"","fileTypesAndContributionMap":{"functional-code":{"insertions":177,"deletions":88},"other":{"insertions":4,"deletions":1}}},{"hash":"9e1e42b548d7532b5896be81acc8dae106f8aed5","messageTitle":"Fix code style check error","messageBody":"","fileTypesAndContributionMap":{"functional-code":{"insertions":21,"deletions":32}}}]}],"spencernah":[]},"authorFileTypeContributionMap":{"e0262191":{"docs":0,"functional-code":0,"test-code":0},"thisisdax":{"docs":0,"functional-code":69,"test-code":0},"chenghuiyuan":{"docs":2,"functional-code":119,"test-code":0},"yaololo":{"docs":0,"functional-code":342,"test-code":0},"spencernah":{"docs":0,"functional-code":0,"test-code":0}},"authorContributionVariance":{"e0262191":0.0,"thisisdax":263.19144,"chenghuiyuan":886.50653,"yaololo":7140.627,"spencernah":0.0},"authorDisplayNameMap":{"e0262191":"TIC4001-F18-6 TAN ..RICK","thisisdax":"TIC4001-F18-6 TAN .. HUA","chenghuiyuan":"TIC4001-F18-6 CHEN..YUAN","yaololo":"TIC4001-F18-6 ZHUA..MING","spencernah":"TIC4001-F18-6 SPEN.. HAO"}}
