[{"path":"build.gradle","fileType":"other","lines":[{"lineNumber":1,"author":{"gitId":"-"},"content":"plugins {","lastModifiedDate":"2020-05-25"},{"lineNumber":2,"author":{"gitId":"-"},"content":"    id \u0027java\u0027","lastModifiedDate":"2020-05-25"},{"lineNumber":3,"author":{"gitId":"-"},"content":"    id \u0027application\u0027","lastModifiedDate":"2020-05-25"},{"lineNumber":4,"author":{"gitId":"-"},"content":"    id \u0027checkstyle\u0027","lastModifiedDate":"2020-05-25"},{"lineNumber":5,"author":{"gitId":"-"},"content":"    id \u0027com.github.johnrengelman.shadow\u0027 version \u00275.1.0\u0027","lastModifiedDate":"2020-05-25"},{"lineNumber":6,"author":{"gitId":"-"},"content":"}","lastModifiedDate":"2020-05-25"},{"lineNumber":7,"author":{"gitId":"-"},"content":"","lastModifiedDate":"2020-05-25"},{"lineNumber":8,"author":{"gitId":"-"},"content":"repositories {","lastModifiedDate":"2020-05-25"},{"lineNumber":9,"author":{"gitId":"-"},"content":"    mavenCentral()","lastModifiedDate":"2020-05-25"},{"lineNumber":10,"author":{"gitId":"-"},"content":"}","lastModifiedDate":"2020-05-25"},{"lineNumber":11,"author":{"gitId":"-"},"content":"","lastModifiedDate":"2020-05-25"},{"lineNumber":12,"author":{"gitId":"-"},"content":"dependencies {","lastModifiedDate":"2020-05-25"},{"lineNumber":13,"author":{"gitId":"gweeyc"},"content":"    testImplementation group: \u0027org.junit.jupiter\u0027, name: \u0027junit-jupiter-api\u0027, version: \u00275.8.1\u0027","lastModifiedDate":"2021-10-14"},{"lineNumber":14,"author":{"gitId":"gweeyc"},"content":"    testRuntimeOnly group: \u0027org.junit.jupiter\u0027, name: \u0027junit-jupiter-engine\u0027, version: \u00275.8.1\u0027","lastModifiedDate":"2021-10-14"},{"lineNumber":15,"author":{"gitId":"gweeyc"},"content":"    testCompile(\"org.junit.jupiter:junit-jupiter-params:5.8.1\")","lastModifiedDate":"2021-10-14"},{"lineNumber":16,"author":{"gitId":"gweeyc"},"content":"    implementation group:\u0027com.google.guava\u0027, name:\u0027guava\u0027, version: \u002731.0.1-jre\u0027","lastModifiedDate":"2021-10-08"},{"lineNumber":17,"author":{"gitId":"-"},"content":"}","lastModifiedDate":"2020-05-25"},{"lineNumber":18,"author":{"gitId":"-"},"content":"","lastModifiedDate":"2020-05-25"},{"lineNumber":19,"author":{"gitId":"-"},"content":"test {","lastModifiedDate":"2020-05-25"},{"lineNumber":20,"author":{"gitId":"-"},"content":"    useJUnitPlatform()","lastModifiedDate":"2020-05-25"},{"lineNumber":21,"author":{"gitId":"-"},"content":"","lastModifiedDate":"2020-05-25"},{"lineNumber":22,"author":{"gitId":"-"},"content":"    testLogging {","lastModifiedDate":"2020-05-25"},{"lineNumber":23,"author":{"gitId":"-"},"content":"        events \"passed\", \"skipped\", \"failed\"","lastModifiedDate":"2020-05-25"},{"lineNumber":24,"author":{"gitId":"-"},"content":"","lastModifiedDate":"2020-05-25"},{"lineNumber":25,"author":{"gitId":"-"},"content":"        showExceptions true","lastModifiedDate":"2020-05-25"},{"lineNumber":26,"author":{"gitId":"-"},"content":"        exceptionFormat \"full\"","lastModifiedDate":"2020-05-25"},{"lineNumber":27,"author":{"gitId":"-"},"content":"        showCauses true","lastModifiedDate":"2020-05-25"},{"lineNumber":28,"author":{"gitId":"-"},"content":"        showStackTraces true","lastModifiedDate":"2020-05-25"},{"lineNumber":29,"author":{"gitId":"-"},"content":"        showStandardStreams \u003d false","lastModifiedDate":"2020-05-25"},{"lineNumber":30,"author":{"gitId":"-"},"content":"    }","lastModifiedDate":"2020-05-25"},{"lineNumber":31,"author":{"gitId":"-"},"content":"}","lastModifiedDate":"2020-05-25"},{"lineNumber":32,"author":{"gitId":"-"},"content":"","lastModifiedDate":"2020-05-25"},{"lineNumber":33,"author":{"gitId":"-"},"content":"application {","lastModifiedDate":"2020-05-25"},{"lineNumber":34,"author":{"gitId":"zcnmashleu95"},"content":"    mainClassName \u003d \"seedu.justbook.JustBook\"","lastModifiedDate":"2021-10-14"},{"lineNumber":35,"author":{"gitId":"-"},"content":"}","lastModifiedDate":"2020-05-25"},{"lineNumber":36,"author":{"gitId":"-"},"content":"","lastModifiedDate":"2020-05-25"},{"lineNumber":37,"author":{"gitId":"-"},"content":"shadowJar {","lastModifiedDate":"2020-05-25"},{"lineNumber":38,"author":{"gitId":"gweeyc"},"content":"    archiveBaseName \u003d \"justbook\"","lastModifiedDate":"2021-10-14"},{"lineNumber":39,"author":{"gitId":"-"},"content":"    archiveClassifier \u003d null","lastModifiedDate":"2020-05-25"},{"lineNumber":40,"author":{"gitId":"-"},"content":"}","lastModifiedDate":"2020-05-25"},{"lineNumber":41,"author":{"gitId":"-"},"content":"","lastModifiedDate":"2020-05-25"},{"lineNumber":42,"author":{"gitId":"-"},"content":"checkstyle {","lastModifiedDate":"2020-05-25"},{"lineNumber":43,"author":{"gitId":"-"},"content":"    toolVersion \u003d \u00278.23\u0027","lastModifiedDate":"2020-05-25"},{"lineNumber":44,"author":{"gitId":"-"},"content":"}","lastModifiedDate":"2020-05-25"},{"lineNumber":45,"author":{"gitId":"-"},"content":"","lastModifiedDate":"2020-05-25"},{"lineNumber":46,"author":{"gitId":"-"},"content":"run{","lastModifiedDate":"2020-05-25"},{"lineNumber":47,"author":{"gitId":"gweeyc"},"content":"    enableAssertions \u003d true","lastModifiedDate":"2021-10-12"},{"lineNumber":48,"author":{"gitId":"-"},"content":"    standardInput \u003d System.in","lastModifiedDate":"2020-05-25"},{"lineNumber":49,"author":{"gitId":"-"},"content":"}","lastModifiedDate":"2020-05-25"}],"authorContributionMap":{"gweeyc":6,"-":42,"zcnmashleu95":1}},{"path":"docs/README.md","fileType":"docs","lines":[{"lineNumber":1,"author":{"gitId":"-"},"content":"# Duke","lastModifiedDate":"2020-05-24"},{"lineNumber":2,"author":{"gitId":"-"},"content":"","lastModifiedDate":"2019-07-29"},{"lineNumber":3,"author":{"gitId":"gweeyc"},"content":"**JustBook: An easy-to-use Appointment CLI App**","lastModifiedDate":"2021-09-28"},{"lineNumber":4,"author":{"gitId":"-"},"content":"","lastModifiedDate":"2019-07-29"},{"lineNumber":5,"author":{"gitId":"-"},"content":"Useful links:","lastModifiedDate":"2020-05-24"},{"lineNumber":6,"author":{"gitId":"-"},"content":"* [User Guide](UserGuide.md)","lastModifiedDate":"2020-05-24"},{"lineNumber":7,"author":{"gitId":"-"},"content":"* [Developer Guide](DeveloperGuide.md)","lastModifiedDate":"2020-05-24"},{"lineNumber":8,"author":{"gitId":"-"},"content":"* [About Us](AboutUs.md)","lastModifiedDate":"2020-05-24"}],"authorContributionMap":{"gweeyc":1,"-":7}},{"path":"docs/UserGuide.md","fileType":"docs","lines":[{"lineNumber":1,"author":{"gitId":"-"},"content":"# User Guide","lastModifiedDate":"2020-05-24"},{"lineNumber":2,"author":{"gitId":"-"},"content":"","lastModifiedDate":"2020-05-24"},{"lineNumber":3,"author":{"gitId":"-"},"content":"## Introduction","lastModifiedDate":"2020-05-24"},{"lineNumber":4,"author":{"gitId":"-"},"content":"","lastModifiedDate":"2020-05-24"},{"lineNumber":5,"author":{"gitId":"gweeyc"},"content":"**JustBook: An easy-to-use Appointment CLI App**","lastModifiedDate":"2021-09-29"},{"lineNumber":6,"author":{"gitId":"-"},"content":"","lastModifiedDate":"2020-05-24"},{"lineNumber":7,"author":{"gitId":"-"},"content":"## Quick Start","lastModifiedDate":"2020-05-24"},{"lineNumber":8,"author":{"gitId":"-"},"content":"","lastModifiedDate":"2020-05-24"},{"lineNumber":9,"author":{"gitId":"-"},"content":"{Give steps to get started quickly}","lastModifiedDate":"2020-05-24"},{"lineNumber":10,"author":{"gitId":"-"},"content":"","lastModifiedDate":"2020-05-24"},{"lineNumber":11,"author":{"gitId":"-"},"content":"1. Ensure that you have Java 11 or above installed.","lastModifiedDate":"2020-05-24"},{"lineNumber":12,"author":{"gitId":"-"},"content":"1. Down the latest version of `Duke` from [here](http://link.to/duke).","lastModifiedDate":"2020-05-24"},{"lineNumber":13,"author":{"gitId":"-"},"content":"","lastModifiedDate":"2020-05-24"},{"lineNumber":14,"author":{"gitId":"-"},"content":"## Features ","lastModifiedDate":"2020-05-24"},{"lineNumber":15,"author":{"gitId":"-"},"content":"","lastModifiedDate":"2020-05-24"},{"lineNumber":16,"author":{"gitId":"gweeyc"},"content":"Program designed for Single User use.","lastModifiedDate":"2021-09-30"},{"lineNumber":17,"author":{"gitId":"-"},"content":"","lastModifiedDate":"2020-05-24"},{"lineNumber":18,"author":{"gitId":"-"},"content":"### Adding a todo: `todo`","lastModifiedDate":"2020-05-24"},{"lineNumber":19,"author":{"gitId":"-"},"content":"Adds a new item to the list of todo items.","lastModifiedDate":"2020-05-24"},{"lineNumber":20,"author":{"gitId":"-"},"content":"","lastModifiedDate":"2020-05-24"},{"lineNumber":21,"author":{"gitId":"-"},"content":"Format: `todo n/TODO_NAME d/DEADLINE`","lastModifiedDate":"2020-05-24"},{"lineNumber":22,"author":{"gitId":"-"},"content":"","lastModifiedDate":"2020-05-24"},{"lineNumber":23,"author":{"gitId":"-"},"content":"* The `DEADLINE` can be in a natural language format.","lastModifiedDate":"2020-05-24"},{"lineNumber":24,"author":{"gitId":"-"},"content":"* The `TODO_NAME` cannot contain punctuation.  ","lastModifiedDate":"2020-05-24"},{"lineNumber":25,"author":{"gitId":"-"},"content":"","lastModifiedDate":"2020-05-24"},{"lineNumber":26,"author":{"gitId":"-"},"content":"Example of usage: ","lastModifiedDate":"2020-05-24"},{"lineNumber":27,"author":{"gitId":"-"},"content":"","lastModifiedDate":"2020-05-24"},{"lineNumber":28,"author":{"gitId":"-"},"content":"`todo n/Write the rest of the User Guide d/next week`","lastModifiedDate":"2020-05-24"},{"lineNumber":29,"author":{"gitId":"-"},"content":"","lastModifiedDate":"2020-05-24"},{"lineNumber":30,"author":{"gitId":"-"},"content":"`todo n/Refactor the User Guide to remove passive voice d/13/04/2020`","lastModifiedDate":"2020-05-24"},{"lineNumber":31,"author":{"gitId":"-"},"content":"","lastModifiedDate":"2020-05-24"},{"lineNumber":32,"author":{"gitId":"-"},"content":"## FAQ","lastModifiedDate":"2020-05-24"},{"lineNumber":33,"author":{"gitId":"-"},"content":"","lastModifiedDate":"2020-05-24"},{"lineNumber":34,"author":{"gitId":"-"},"content":"**Q**: How do I transfer my data to another computer? ","lastModifiedDate":"2020-05-24"},{"lineNumber":35,"author":{"gitId":"-"},"content":"","lastModifiedDate":"2020-05-24"},{"lineNumber":36,"author":{"gitId":"-"},"content":"**A**: {your answer here}","lastModifiedDate":"2020-05-24"},{"lineNumber":37,"author":{"gitId":"-"},"content":"","lastModifiedDate":"2020-05-24"},{"lineNumber":38,"author":{"gitId":"-"},"content":"## Command Summary","lastModifiedDate":"2020-05-24"},{"lineNumber":39,"author":{"gitId":"-"},"content":"","lastModifiedDate":"2020-05-24"},{"lineNumber":40,"author":{"gitId":"-"},"content":"{Give a \u0027cheat sheet\u0027 of commands here}","lastModifiedDate":"2020-05-24"},{"lineNumber":41,"author":{"gitId":"-"},"content":"","lastModifiedDate":"2020-05-24"},{"lineNumber":42,"author":{"gitId":"-"},"content":"* Add todo `todo n/TODO_NAME d/DEADLINE`","lastModifiedDate":"2020-05-24"}],"authorContributionMap":{"gweeyc":2,"-":40}},{"path":"docs/team/AlvinGwee.md","fileType":"docs","lines":[{"lineNumber":1,"author":{"gitId":"gweeyc"},"content":"# Gwee Yeu Chai - Project Portfolio Page","lastModifiedDate":"2021-10-08"},{"lineNumber":2,"author":{"gitId":"gweeyc"},"content":"","lastModifiedDate":"2021-10-08"},{"lineNumber":3,"author":{"gitId":"gweeyc"},"content":"## Overview","lastModifiedDate":"2021-10-08"},{"lineNumber":4,"author":{"gitId":"gweeyc"},"content":"JustBook CLI App - Proof of Concept Model Creation","lastModifiedDate":"2021-10-08"},{"lineNumber":5,"author":{"gitId":"gweeyc"},"content":"","lastModifiedDate":"2021-10-08"},{"lineNumber":6,"author":{"gitId":"gweeyc"},"content":"### Summary of Contributions","lastModifiedDate":"2021-10-08"},{"lineNumber":7,"author":{"gitId":"gweeyc"},"content":"- Initial Layout for user to interact with app","lastModifiedDate":"2021-10-08"},{"lineNumber":8,"author":{"gitId":"gweeyc"},"content":"- Created the backend data structure appointments (Arraylist\u003cBookings\u003e)","lastModifiedDate":"2021-10-08"},{"lineNumber":9,"author":{"gitId":"gweeyc"},"content":"- Set up an early workable prototype of app for further enhancements at the command line ","lastModifiedDate":"2021-10-08"},{"lineNumber":10,"author":{"gitId":"gweeyc"},"content":"- So far, tested out CLI \"exit\" and \"add\" and \"show datetime\" commands working fine","lastModifiedDate":"2021-10-08"}],"authorContributionMap":{"gweeyc":10}},{"path":"gradle/wrapper/gradle-wrapper.properties","fileType":"other","lines":[{"lineNumber":1,"author":{"gitId":"-"},"content":"distributionBase\u003dGRADLE_USER_HOME","lastModifiedDate":"2020-05-25"},{"lineNumber":2,"author":{"gitId":"-"},"content":"distributionPath\u003dwrapper/dists","lastModifiedDate":"2020-05-25"},{"lineNumber":3,"author":{"gitId":"zcnmashleu95"},"content":"distributionUrl\u003dhttps://services.gradle.org/distributions/gradle-6.3-bin.zip","lastModifiedDate":"2021-10-14"},{"lineNumber":4,"author":{"gitId":"-"},"content":"zipStoreBase\u003dGRADLE_USER_HOME","lastModifiedDate":"2020-05-25"},{"lineNumber":5,"author":{"gitId":"-"},"content":"zipStorePath\u003dwrapper/dists","lastModifiedDate":"2020-05-25"},{"lineNumber":6,"author":{"gitId":"zcnmashleu95"},"content":"","lastModifiedDate":"2021-10-14"}],"authorContributionMap":{"-":4,"zcnmashleu95":2}},{"path":"src/main/java/seedu/justbook/Bookings.java","fileType":"functional-code","lines":[{"lineNumber":1,"author":{"gitId":"zcnmashleu95"},"content":"package seedu.justbook;","lastModifiedDate":"2021-10-14"},{"lineNumber":2,"author":{"gitId":"gweeyc"},"content":"","lastModifiedDate":"2021-10-08"},{"lineNumber":3,"author":{"gitId":"gweeyc"},"content":"import java.time.LocalDate;","lastModifiedDate":"2021-10-11"},{"lineNumber":4,"author":{"gitId":"gweeyc"},"content":"import java.time.LocalDateTime;","lastModifiedDate":"2021-10-08"},{"lineNumber":5,"author":{"gitId":"gweeyc"},"content":"import java.time.format.DateTimeFormatter;","lastModifiedDate":"2021-10-08"},{"lineNumber":6,"author":{"gitId":"gweeyc"},"content":"","lastModifiedDate":"2021-10-08"},{"lineNumber":7,"author":{"gitId":"gweeyc"},"content":"public class Bookings {","lastModifiedDate":"2021-10-08"},{"lineNumber":8,"author":{"gitId":"gweeyc"},"content":"    String bookDesc;","lastModifiedDate":"2021-10-08"},{"lineNumber":9,"author":{"gitId":"gweeyc"},"content":"    LocalDateTime start;","lastModifiedDate":"2021-10-08"},{"lineNumber":10,"author":{"gitId":"gweeyc"},"content":"    LocalDateTime end;","lastModifiedDate":"2021-10-08"},{"lineNumber":11,"author":{"gitId":"gweeyc"},"content":"","lastModifiedDate":"2021-10-08"},{"lineNumber":12,"author":{"gitId":"gweeyc"},"content":"    public Bookings(String bookDesc, LocalDateTime start, LocalDateTime end) {","lastModifiedDate":"2021-10-08"},{"lineNumber":13,"author":{"gitId":"gweeyc"},"content":"        this.bookDesc \u003d bookDesc;","lastModifiedDate":"2021-10-08"},{"lineNumber":14,"author":{"gitId":"gweeyc"},"content":"        this.start \u003d start;","lastModifiedDate":"2021-10-08"},{"lineNumber":15,"author":{"gitId":"gweeyc"},"content":"        this.end \u003d end;","lastModifiedDate":"2021-10-08"},{"lineNumber":16,"author":{"gitId":"gweeyc"},"content":"    }","lastModifiedDate":"2021-10-08"},{"lineNumber":17,"author":{"gitId":"gweeyc"},"content":"","lastModifiedDate":"2021-10-08"},{"lineNumber":18,"author":{"gitId":"gweeyc"},"content":"    public void setBookDesc(String bookDesc) {","lastModifiedDate":"2021-10-14"},{"lineNumber":19,"author":{"gitId":"gweeyc"},"content":"        this.bookDesc \u003d bookDesc;","lastModifiedDate":"2021-10-14"},{"lineNumber":20,"author":{"gitId":"gweeyc"},"content":"    }","lastModifiedDate":"2021-10-14"},{"lineNumber":21,"author":{"gitId":"gweeyc"},"content":"","lastModifiedDate":"2021-10-14"},{"lineNumber":22,"author":{"gitId":"gweeyc"},"content":"    public void setStart(LocalDateTime start) {","lastModifiedDate":"2021-10-14"},{"lineNumber":23,"author":{"gitId":"gweeyc"},"content":"        this.start \u003d start;","lastModifiedDate":"2021-10-14"},{"lineNumber":24,"author":{"gitId":"gweeyc"},"content":"    }","lastModifiedDate":"2021-10-14"},{"lineNumber":25,"author":{"gitId":"gweeyc"},"content":"","lastModifiedDate":"2021-10-14"},{"lineNumber":26,"author":{"gitId":"gweeyc"},"content":"    public void setEnd(LocalDateTime end) {","lastModifiedDate":"2021-10-14"},{"lineNumber":27,"author":{"gitId":"gweeyc"},"content":"        this.end \u003d end;","lastModifiedDate":"2021-10-14"},{"lineNumber":28,"author":{"gitId":"gweeyc"},"content":"    }","lastModifiedDate":"2021-10-14"},{"lineNumber":29,"author":{"gitId":"gweeyc"},"content":"","lastModifiedDate":"2021-10-14"},{"lineNumber":30,"author":{"gitId":"gweeyc"},"content":"    public String getBookDesc() {","lastModifiedDate":"2021-10-14"},{"lineNumber":31,"author":{"gitId":"gweeyc"},"content":"        return bookDesc;","lastModifiedDate":"2021-10-14"},{"lineNumber":32,"author":{"gitId":"gweeyc"},"content":"    }","lastModifiedDate":"2021-10-14"},{"lineNumber":33,"author":{"gitId":"gweeyc"},"content":"","lastModifiedDate":"2021-10-14"},{"lineNumber":34,"author":{"gitId":"gweeyc"},"content":"    public LocalDateTime getStartDateTime() {","lastModifiedDate":"2021-10-11"},{"lineNumber":35,"author":{"gitId":"gweeyc"},"content":"        return start;","lastModifiedDate":"2021-10-11"},{"lineNumber":36,"author":{"gitId":"gweeyc"},"content":"    }","lastModifiedDate":"2021-10-11"},{"lineNumber":37,"author":{"gitId":"gweeyc"},"content":"","lastModifiedDate":"2021-10-11"},{"lineNumber":38,"author":{"gitId":"gweeyc"},"content":"    public LocalDate getStartDate() {","lastModifiedDate":"2021-10-11"},{"lineNumber":39,"author":{"gitId":"gweeyc"},"content":"        return start.toLocalDate();","lastModifiedDate":"2021-10-11"},{"lineNumber":40,"author":{"gitId":"gweeyc"},"content":"    }","lastModifiedDate":"2021-10-08"},{"lineNumber":41,"author":{"gitId":"gweeyc"},"content":"","lastModifiedDate":"2021-10-08"},{"lineNumber":42,"author":{"gitId":"zcnmashleu95"},"content":"    public String getStartDateString() {","lastModifiedDate":"2021-10-12"},{"lineNumber":43,"author":{"gitId":"gweeyc"},"content":"        return start.toLocalDate().format(DateTimeFormatter.ofPattern(\"yyyy-M-d\"));","lastModifiedDate":"2021-10-09"},{"lineNumber":44,"author":{"gitId":"gweeyc"},"content":"    }","lastModifiedDate":"2021-10-08"},{"lineNumber":45,"author":{"gitId":"gweeyc"},"content":"","lastModifiedDate":"2021-10-08"},{"lineNumber":46,"author":{"gitId":"gweeyc"},"content":"    @Override","lastModifiedDate":"2021-10-08"},{"lineNumber":47,"author":{"gitId":"gweeyc"},"content":"    public String toString() {","lastModifiedDate":"2021-10-08"},{"lineNumber":48,"author":{"gitId":"gweeyc"},"content":"        return String.format(\"%s %s - %s\", bookDesc, start.toLocalTime(), end.toLocalTime());","lastModifiedDate":"2021-10-11"},{"lineNumber":49,"author":{"gitId":"gweeyc"},"content":"    }","lastModifiedDate":"2021-10-08"},{"lineNumber":50,"author":{"gitId":"yinyin377"},"content":"","lastModifiedDate":"2021-10-14"},{"lineNumber":51,"author":{"gitId":"yinyin377"},"content":"    public LocalDateTime getEndDateTime() {","lastModifiedDate":"2021-10-14"},{"lineNumber":52,"author":{"gitId":"yinyin377"},"content":"        return end;","lastModifiedDate":"2021-10-14"},{"lineNumber":53,"author":{"gitId":"yinyin377"},"content":"    }","lastModifiedDate":"2021-10-14"},{"lineNumber":54,"author":{"gitId":"gweeyc"},"content":"}","lastModifiedDate":"2021-10-08"}],"authorContributionMap":{"gweeyc":48,"yinyin377":4,"zcnmashleu95":2}},{"path":"src/main/java/seedu/justbook/DeleteCommand.java","fileType":"functional-code","lines":[{"lineNumber":1,"author":{"gitId":"zcnmashleu95"},"content":"package seedu.justbook;","lastModifiedDate":"2021-10-14"},{"lineNumber":2,"author":{"gitId":"zcnmashleu95"},"content":"","lastModifiedDate":"2021-10-12"},{"lineNumber":3,"author":{"gitId":"zcnmashleu95"},"content":"import java.time.LocalDate;","lastModifiedDate":"2021-10-12"},{"lineNumber":4,"author":{"gitId":"zcnmashleu95"},"content":"import java.time.format.DateTimeFormatter;","lastModifiedDate":"2021-10-12"},{"lineNumber":5,"author":{"gitId":"zcnmashleu95"},"content":"import java.util.List;","lastModifiedDate":"2021-10-12"},{"lineNumber":6,"author":{"gitId":"zcnmashleu95"},"content":"","lastModifiedDate":"2021-10-12"},{"lineNumber":7,"author":{"gitId":"zcnmashleu95"},"content":"public class DeleteCommand {","lastModifiedDate":"2021-10-12"},{"lineNumber":8,"author":{"gitId":"zcnmashleu95"},"content":"    LocalDate startDate;","lastModifiedDate":"2021-10-12"},{"lineNumber":9,"author":{"gitId":"gweeyc"},"content":"    int optionNumber;","lastModifiedDate":"2021-10-14"},{"lineNumber":10,"author":{"gitId":"zcnmashleu95"},"content":"","lastModifiedDate":"2021-10-12"},{"lineNumber":11,"author":{"gitId":"zcnmashleu95"},"content":"    public DeleteCommand(String date, String option) {","lastModifiedDate":"2021-10-12"},{"lineNumber":12,"author":{"gitId":"zcnmashleu95"},"content":"        DateTimeFormatter format \u003d DateTimeFormatter.ofPattern(\"yyyy-M-d\");","lastModifiedDate":"2021-10-12"},{"lineNumber":13,"author":{"gitId":"zcnmashleu95"},"content":"        this.startDate \u003d LocalDate.parse(date, format);","lastModifiedDate":"2021-10-12"},{"lineNumber":14,"author":{"gitId":"zcnmashleu95"},"content":"        this.optionNumber \u003d Integer.parseInt(option);","lastModifiedDate":"2021-10-13"},{"lineNumber":15,"author":{"gitId":"zcnmashleu95"},"content":"    }","lastModifiedDate":"2021-10-12"},{"lineNumber":16,"author":{"gitId":"zcnmashleu95"},"content":"","lastModifiedDate":"2021-10-12"},{"lineNumber":17,"author":{"gitId":"zcnmashleu95"},"content":"    public void execute(List\u003cBookings\u003e bookings) {","lastModifiedDate":"2021-10-12"},{"lineNumber":18,"author":{"gitId":"zcnmashleu95"},"content":"        DateTimeFormatter formatter \u003d DateTimeFormatter.ofPattern(\"yyyy-M-d\");","lastModifiedDate":"2021-10-12"},{"lineNumber":19,"author":{"gitId":"zcnmashleu95"},"content":"        LocalDate temp;","lastModifiedDate":"2021-10-12"},{"lineNumber":20,"author":{"gitId":"zcnmashleu95"},"content":"        for (Bookings booking : bookings) {","lastModifiedDate":"2021-10-12"},{"lineNumber":21,"author":{"gitId":"zcnmashleu95"},"content":"            temp \u003d LocalDate.parse(booking.getStartDate().format(formatter), formatter);","lastModifiedDate":"2021-10-12"},{"lineNumber":22,"author":{"gitId":"zcnmashleu95"},"content":"            if (temp.equals(startDate)) {","lastModifiedDate":"2021-10-12"},{"lineNumber":23,"author":{"gitId":"zcnmashleu95"},"content":"                optionNumber \u003d optionNumber - 1;","lastModifiedDate":"2021-10-13"},{"lineNumber":24,"author":{"gitId":"zcnmashleu95"},"content":"            }","lastModifiedDate":"2021-10-12"},{"lineNumber":25,"author":{"gitId":"zcnmashleu95"},"content":"            if (optionNumber \u003d\u003d 0) {","lastModifiedDate":"2021-10-13"},{"lineNumber":26,"author":{"gitId":"zcnmashleu95"},"content":"                bookings.remove(booking);","lastModifiedDate":"2021-10-12"},{"lineNumber":27,"author":{"gitId":"zcnmashleu95"},"content":"                System.out.println(\"Successfully removed Appointment at \" + booking.getStartDateString());","lastModifiedDate":"2021-10-12"},{"lineNumber":28,"author":{"gitId":"zcnmashleu95"},"content":"                return;","lastModifiedDate":"2021-10-12"},{"lineNumber":29,"author":{"gitId":"zcnmashleu95"},"content":"            }","lastModifiedDate":"2021-10-12"},{"lineNumber":30,"author":{"gitId":"zcnmashleu95"},"content":"        }","lastModifiedDate":"2021-10-12"},{"lineNumber":31,"author":{"gitId":"zcnmashleu95"},"content":"","lastModifiedDate":"2021-10-12"},{"lineNumber":32,"author":{"gitId":"zcnmashleu95"},"content":"        System.out.println(\"Your appointment is not stored in our calendar. Please input a new command\");","lastModifiedDate":"2021-10-12"},{"lineNumber":33,"author":{"gitId":"zcnmashleu95"},"content":"    }","lastModifiedDate":"2021-10-12"},{"lineNumber":34,"author":{"gitId":"zcnmashleu95"},"content":"","lastModifiedDate":"2021-10-12"},{"lineNumber":35,"author":{"gitId":"zcnmashleu95"},"content":"    public static String getHelp() {","lastModifiedDate":"2021-10-12"},{"lineNumber":36,"author":{"gitId":"zcnmashleu95"},"content":"        return \"del [Appointment_Start_Date] /o [Option_Number]\";","lastModifiedDate":"2021-10-12"},{"lineNumber":37,"author":{"gitId":"zcnmashleu95"},"content":"    }","lastModifiedDate":"2021-10-12"},{"lineNumber":38,"author":{"gitId":"zcnmashleu95"},"content":"}","lastModifiedDate":"2021-10-12"}],"authorContributionMap":{"gweeyc":1,"zcnmashleu95":37}},{"path":"src/main/java/seedu/justbook/HelpCommand.java","fileType":"functional-code","lines":[{"lineNumber":1,"author":{"gitId":"zcnmashleu95"},"content":"package seedu.justbook;","lastModifiedDate":"2021-10-14"},{"lineNumber":2,"author":{"gitId":"zcnmashleu95"},"content":"","lastModifiedDate":"2021-10-12"},{"lineNumber":3,"author":{"gitId":"zcnmashleu95"},"content":"public class HelpCommand {","lastModifiedDate":"2021-10-12"},{"lineNumber":4,"author":{"gitId":"zcnmashleu95"},"content":"    public void execute() {","lastModifiedDate":"2021-10-12"},{"lineNumber":5,"author":{"gitId":"zcnmashleu95"},"content":"        String instructions \u003d \"For each command, their inputs will be in the square brackets[]. \"","lastModifiedDate":"2021-10-14"},{"lineNumber":6,"author":{"gitId":"zcnmashleu95"},"content":"                + \"The format will follow Command [Input]\"","lastModifiedDate":"2021-10-14"},{"lineNumber":7,"author":{"gitId":"zcnmashleu95"},"content":"                + \"\\n\"","lastModifiedDate":"2021-10-13"},{"lineNumber":8,"author":{"gitId":"zcnmashleu95"},"content":"                + \"Commands: \"","lastModifiedDate":"2021-10-14"},{"lineNumber":9,"author":{"gitId":"zcnmashleu95"},"content":"                + \"\\n\"","lastModifiedDate":"2021-10-13"},{"lineNumber":10,"author":{"gitId":"zcnmashleu95"},"content":"                + \"Adding an appointment: add [Appointment_Description] /s [Start_Time] /e [End_Time]\"","lastModifiedDate":"2021-10-14"},{"lineNumber":11,"author":{"gitId":"zcnmashleu95"},"content":"                + \"\\n\"","lastModifiedDate":"2021-10-14"},{"lineNumber":12,"author":{"gitId":"zcnmashleu95"},"content":"                + \"Deleting an appointment: \" + DeleteCommand.getHelp()","lastModifiedDate":"2021-10-14"},{"lineNumber":13,"author":{"gitId":"zcnmashleu95"},"content":"                + \"\\n\"","lastModifiedDate":"2021-10-14"},{"lineNumber":14,"author":{"gitId":"zcnmashleu95"},"content":"                + \"Editing an appointment: edit [description] /s [Appointment_Start_Date] /o [Option_Number]\";","lastModifiedDate":"2021-10-14"},{"lineNumber":15,"author":{"gitId":"zcnmashleu95"},"content":"","lastModifiedDate":"2021-10-14"},{"lineNumber":16,"author":{"gitId":"zcnmashleu95"},"content":"        System.out.println(instructions);","lastModifiedDate":"2021-10-12"},{"lineNumber":17,"author":{"gitId":"zcnmashleu95"},"content":"    }","lastModifiedDate":"2021-10-12"},{"lineNumber":18,"author":{"gitId":"zcnmashleu95"},"content":"}","lastModifiedDate":"2021-10-12"}],"authorContributionMap":{"zcnmashleu95":18}},{"path":"src/main/java/seedu/justbook/JustBook.java","fileType":"functional-code","lines":[{"lineNumber":1,"author":{"gitId":"zcnmashleu95"},"content":"package seedu.justbook;","lastModifiedDate":"2021-10-14"},{"lineNumber":2,"author":{"gitId":"-"},"content":"","lastModifiedDate":"2020-05-24"},{"lineNumber":3,"author":{"gitId":"yinyin377"},"content":"import java.io.BufferedWriter;","lastModifiedDate":"2021-10-14"},{"lineNumber":4,"author":{"gitId":"yinyin377"},"content":"import java.io.File;","lastModifiedDate":"2021-10-14"},{"lineNumber":5,"author":{"gitId":"yinyin377"},"content":"import java.io.FileNotFoundException;","lastModifiedDate":"2021-10-14"},{"lineNumber":6,"author":{"gitId":"yinyin377"},"content":"import java.io.IOException;","lastModifiedDate":"2021-10-14"},{"lineNumber":7,"author":{"gitId":"yinyin377"},"content":"import java.io.FileWriter;","lastModifiedDate":"2021-10-14"},{"lineNumber":8,"author":{"gitId":"gweeyc"},"content":"import java.time.LocalDate;","lastModifiedDate":"2021-10-11"},{"lineNumber":9,"author":{"gitId":"gweeyc"},"content":"import java.time.LocalDateTime;","lastModifiedDate":"2021-10-08"},{"lineNumber":10,"author":{"gitId":"gweeyc"},"content":"import java.time.format.DateTimeFormatter;","lastModifiedDate":"2021-10-09"},{"lineNumber":11,"author":{"gitId":"gweeyc"},"content":"import java.util.AbstractMap.SimpleEntry;","lastModifiedDate":"2021-10-13"},{"lineNumber":12,"author":{"gitId":"gweeyc"},"content":"import java.util.ArrayList;","lastModifiedDate":"2021-10-08"},{"lineNumber":13,"author":{"gitId":"gweeyc"},"content":"import java.util.Arrays;","lastModifiedDate":"2021-10-11"},{"lineNumber":14,"author":{"gitId":"gweeyc"},"content":"import java.util.HashMap;","lastModifiedDate":"2021-10-13"},{"lineNumber":15,"author":{"gitId":"gweeyc"},"content":"import java.util.List;","lastModifiedDate":"2021-10-08"},{"lineNumber":16,"author":{"gitId":"gweeyc"},"content":"import java.util.Map;","lastModifiedDate":"2021-10-13"},{"lineNumber":17,"author":{"gitId":"-"},"content":"import java.util.Scanner;","lastModifiedDate":"2020-05-24"},{"lineNumber":18,"author":{"gitId":"gweeyc"},"content":"","lastModifiedDate":"2021-10-11"},{"lineNumber":19,"author":{"gitId":"gweeyc"},"content":"import static java.lang.System.exit;","lastModifiedDate":"2021-10-08"},{"lineNumber":20,"author":{"gitId":"gweeyc"},"content":"import static java.time.LocalDateTime.parse;","lastModifiedDate":"2021-10-09"},{"lineNumber":21,"author":{"gitId":"gweeyc"},"content":"import static java.util.Comparator.comparing;","lastModifiedDate":"2021-10-11"},{"lineNumber":22,"author":{"gitId":"-"},"content":"","lastModifiedDate":"2020-05-24"},{"lineNumber":23,"author":{"gitId":"gweeyc"},"content":"public class JustBook {","lastModifiedDate":"2021-10-13"},{"lineNumber":24,"author":{"gitId":"-"},"content":"    /**","lastModifiedDate":"2020-05-24"},{"lineNumber":25,"author":{"gitId":"-"},"content":"     * Main entry-point for the java.duke.Duke application.","lastModifiedDate":"2020-05-24"},{"lineNumber":26,"author":{"gitId":"-"},"content":"     */","lastModifiedDate":"2020-05-24"},{"lineNumber":27,"author":{"gitId":"gweeyc"},"content":"    static final List\u003cBookings\u003e appointments \u003d new ArrayList\u003c\u003e();","lastModifiedDate":"2021-10-08"},{"lineNumber":28,"author":{"gitId":"gweeyc"},"content":"    static final HashMap\u003cLocalDate, LocalDate\u003e BLOCKLIST \u003d new HashMap\u003c\u003e(5);","lastModifiedDate":"2021-10-13"},{"lineNumber":29,"author":{"gitId":"gweeyc"},"content":"","lastModifiedDate":"2021-10-08"},{"lineNumber":30,"author":{"gitId":"-"},"content":"    public static void main(String[] args) {","lastModifiedDate":"2019-07-29"},{"lineNumber":31,"author":{"gitId":"yinyin377"},"content":"        try {","lastModifiedDate":"2021-10-14"},{"lineNumber":32,"author":{"gitId":"yinyin377"},"content":"            onLoad();","lastModifiedDate":"2021-10-14"},{"lineNumber":33,"author":{"gitId":"yinyin377"},"content":"        } catch (FileNotFoundException ex) {","lastModifiedDate":"2021-10-14"},{"lineNumber":34,"author":{"gitId":"yinyin377"},"content":"            System.out.println(ex.getMessage());","lastModifiedDate":"2021-10-14"},{"lineNumber":35,"author":{"gitId":"yinyin377"},"content":"        } catch (IOException e) {","lastModifiedDate":"2021-10-14"},{"lineNumber":36,"author":{"gitId":"yinyin377"},"content":"            e.printStackTrace();","lastModifiedDate":"2021-10-14"},{"lineNumber":37,"author":{"gitId":"yinyin377"},"content":"        }","lastModifiedDate":"2021-10-14"},{"lineNumber":38,"author":{"gitId":"-"},"content":"        String logo \u003d \" ____        _        \\n\"","lastModifiedDate":"2019-07-29"},{"lineNumber":39,"author":{"gitId":"-"},"content":"                + \"|  _ \\\\ _   _| | _____ \\n\"","lastModifiedDate":"2019-07-29"},{"lineNumber":40,"author":{"gitId":"-"},"content":"                + \"| | | | | | | |/ / _ \\\\\\n\"","lastModifiedDate":"2019-07-29"},{"lineNumber":41,"author":{"gitId":"-"},"content":"                + \"| |_| | |_| |   \u003c  __/\\n\"","lastModifiedDate":"2019-07-29"},{"lineNumber":42,"author":{"gitId":"-"},"content":"                + \"|____/ \\\\__,_|_|\\\\_\\\\___|\\n\";","lastModifiedDate":"2019-07-29"},{"lineNumber":43,"author":{"gitId":"-"},"content":"        System.out.println(\"Hello from\\n\" + logo);","lastModifiedDate":"2019-07-29"},{"lineNumber":44,"author":{"gitId":"-"},"content":"        System.out.println(\"What is your name?\");","lastModifiedDate":"2020-05-24"},{"lineNumber":45,"author":{"gitId":"-"},"content":"","lastModifiedDate":"2020-05-24"},{"lineNumber":46,"author":{"gitId":"-"},"content":"        Scanner in \u003d new Scanner(System.in);","lastModifiedDate":"2020-05-24"},{"lineNumber":47,"author":{"gitId":"gweeyc"},"content":"        String userName \u003d in.nextLine();","lastModifiedDate":"2021-10-11"},{"lineNumber":48,"author":{"gitId":"gweeyc"},"content":"        System.out.printf(\"Hello %s,%n\", userName);","lastModifiedDate":"2021-10-11"},{"lineNumber":49,"author":{"gitId":"gweeyc"},"content":"","lastModifiedDate":"2021-10-08"},{"lineNumber":50,"author":{"gitId":"gweeyc"},"content":"        // write your code here","lastModifiedDate":"2021-10-08"},{"lineNumber":51,"author":{"gitId":"gweeyc"},"content":"        System.out.printf(\"Welcome back!%n\");","lastModifiedDate":"2021-10-09"},{"lineNumber":52,"author":{"gitId":"gweeyc"},"content":"        System.out.printf(\"You can now proceed to do your booking :)%n\");","lastModifiedDate":"2021-10-11"},{"lineNumber":53,"author":{"gitId":"gweeyc"},"content":"","lastModifiedDate":"2021-10-08"},{"lineNumber":54,"author":{"gitId":"gweeyc"},"content":"        while (true) {","lastModifiedDate":"2021-10-08"},{"lineNumber":55,"author":{"gitId":"gweeyc"},"content":"            System.out.printf(\"%n%s: \", userName);","lastModifiedDate":"2021-10-11"},{"lineNumber":56,"author":{"gitId":"gweeyc"},"content":"            String input \u003d in.nextLine().replace(\"\\\\s+\", \" \").trim();","lastModifiedDate":"2021-10-09"},{"lineNumber":57,"author":{"gitId":"gweeyc"},"content":"","lastModifiedDate":"2021-10-08"},{"lineNumber":58,"author":{"gitId":"gweeyc"},"content":"            if (input.equals(\"exit\") || input.equals(\"bye\")) {","lastModifiedDate":"2021-10-11"},{"lineNumber":59,"author":{"gitId":"gweeyc"},"content":"                System.out.println(\"Bye! See you again!\");","lastModifiedDate":"2021-10-08"},{"lineNumber":60,"author":{"gitId":"yinyin377"},"content":"                int size \u003d appointments.size();","lastModifiedDate":"2021-10-14"},{"lineNumber":61,"author":{"gitId":"yinyin377"},"content":"                int i \u003d 0;","lastModifiedDate":"2021-10-14"},{"lineNumber":62,"author":{"gitId":"yinyin377"},"content":"                while (i \u003c size) {","lastModifiedDate":"2021-10-14"},{"lineNumber":63,"author":{"gitId":"gweeyc"},"content":"                    onSave();","lastModifiedDate":"2021-10-14"},{"lineNumber":64,"author":{"gitId":"yinyin377"},"content":"                    i++;","lastModifiedDate":"2021-10-14"},{"lineNumber":65,"author":{"gitId":"yinyin377"},"content":"                }","lastModifiedDate":"2021-10-14"},{"lineNumber":66,"author":{"gitId":"gweeyc"},"content":"                in.close();","lastModifiedDate":"2021-10-12"},{"lineNumber":67,"author":{"gitId":"gweeyc"},"content":"                exit(0);","lastModifiedDate":"2021-10-08"},{"lineNumber":68,"author":{"gitId":"gweeyc"},"content":"            }","lastModifiedDate":"2021-10-08"},{"lineNumber":69,"author":{"gitId":"gweeyc"},"content":"","lastModifiedDate":"2021-10-08"},{"lineNumber":70,"author":{"gitId":"gweeyc"},"content":"            String[] tokens \u003d input.split(\" \", 2);","lastModifiedDate":"2021-10-09"},{"lineNumber":71,"author":{"gitId":"gweeyc"},"content":"            String command \u003d tokens[0];","lastModifiedDate":"2021-10-09"},{"lineNumber":72,"author":{"gitId":"zcnmashleu95"},"content":"            String inputContent \u003d \"\";","lastModifiedDate":"2021-10-14"},{"lineNumber":73,"author":{"gitId":"zcnmashleu95"},"content":"            if (tokens.length \u003e\u003d 2) {","lastModifiedDate":"2021-10-14"},{"lineNumber":74,"author":{"gitId":"zcnmashleu95"},"content":"                inputContent \u003d tokens[1];","lastModifiedDate":"2021-10-14"},{"lineNumber":75,"author":{"gitId":"zcnmashleu95"},"content":"            }","lastModifiedDate":"2021-10-14"},{"lineNumber":76,"author":{"gitId":"gweeyc"},"content":"","lastModifiedDate":"2021-10-08"},{"lineNumber":77,"author":{"gitId":"gweeyc"},"content":"            switch (command) {","lastModifiedDate":"2021-10-08"},{"lineNumber":78,"author":{"gitId":"gweeyc"},"content":"            case \"add\":","lastModifiedDate":"2021-10-08"},{"lineNumber":79,"author":{"gitId":"zcnmashleu95"},"content":"                String[] arguments \u003d inputContent.split(\"/[s,e] \");","lastModifiedDate":"2021-10-14"},{"lineNumber":80,"author":{"gitId":"gweeyc"},"content":"","lastModifiedDate":"2021-10-09"},{"lineNumber":81,"author":{"gitId":"gweeyc"},"content":"                DateTimeFormatter format \u003d DateTimeFormatter.ofPattern(\"[yyyy-M-d K:mm a][yyyy-M-d HH:mm]\");","lastModifiedDate":"2021-10-12"},{"lineNumber":82,"author":{"gitId":"gweeyc"},"content":"                LocalDateTime start \u003d parse(arguments[1].trim().toUpperCase(), format);","lastModifiedDate":"2021-10-11"},{"lineNumber":83,"author":{"gitId":"gweeyc"},"content":"                LocalDate startLocalDate \u003d start.toLocalDate();","lastModifiedDate":"2021-10-14"},{"lineNumber":84,"author":{"gitId":"gweeyc"},"content":"                Map.Entry\u003cBoolean, Map.Entry\u003cLocalDate, LocalDate\u003e\u003e result \u003d isInRange(startLocalDate);","lastModifiedDate":"2021-10-14"},{"lineNumber":85,"author":{"gitId":"gweeyc"},"content":"","lastModifiedDate":"2021-10-13"},{"lineNumber":86,"author":{"gitId":"gweeyc"},"content":"                if (result.getKey()) {","lastModifiedDate":"2021-10-13"},{"lineNumber":87,"author":{"gitId":"gweeyc"},"content":"                    System.out.printf(\"\u0027%s\u0027 denied process by current BLOCKLIST \u003d\u003e StartDate: [%s] - EndDate: [%s]%n\",","lastModifiedDate":"2021-10-13"},{"lineNumber":88,"author":{"gitId":"gweeyc"},"content":"                            startLocalDate, result.getValue().getKey(), result.getValue().getValue());","lastModifiedDate":"2021-10-14"},{"lineNumber":89,"author":{"gitId":"gweeyc"},"content":"                    continue;","lastModifiedDate":"2021-10-13"},{"lineNumber":90,"author":{"gitId":"gweeyc"},"content":"                }","lastModifiedDate":"2021-10-13"},{"lineNumber":91,"author":{"gitId":"gweeyc"},"content":"","lastModifiedDate":"2021-10-13"},{"lineNumber":92,"author":{"gitId":"gweeyc"},"content":"                LocalDateTime end \u003d parse(arguments[2].toUpperCase(), format);","lastModifiedDate":"2021-10-11"},{"lineNumber":93,"author":{"gitId":"gweeyc"},"content":"                String booking \u003d arguments[0].trim();","lastModifiedDate":"2021-10-14"},{"lineNumber":94,"author":{"gitId":"gweeyc"},"content":"                appointments.add(new Bookings(booking, start, end));","lastModifiedDate":"2021-10-14"},{"lineNumber":95,"author":{"gitId":"gweeyc"},"content":"                System.out.printf(\"Successfully added \\\"%s\\\" from %s to %s%n\",","lastModifiedDate":"2021-10-14"},{"lineNumber":96,"author":{"gitId":"gweeyc"},"content":"                        booking, start, end);","lastModifiedDate":"2021-10-14"},{"lineNumber":97,"author":{"gitId":"gweeyc"},"content":"                break;","lastModifiedDate":"2021-10-08"},{"lineNumber":98,"author":{"gitId":"gweeyc"},"content":"            case \"edit\":","lastModifiedDate":"2021-10-08"},{"lineNumber":99,"author":{"gitId":"zcnmashleu95"},"content":"                String[] segments \u003d inputContent.split(\" /o \", 2);","lastModifiedDate":"2021-10-14"},{"lineNumber":100,"author":{"gitId":"gweeyc"},"content":"                String[] subSeg \u003d segments[0].split(\" /s \", 2);","lastModifiedDate":"2021-10-14"},{"lineNumber":101,"author":{"gitId":"gweeyc"},"content":"                int optionNum \u003d Integer.parseInt(segments[1]);","lastModifiedDate":"2021-10-14"},{"lineNumber":102,"author":{"gitId":"gweeyc"},"content":"                String bookDesc \u003d subSeg[0];","lastModifiedDate":"2021-10-14"},{"lineNumber":103,"author":{"gitId":"gweeyc"},"content":"                String chosenDate \u003d subSeg[1];","lastModifiedDate":"2021-10-14"},{"lineNumber":104,"author":{"gitId":"gweeyc"},"content":"","lastModifiedDate":"2021-10-08"},{"lineNumber":105,"author":{"gitId":"gweeyc"},"content":"                edit(bookDesc, chosenDate, optionNum);","lastModifiedDate":"2021-10-14"},{"lineNumber":106,"author":{"gitId":"gweeyc"},"content":"                break;","lastModifiedDate":"2021-10-08"},{"lineNumber":107,"author":{"gitId":"gweeyc"},"content":"            case \"save\":","lastModifiedDate":"2021-10-08"},{"lineNumber":108,"author":{"gitId":"yinyin377"},"content":"                int size \u003d appointments.size();","lastModifiedDate":"2021-10-14"},{"lineNumber":109,"author":{"gitId":"yinyin377"},"content":"                int i \u003d 0;","lastModifiedDate":"2021-10-14"},{"lineNumber":110,"author":{"gitId":"yinyin377"},"content":"                while (i \u003c size) {","lastModifiedDate":"2021-10-14"},{"lineNumber":111,"author":{"gitId":"gweeyc"},"content":"                    onSave();","lastModifiedDate":"2021-10-14"},{"lineNumber":112,"author":{"gitId":"yinyin377"},"content":"                    i++;","lastModifiedDate":"2021-10-14"},{"lineNumber":113,"author":{"gitId":"yinyin377"},"content":"                }","lastModifiedDate":"2021-10-14"},{"lineNumber":114,"author":{"gitId":"gweeyc"},"content":"                break;","lastModifiedDate":"2021-10-08"},{"lineNumber":115,"author":{"gitId":"gweeyc"},"content":"            case \"del\":","lastModifiedDate":"2021-10-08"},{"lineNumber":116,"author":{"gitId":"zcnmashleu95"},"content":"                if (inputContent.contains(\"all\")) {","lastModifiedDate":"2021-10-14"},{"lineNumber":117,"author":{"gitId":"gweeyc"},"content":"                    appointments.clear();","lastModifiedDate":"2021-10-11"},{"lineNumber":118,"author":{"gitId":"gweeyc"},"content":"                    System.out.println(\"Successfully deleted all appointment records\");","lastModifiedDate":"2021-10-14"},{"lineNumber":119,"author":{"gitId":"gweeyc"},"content":"                }","lastModifiedDate":"2021-10-11"},{"lineNumber":120,"author":{"gitId":"gweeyc"},"content":"","lastModifiedDate":"2021-10-14"},{"lineNumber":121,"author":{"gitId":"zcnmashleu95"},"content":"                int index \u003d inputContent.indexOf(\"/o\");","lastModifiedDate":"2021-10-14"},{"lineNumber":122,"author":{"gitId":"zcnmashleu95"},"content":"                String inputDate \u003d inputContent.substring(0, index).trim();","lastModifiedDate":"2021-10-14"},{"lineNumber":123,"author":{"gitId":"zcnmashleu95"},"content":"                String optionNumber \u003d inputContent.substring(index).replace(\"/o\", \"\").trim();","lastModifiedDate":"2021-10-14"},{"lineNumber":124,"author":{"gitId":"zcnmashleu95"},"content":"                DeleteCommand del \u003d new DeleteCommand(inputDate, optionNumber);","lastModifiedDate":"2021-10-13"},{"lineNumber":125,"author":{"gitId":"zcnmashleu95"},"content":"                del.execute(appointments);","lastModifiedDate":"2021-10-12"},{"lineNumber":126,"author":{"gitId":"gweeyc"},"content":"                break;","lastModifiedDate":"2021-10-08"},{"lineNumber":127,"author":{"gitId":"gweeyc"},"content":"            case \"show\":","lastModifiedDate":"2021-10-08"},{"lineNumber":128,"author":{"gitId":"gweeyc"},"content":"                int listNum \u003d 1;","lastModifiedDate":"2021-10-11"},{"lineNumber":129,"author":{"gitId":"gweeyc"},"content":"","lastModifiedDate":"2021-10-08"},{"lineNumber":130,"author":{"gitId":"zcnmashleu95"},"content":"                if (inputContent.contains(\"all\")) {","lastModifiedDate":"2021-10-14"},{"lineNumber":131,"author":{"gitId":"gweeyc"},"content":"","lastModifiedDate":"2021-10-13"},{"lineNumber":132,"author":{"gitId":"gweeyc"},"content":"                    if (appointments.size() \u003d\u003d 0) {","lastModifiedDate":"2021-10-13"},{"lineNumber":133,"author":{"gitId":"gweeyc"},"content":"                        System.out.println(\"Current appointments list is : empty\");","lastModifiedDate":"2021-10-13"},{"lineNumber":134,"author":{"gitId":"gweeyc"},"content":"                    }","lastModifiedDate":"2021-10-13"},{"lineNumber":135,"author":{"gitId":"gweeyc"},"content":"                    // sorts the database in ascending order","lastModifiedDate":"2021-10-13"},{"lineNumber":136,"author":{"gitId":"gweeyc"},"content":"                    appointments.sort(comparing(Bookings::getStartDateTime));","lastModifiedDate":"2021-10-11"},{"lineNumber":137,"author":{"gitId":"gweeyc"},"content":"                    int total \u003d appointments.size();","lastModifiedDate":"2021-10-11"},{"lineNumber":138,"author":{"gitId":"gweeyc"},"content":"                    //displays user\u0027s complete list of bookings in the database","lastModifiedDate":"2021-10-11"},{"lineNumber":139,"author":{"gitId":"gweeyc"},"content":"                    System.out.println();","lastModifiedDate":"2021-10-11"},{"lineNumber":140,"author":{"gitId":"gweeyc"},"content":"","lastModifiedDate":"2021-10-11"},{"lineNumber":141,"author":{"gitId":"yinyin377"},"content":"                    for (i \u003d 0; i \u003c total; ) {","lastModifiedDate":"2021-10-14"},{"lineNumber":142,"author":{"gitId":"gweeyc"},"content":"                        LocalDate startDate \u003d appointments.get(i).getStartDate();","lastModifiedDate":"2021-10-11"},{"lineNumber":143,"author":{"gitId":"gweeyc"},"content":"                        String dateHeader \u003d String.valueOf(startDate).replaceAll(\"-\", \"/\");","lastModifiedDate":"2021-10-13"},{"lineNumber":144,"author":{"gitId":"gweeyc"},"content":"                        System.out.printf(\"Date: %s%n\", dateHeader);","lastModifiedDate":"2021-10-13"},{"lineNumber":145,"author":{"gitId":"gweeyc"},"content":"","lastModifiedDate":"2021-10-11"},{"lineNumber":146,"author":{"gitId":"gweeyc"},"content":"                        while (i \u003c total \u0026\u0026 appointments.get(i).getStartDate().equals(startDate)) {","lastModifiedDate":"2021-10-11"},{"lineNumber":147,"author":{"gitId":"gweeyc"},"content":"                            System.out.printf(\"%d. %s%n\", listNum++, appointments.get(i));","lastModifiedDate":"2021-10-11"},{"lineNumber":148,"author":{"gitId":"gweeyc"},"content":"                            i++;","lastModifiedDate":"2021-10-11"},{"lineNumber":149,"author":{"gitId":"gweeyc"},"content":"                        }","lastModifiedDate":"2021-10-11"},{"lineNumber":150,"author":{"gitId":"gweeyc"},"content":"                        // resets ListNum value to 1 for next date header","lastModifiedDate":"2021-10-13"},{"lineNumber":151,"author":{"gitId":"gweeyc"},"content":"                        listNum \u003d 1;","lastModifiedDate":"2021-10-13"},{"lineNumber":152,"author":{"gitId":"gweeyc"},"content":"                        System.out.println();","lastModifiedDate":"2021-10-11"},{"lineNumber":153,"author":{"gitId":"gweeyc"},"content":"                    }","lastModifiedDate":"2021-10-11"},{"lineNumber":154,"author":{"gitId":"zcnmashleu95"},"content":"                } else if (inputContent.matches(\"^(.*)-(0?[1-9]|1[012])-(0?[1-9]|[12][0-9]|3[01])$\")) {","lastModifiedDate":"2021-10-14"},{"lineNumber":155,"author":{"gitId":"gweeyc"},"content":"                    LocalDate localDate \u003d LocalDate.parse(inputContent, DateTimeFormatter.ofPattern(\"yyyy-M-d\"));","lastModifiedDate":"2021-10-14"},{"lineNumber":156,"author":{"gitId":"gweeyc"},"content":"                    String putDate \u003d String.valueOf(localDate).replaceAll(\"-\", \"/\");","lastModifiedDate":"2021-10-12"},{"lineNumber":157,"author":{"gitId":"gweeyc"},"content":"","lastModifiedDate":"2021-10-12"},{"lineNumber":158,"author":{"gitId":"gweeyc"},"content":"                    //displays the specified date booking(s) of user","lastModifiedDate":"2021-10-12"},{"lineNumber":159,"author":{"gitId":"gweeyc"},"content":"                    LocalDate dateIso;","lastModifiedDate":"2021-10-11"},{"lineNumber":160,"author":{"gitId":"gweeyc"},"content":"                    System.out.printf(\"%nDate: %s%n\", putDate);","lastModifiedDate":"2021-10-14"},{"lineNumber":161,"author":{"gitId":"gweeyc"},"content":"","lastModifiedDate":"2021-10-11"},{"lineNumber":162,"author":{"gitId":"gweeyc"},"content":"                    if (inputContent.matches(\"^((2[0-9])[0-9]{2})-(0[1-9]|1[012])-(0[1-9]|[12][0-9]|3[01])$\")) {","lastModifiedDate":"2021-10-14"},{"lineNumber":163,"author":{"gitId":"gweeyc"},"content":"                        dateIso \u003d LocalDate.parse(inputContent);","lastModifiedDate":"2021-10-14"},{"lineNumber":164,"author":{"gitId":"gweeyc"},"content":"                    } else {","lastModifiedDate":"2021-10-11"},{"lineNumber":165,"author":{"gitId":"gweeyc"},"content":"                        dateIso \u003d getLocalDate(inputContent);","lastModifiedDate":"2021-10-14"},{"lineNumber":166,"author":{"gitId":"gweeyc"},"content":"                    }","lastModifiedDate":"2021-10-11"},{"lineNumber":167,"author":{"gitId":"gweeyc"},"content":"","lastModifiedDate":"2021-10-08"},{"lineNumber":168,"author":{"gitId":"gweeyc"},"content":"                    for (Bookings item : appointments) {","lastModifiedDate":"2021-10-08"},{"lineNumber":169,"author":{"gitId":"gweeyc"},"content":"","lastModifiedDate":"2021-10-08"},{"lineNumber":170,"author":{"gitId":"gweeyc"},"content":"                        if (dateIso.equals(item.getStartDate())) {","lastModifiedDate":"2021-10-11"},{"lineNumber":171,"author":{"gitId":"gweeyc"},"content":"                            System.out.printf(\"%d. %s%n\", listNum++, item);","lastModifiedDate":"2021-10-11"},{"lineNumber":172,"author":{"gitId":"gweeyc"},"content":"                        }","lastModifiedDate":"2021-10-11"},{"lineNumber":173,"author":{"gitId":"gweeyc"},"content":"                    }","lastModifiedDate":"2021-10-08"},{"lineNumber":174,"author":{"gitId":"gweeyc"},"content":"                    System.out.println();","lastModifiedDate":"2021-10-08"},{"lineNumber":175,"author":{"gitId":"gweeyc"},"content":"                }","lastModifiedDate":"2021-10-08"},{"lineNumber":176,"author":{"gitId":"gweeyc"},"content":"                break;","lastModifiedDate":"2021-10-08"},{"lineNumber":177,"author":{"gitId":"gweeyc"},"content":"            case \"block\":","lastModifiedDate":"2021-10-08"},{"lineNumber":178,"author":{"gitId":"zcnmashleu95"},"content":"                String[] parts \u003d inputContent.split(\" - \");","lastModifiedDate":"2021-10-14"},{"lineNumber":179,"author":{"gitId":"gweeyc"},"content":"                LocalDate commence \u003d getLocalDate(parts[0]);","lastModifiedDate":"2021-10-13"},{"lineNumber":180,"author":{"gitId":"gweeyc"},"content":"                LocalDate terminate \u003d getLocalDate(parts[1]);","lastModifiedDate":"2021-10-13"},{"lineNumber":181,"author":{"gitId":"gweeyc"},"content":"                String startString \u003d commence.format(DateTimeFormatter.ofPattern(\"dd/MM/yyyy\"));","lastModifiedDate":"2021-10-14"},{"lineNumber":182,"author":{"gitId":"gweeyc"},"content":"                String endString \u003d terminate.format(DateTimeFormatter.ofPattern(\"dd/MM/yyyy\"));","lastModifiedDate":"2021-10-14"},{"lineNumber":183,"author":{"gitId":"gweeyc"},"content":"                BLOCKLIST.put(commence, terminate);","lastModifiedDate":"2021-10-13"},{"lineNumber":184,"author":{"gitId":"gweeyc"},"content":"                System.out.printf(\"Date Range: \\\"%s - %s\\\" has been successfully blocked out in your scheduler%n\",","lastModifiedDate":"2021-10-14"},{"lineNumber":185,"author":{"gitId":"gweeyc"},"content":"                        startString, endString);","lastModifiedDate":"2021-10-14"},{"lineNumber":186,"author":{"gitId":"gweeyc"},"content":"                break;","lastModifiedDate":"2021-10-08"},{"lineNumber":187,"author":{"gitId":"gweeyc"},"content":"            case \"unblock\":","lastModifiedDate":"2021-10-08"},{"lineNumber":188,"author":{"gitId":"zcnmashleu95"},"content":"                String[] items \u003d inputContent.split(\" - \");","lastModifiedDate":"2021-10-14"},{"lineNumber":189,"author":{"gitId":"gweeyc"},"content":"                LocalDate begin \u003d getLocalDate(items[0]);","lastModifiedDate":"2021-10-14"},{"lineNumber":190,"author":{"gitId":"gweeyc"},"content":"                LocalDate stop \u003d getLocalDate(items[1]);","lastModifiedDate":"2021-10-14"},{"lineNumber":191,"author":{"gitId":"gweeyc"},"content":"                String beginString \u003d begin.format(DateTimeFormatter.ofPattern(\"dd/MM/yyyy\"));","lastModifiedDate":"2021-10-14"},{"lineNumber":192,"author":{"gitId":"gweeyc"},"content":"                String stopString \u003d stop.format(DateTimeFormatter.ofPattern(\"dd/MM/yyyy\"));","lastModifiedDate":"2021-10-14"},{"lineNumber":193,"author":{"gitId":"gweeyc"},"content":"                BLOCKLIST.remove(begin);","lastModifiedDate":"2021-10-14"},{"lineNumber":194,"author":{"gitId":"gweeyc"},"content":"                System.out.printf(\"Date Range: \\\"%s - %s\\\" has been successfully unblocked out in your scheduler%n\",","lastModifiedDate":"2021-10-14"},{"lineNumber":195,"author":{"gitId":"gweeyc"},"content":"                        beginString, stopString);","lastModifiedDate":"2021-10-14"},{"lineNumber":196,"author":{"gitId":"gweeyc"},"content":"                break;","lastModifiedDate":"2021-10-08"},{"lineNumber":197,"author":{"gitId":"gweeyc"},"content":"            case \"help\":","lastModifiedDate":"2021-10-08"},{"lineNumber":198,"author":{"gitId":"zcnmashleu95"},"content":"                HelpCommand help \u003d new HelpCommand();","lastModifiedDate":"2021-10-12"},{"lineNumber":199,"author":{"gitId":"zcnmashleu95"},"content":"                help.execute();","lastModifiedDate":"2021-10-12"},{"lineNumber":200,"author":{"gitId":"gweeyc"},"content":"                break;","lastModifiedDate":"2021-10-08"},{"lineNumber":201,"author":{"gitId":"gweeyc"},"content":"            default:","lastModifiedDate":"2021-10-08"},{"lineNumber":202,"author":{"gitId":"gweeyc"},"content":"                System.out.println(\"You have entered an unknown or invalid command, please try again!\");","lastModifiedDate":"2021-10-11"},{"lineNumber":203,"author":{"gitId":"gweeyc"},"content":"            }","lastModifiedDate":"2021-10-08"},{"lineNumber":204,"author":{"gitId":"gweeyc"},"content":"        }","lastModifiedDate":"2021-10-08"},{"lineNumber":205,"author":{"gitId":"-"},"content":"    }","lastModifiedDate":"2019-07-29"},{"lineNumber":206,"author":{"gitId":"gweeyc"},"content":"","lastModifiedDate":"2021-10-13"},{"lineNumber":207,"author":{"gitId":"gweeyc"},"content":"    private static Map.Entry\u003cBoolean, Map.Entry\u003cLocalDate, LocalDate\u003e\u003e isInRange(LocalDate testDate) {","lastModifiedDate":"2021-10-13"},{"lineNumber":208,"author":{"gitId":"gweeyc"},"content":"        boolean flag \u003d false;","lastModifiedDate":"2021-10-13"},{"lineNumber":209,"author":{"gitId":"gweeyc"},"content":"        Map.Entry\u003cLocalDate, LocalDate\u003e member \u003d null;","lastModifiedDate":"2021-10-13"},{"lineNumber":210,"author":{"gitId":"gweeyc"},"content":"","lastModifiedDate":"2021-10-13"},{"lineNumber":211,"author":{"gitId":"gweeyc"},"content":"        for (Map.Entry\u003cLocalDate, LocalDate\u003e entry : BLOCKLIST.entrySet()) {","lastModifiedDate":"2021-10-13"},{"lineNumber":212,"author":{"gitId":"gweeyc"},"content":"","lastModifiedDate":"2021-10-13"},{"lineNumber":213,"author":{"gitId":"gweeyc"},"content":"            if (!(testDate.isBefore(entry.getKey()) || testDate.isAfter(entry.getValue()))) {","lastModifiedDate":"2021-10-13"},{"lineNumber":214,"author":{"gitId":"gweeyc"},"content":"                member \u003d entry;","lastModifiedDate":"2021-10-13"},{"lineNumber":215,"author":{"gitId":"gweeyc"},"content":"                flag \u003d true;","lastModifiedDate":"2021-10-13"},{"lineNumber":216,"author":{"gitId":"gweeyc"},"content":"                break;","lastModifiedDate":"2021-10-13"},{"lineNumber":217,"author":{"gitId":"gweeyc"},"content":"            }","lastModifiedDate":"2021-10-13"},{"lineNumber":218,"author":{"gitId":"gweeyc"},"content":"        }","lastModifiedDate":"2021-10-13"},{"lineNumber":219,"author":{"gitId":"gweeyc"},"content":"        return new SimpleEntry\u003c\u003e(flag, member);","lastModifiedDate":"2021-10-13"},{"lineNumber":220,"author":{"gitId":"gweeyc"},"content":"    }","lastModifiedDate":"2021-10-13"},{"lineNumber":221,"author":{"gitId":"gweeyc"},"content":"","lastModifiedDate":"2021-10-13"},{"lineNumber":222,"author":{"gitId":"gweeyc"},"content":"    private static LocalDate getLocalDate(String date) {","lastModifiedDate":"2021-10-13"},{"lineNumber":223,"author":{"gitId":"gweeyc"},"content":"        LocalDate dateIso;","lastModifiedDate":"2021-10-13"},{"lineNumber":224,"author":{"gitId":"gweeyc"},"content":"        int[] figures \u003d Arrays.stream(date.split(\"-\"))","lastModifiedDate":"2021-10-13"},{"lineNumber":225,"author":{"gitId":"gweeyc"},"content":"                .mapToInt(Integer::parseInt)","lastModifiedDate":"2021-10-13"},{"lineNumber":226,"author":{"gitId":"gweeyc"},"content":"                .toArray();","lastModifiedDate":"2021-10-13"},{"lineNumber":227,"author":{"gitId":"gweeyc"},"content":"        dateIso \u003d LocalDate.of(figures[0], figures[1], figures[2]);","lastModifiedDate":"2021-10-13"},{"lineNumber":228,"author":{"gitId":"gweeyc"},"content":"","lastModifiedDate":"2021-10-13"},{"lineNumber":229,"author":{"gitId":"gweeyc"},"content":"        return dateIso;","lastModifiedDate":"2021-10-13"},{"lineNumber":230,"author":{"gitId":"gweeyc"},"content":"    }","lastModifiedDate":"2021-10-13"},{"lineNumber":231,"author":{"gitId":"gweeyc"},"content":"","lastModifiedDate":"2021-10-14"},{"lineNumber":232,"author":{"gitId":"gweeyc"},"content":"    public static void edit(String amendDesc, String startDate, int optionNumber) {","lastModifiedDate":"2021-10-14"},{"lineNumber":233,"author":{"gitId":"gweeyc"},"content":"        int bookNum \u003d optionNumber;","lastModifiedDate":"2021-10-14"},{"lineNumber":234,"author":{"gitId":"gweeyc"},"content":"        LocalDate testDate \u003d getLocalDate(startDate);","lastModifiedDate":"2021-10-14"},{"lineNumber":235,"author":{"gitId":"gweeyc"},"content":"        LocalDate temp;","lastModifiedDate":"2021-10-14"},{"lineNumber":236,"author":{"gitId":"gweeyc"},"content":"","lastModifiedDate":"2021-10-14"},{"lineNumber":237,"author":{"gitId":"gweeyc"},"content":"        for (Bookings booking : appointments) {","lastModifiedDate":"2021-10-14"},{"lineNumber":238,"author":{"gitId":"gweeyc"},"content":"            temp \u003d booking.getStartDate();","lastModifiedDate":"2021-10-14"},{"lineNumber":239,"author":{"gitId":"gweeyc"},"content":"","lastModifiedDate":"2021-10-14"},{"lineNumber":240,"author":{"gitId":"gweeyc"},"content":"            if (temp.equals(testDate)) {","lastModifiedDate":"2021-10-14"},{"lineNumber":241,"author":{"gitId":"gweeyc"},"content":"                --optionNumber;","lastModifiedDate":"2021-10-14"},{"lineNumber":242,"author":{"gitId":"gweeyc"},"content":"            }","lastModifiedDate":"2021-10-14"},{"lineNumber":243,"author":{"gitId":"gweeyc"},"content":"","lastModifiedDate":"2021-10-14"},{"lineNumber":244,"author":{"gitId":"gweeyc"},"content":"            if (optionNumber \u003d\u003d 0) {","lastModifiedDate":"2021-10-14"},{"lineNumber":245,"author":{"gitId":"gweeyc"},"content":"                String bookingDesc \u003d booking.getBookDesc();","lastModifiedDate":"2021-10-14"},{"lineNumber":246,"author":{"gitId":"gweeyc"},"content":"                booking.setBookDesc(amendDesc);","lastModifiedDate":"2021-10-14"},{"lineNumber":247,"author":{"gitId":"gweeyc"},"content":"","lastModifiedDate":"2021-10-14"},{"lineNumber":248,"author":{"gitId":"gweeyc"},"content":"                System.out.printf(\"Successfully changed \\\"%s\\\" on %s : book #%d%n\", bookingDesc,","lastModifiedDate":"2021-10-14"},{"lineNumber":249,"author":{"gitId":"gweeyc"},"content":"                        startDate.replaceAll(\"-\", \"/\"), bookNum);","lastModifiedDate":"2021-10-14"},{"lineNumber":250,"author":{"gitId":"gweeyc"},"content":"                System.out.printf(\"To \\\"%s\\\" on %s : book #%d%n\", amendDesc, testDate, bookNum);","lastModifiedDate":"2021-10-14"},{"lineNumber":251,"author":{"gitId":"gweeyc"},"content":"                return;","lastModifiedDate":"2021-10-14"},{"lineNumber":252,"author":{"gitId":"gweeyc"},"content":"            }","lastModifiedDate":"2021-10-14"},{"lineNumber":253,"author":{"gitId":"gweeyc"},"content":"        }","lastModifiedDate":"2021-10-14"},{"lineNumber":254,"author":{"gitId":"gweeyc"},"content":"        System.out.println(\"Your appointment is not stored in our calendar. Pl check the start date.\");","lastModifiedDate":"2021-10-14"},{"lineNumber":255,"author":{"gitId":"gweeyc"},"content":"    }","lastModifiedDate":"2021-10-14"},{"lineNumber":256,"author":{"gitId":"yinyin377"},"content":"","lastModifiedDate":"2021-10-14"},{"lineNumber":257,"author":{"gitId":"yinyin377"},"content":"    private static void onLoad() throws IOException {","lastModifiedDate":"2021-10-14"},{"lineNumber":258,"author":{"gitId":"yinyin377"},"content":"        File directory \u003d new File(\"data\");","lastModifiedDate":"2021-10-14"},{"lineNumber":259,"author":{"gitId":"yinyin377"},"content":"","lastModifiedDate":"2021-10-14"},{"lineNumber":260,"author":{"gitId":"yinyin377"},"content":"        if (!directory.exists()) {","lastModifiedDate":"2021-10-14"},{"lineNumber":261,"author":{"gitId":"yinyin377"},"content":"            directory.mkdir();","lastModifiedDate":"2021-10-14"},{"lineNumber":262,"author":{"gitId":"yinyin377"},"content":"        }","lastModifiedDate":"2021-10-14"},{"lineNumber":263,"author":{"gitId":"yinyin377"},"content":"","lastModifiedDate":"2021-10-14"},{"lineNumber":264,"author":{"gitId":"yinyin377"},"content":"        File f \u003d new File(\"justbook.txt\");","lastModifiedDate":"2021-10-14"},{"lineNumber":265,"author":{"gitId":"yinyin377"},"content":"","lastModifiedDate":"2021-10-14"},{"lineNumber":266,"author":{"gitId":"yinyin377"},"content":"        if (!f.exists()) {","lastModifiedDate":"2021-10-14"},{"lineNumber":267,"author":{"gitId":"yinyin377"},"content":"            f.createNewFile();","lastModifiedDate":"2021-10-14"},{"lineNumber":268,"author":{"gitId":"yinyin377"},"content":"        }","lastModifiedDate":"2021-10-14"},{"lineNumber":269,"author":{"gitId":"yinyin377"},"content":"","lastModifiedDate":"2021-10-14"},{"lineNumber":270,"author":{"gitId":"yinyin377"},"content":"        Scanner sc \u003d new Scanner(f);","lastModifiedDate":"2021-10-14"},{"lineNumber":271,"author":{"gitId":"yinyin377"},"content":"","lastModifiedDate":"2021-10-14"},{"lineNumber":272,"author":{"gitId":"yinyin377"},"content":"        while (sc.hasNextLine()) {","lastModifiedDate":"2021-10-14"},{"lineNumber":273,"author":{"gitId":"yinyin377"},"content":"            //read all lines","lastModifiedDate":"2021-10-14"},{"lineNumber":274,"author":{"gitId":"yinyin377"},"content":"            String input \u003d sc.nextLine();","lastModifiedDate":"2021-10-14"},{"lineNumber":275,"author":{"gitId":"yinyin377"},"content":"            String[] readData \u003d input.split(\" \\\\| \");","lastModifiedDate":"2021-10-14"},{"lineNumber":276,"author":{"gitId":"yinyin377"},"content":"            LocalDateTime start \u003d parse(readData[1]);","lastModifiedDate":"2021-10-14"},{"lineNumber":277,"author":{"gitId":"yinyin377"},"content":"            LocalDateTime end \u003d parse(readData[2]);","lastModifiedDate":"2021-10-14"},{"lineNumber":278,"author":{"gitId":"yinyin377"},"content":"            appointments.add(new Bookings(readData[0], start, end));","lastModifiedDate":"2021-10-14"},{"lineNumber":279,"author":{"gitId":"yinyin377"},"content":"        }","lastModifiedDate":"2021-10-14"},{"lineNumber":280,"author":{"gitId":"yinyin377"},"content":"","lastModifiedDate":"2021-10-14"},{"lineNumber":281,"author":{"gitId":"yinyin377"},"content":"    }","lastModifiedDate":"2021-10-14"},{"lineNumber":282,"author":{"gitId":"yinyin377"},"content":"","lastModifiedDate":"2021-10-14"},{"lineNumber":283,"author":{"gitId":"gweeyc"},"content":"    private static void onSave() {","lastModifiedDate":"2021-10-14"},{"lineNumber":284,"author":{"gitId":"yinyin377"},"content":"        try {","lastModifiedDate":"2021-10-14"},{"lineNumber":285,"author":{"gitId":"yinyin377"},"content":"            BufferedWriter writer \u003d new BufferedWriter(new FileWriter(\"justbook.txt\"));","lastModifiedDate":"2021-10-14"},{"lineNumber":286,"author":{"gitId":"yinyin377"},"content":"            //writes all tasks into file","lastModifiedDate":"2021-10-14"},{"lineNumber":287,"author":{"gitId":"yinyin377"},"content":"            for (Bookings item : appointments) {","lastModifiedDate":"2021-10-14"},{"lineNumber":288,"author":{"gitId":"yinyin377"},"content":"                String description \u003d item.getBookDesc();","lastModifiedDate":"2021-10-14"},{"lineNumber":289,"author":{"gitId":"yinyin377"},"content":"                LocalDateTime startDate \u003d item.getStartDateTime();","lastModifiedDate":"2021-10-14"},{"lineNumber":290,"author":{"gitId":"yinyin377"},"content":"                LocalDateTime endDate \u003d item.getEndDateTime();","lastModifiedDate":"2021-10-14"},{"lineNumber":291,"author":{"gitId":"yinyin377"},"content":"                writer.write(description + \" | \" + startDate + \" | \" + endDate);","lastModifiedDate":"2021-10-14"},{"lineNumber":292,"author":{"gitId":"yinyin377"},"content":"                writer.newLine();","lastModifiedDate":"2021-10-14"},{"lineNumber":293,"author":{"gitId":"yinyin377"},"content":"            }","lastModifiedDate":"2021-10-14"},{"lineNumber":294,"author":{"gitId":"yinyin377"},"content":"","lastModifiedDate":"2021-10-14"},{"lineNumber":295,"author":{"gitId":"yinyin377"},"content":"            writer.close();","lastModifiedDate":"2021-10-14"},{"lineNumber":296,"author":{"gitId":"yinyin377"},"content":"        } catch (IOException e) {","lastModifiedDate":"2021-10-14"},{"lineNumber":297,"author":{"gitId":"yinyin377"},"content":"            //prints exception message.","lastModifiedDate":"2021-10-14"},{"lineNumber":298,"author":{"gitId":"yinyin377"},"content":"            System.out.println(e.getMessage());","lastModifiedDate":"2021-10-14"},{"lineNumber":299,"author":{"gitId":"yinyin377"},"content":"        }","lastModifiedDate":"2021-10-14"},{"lineNumber":300,"author":{"gitId":"yinyin377"},"content":"    }","lastModifiedDate":"2021-10-14"},{"lineNumber":301,"author":{"gitId":"-"},"content":"}","lastModifiedDate":"2019-07-29"}],"authorContributionMap":{"yinyin377":67,"gweeyc":197,"-":18,"zcnmashleu95":19}},{"path":"src/test/java/seedu/justbook/JustBookTest.java","fileType":"test-code","lines":[{"lineNumber":1,"author":{"gitId":"zcnmashleu95"},"content":"package seedu.justbook;","lastModifiedDate":"2021-10-14"},{"lineNumber":2,"author":{"gitId":"gweeyc"},"content":"","lastModifiedDate":"2021-10-13"},{"lineNumber":3,"author":{"gitId":"gweeyc"},"content":"import static org.junit.jupiter.api.Assertions.assertTrue;","lastModifiedDate":"2021-10-13"},{"lineNumber":4,"author":{"gitId":"gweeyc"},"content":"import static org.junit.jupiter.api.Assertions.assertEquals;","lastModifiedDate":"2021-10-14"},{"lineNumber":5,"author":{"gitId":"gweeyc"},"content":"","lastModifiedDate":"2021-10-13"},{"lineNumber":6,"author":{"gitId":"gweeyc"},"content":"import org.junit.jupiter.api.DisplayName;","lastModifiedDate":"2021-10-13"},{"lineNumber":7,"author":{"gitId":"gweeyc"},"content":"import org.junit.jupiter.api.Test;","lastModifiedDate":"2021-10-13"},{"lineNumber":8,"author":{"gitId":"gweeyc"},"content":"","lastModifiedDate":"2021-10-14"},{"lineNumber":9,"author":{"gitId":"gweeyc"},"content":"import java.time.LocalDate;","lastModifiedDate":"2021-10-13"},{"lineNumber":10,"author":{"gitId":"gweeyc"},"content":"import java.time.LocalDateTime;","lastModifiedDate":"2021-10-13"},{"lineNumber":11,"author":{"gitId":"gweeyc"},"content":"","lastModifiedDate":"2021-10-13"},{"lineNumber":12,"author":{"gitId":"gweeyc"},"content":"class JustBookTest {","lastModifiedDate":"2021-10-13"},{"lineNumber":13,"author":{"gitId":"gweeyc"},"content":"    @Test","lastModifiedDate":"2021-10-13"},{"lineNumber":14,"author":{"gitId":"gweeyc"},"content":"    public void sampleTest() {","lastModifiedDate":"2021-10-13"},{"lineNumber":15,"author":{"gitId":"gweeyc"},"content":"        assertTrue(true);","lastModifiedDate":"2021-10-13"},{"lineNumber":16,"author":{"gitId":"gweeyc"},"content":"    }","lastModifiedDate":"2021-10-13"},{"lineNumber":17,"author":{"gitId":"gweeyc"},"content":"","lastModifiedDate":"2021-10-13"},{"lineNumber":18,"author":{"gitId":"gweeyc"},"content":"    LocalDateTime startDate \u003d LocalDateTime.parse(\"2021-06-07T10:00:00\");","lastModifiedDate":"2021-10-13"},{"lineNumber":19,"author":{"gitId":"gweeyc"},"content":"    LocalDateTime endDate \u003d LocalDateTime.parse(\"2021-06-07T11:00:00\");","lastModifiedDate":"2021-10-13"},{"lineNumber":20,"author":{"gitId":"gweeyc"},"content":"    LocalDate expected \u003d LocalDate.of(2021, 6, 7);","lastModifiedDate":"2021-10-13"},{"lineNumber":21,"author":{"gitId":"gweeyc"},"content":"    private final Bookings testModel \u003d new Bookings(\"Meeting@Hall One\", startDate, endDate);","lastModifiedDate":"2021-10-13"},{"lineNumber":22,"author":{"gitId":"gweeyc"},"content":"","lastModifiedDate":"2021-10-13"},{"lineNumber":23,"author":{"gitId":"gweeyc"},"content":"    @Test","lastModifiedDate":"2021-10-13"},{"lineNumber":24,"author":{"gitId":"gweeyc"},"content":"    @DisplayName(\"get LocalDate from start LocalDateTime\")","lastModifiedDate":"2021-10-13"},{"lineNumber":25,"author":{"gitId":"gweeyc"},"content":"    public void getStartDateTest() {","lastModifiedDate":"2021-10-13"},{"lineNumber":26,"author":{"gitId":"gweeyc"},"content":"        assertEquals(expected, testModel.getStartDate());","lastModifiedDate":"2021-10-13"},{"lineNumber":27,"author":{"gitId":"gweeyc"},"content":"    }","lastModifiedDate":"2021-10-13"},{"lineNumber":28,"author":{"gitId":"gweeyc"},"content":"}","lastModifiedDate":"2021-10-13"}],"authorContributionMap":{"gweeyc":27,"zcnmashleu95":1}}]
