[{"path":"build.gradle","fileType":"other","lines":[{"lineNumber":1,"author":{"gitId":"-"},"content":"plugins {","lastModifiedDate":"2020-05-25"},{"lineNumber":2,"author":{"gitId":"-"},"content":"    id \u0027java\u0027","lastModifiedDate":"2020-05-25"},{"lineNumber":3,"author":{"gitId":"-"},"content":"    id \u0027application\u0027","lastModifiedDate":"2020-05-25"},{"lineNumber":4,"author":{"gitId":"-"},"content":"    id \u0027checkstyle\u0027","lastModifiedDate":"2020-05-25"},{"lineNumber":5,"author":{"gitId":"-"},"content":"    id \u0027com.github.johnrengelman.shadow\u0027 version \u00275.1.0\u0027","lastModifiedDate":"2020-05-25"},{"lineNumber":6,"author":{"gitId":"-"},"content":"}","lastModifiedDate":"2020-05-25"},{"lineNumber":7,"author":{"gitId":"-"},"content":"","lastModifiedDate":"2020-05-25"},{"lineNumber":8,"author":{"gitId":"-"},"content":"repositories {","lastModifiedDate":"2020-05-25"},{"lineNumber":9,"author":{"gitId":"-"},"content":"    mavenCentral()","lastModifiedDate":"2020-05-25"},{"lineNumber":10,"author":{"gitId":"-"},"content":"}","lastModifiedDate":"2020-05-25"},{"lineNumber":11,"author":{"gitId":"-"},"content":"","lastModifiedDate":"2020-05-25"},{"lineNumber":12,"author":{"gitId":"-"},"content":"dependencies {","lastModifiedDate":"2020-05-25"},{"lineNumber":13,"author":{"gitId":"-"},"content":"    testImplementation group: \u0027org.junit.jupiter\u0027, name: \u0027junit-jupiter-api\u0027, version: \u00275.5.0\u0027","lastModifiedDate":"2020-05-25"},{"lineNumber":14,"author":{"gitId":"-"},"content":"    testRuntimeOnly group: \u0027org.junit.jupiter\u0027, name: \u0027junit-jupiter-engine\u0027, version: \u00275.5.0\u0027","lastModifiedDate":"2020-05-25"},{"lineNumber":15,"author":{"gitId":"gweeyc"},"content":"    implementation group:\u0027com.google.guava\u0027, name:\u0027guava\u0027, version: \u002731.0.1-jre\u0027","lastModifiedDate":"2021-10-08"},{"lineNumber":16,"author":{"gitId":"-"},"content":"}","lastModifiedDate":"2020-05-25"},{"lineNumber":17,"author":{"gitId":"-"},"content":"","lastModifiedDate":"2020-05-25"},{"lineNumber":18,"author":{"gitId":"-"},"content":"test {","lastModifiedDate":"2020-05-25"},{"lineNumber":19,"author":{"gitId":"-"},"content":"    useJUnitPlatform()","lastModifiedDate":"2020-05-25"},{"lineNumber":20,"author":{"gitId":"-"},"content":"","lastModifiedDate":"2020-05-25"},{"lineNumber":21,"author":{"gitId":"-"},"content":"    testLogging {","lastModifiedDate":"2020-05-25"},{"lineNumber":22,"author":{"gitId":"-"},"content":"        events \"passed\", \"skipped\", \"failed\"","lastModifiedDate":"2020-05-25"},{"lineNumber":23,"author":{"gitId":"-"},"content":"","lastModifiedDate":"2020-05-25"},{"lineNumber":24,"author":{"gitId":"-"},"content":"        showExceptions true","lastModifiedDate":"2020-05-25"},{"lineNumber":25,"author":{"gitId":"-"},"content":"        exceptionFormat \"full\"","lastModifiedDate":"2020-05-25"},{"lineNumber":26,"author":{"gitId":"-"},"content":"        showCauses true","lastModifiedDate":"2020-05-25"},{"lineNumber":27,"author":{"gitId":"-"},"content":"        showStackTraces true","lastModifiedDate":"2020-05-25"},{"lineNumber":28,"author":{"gitId":"-"},"content":"        showStandardStreams \u003d false","lastModifiedDate":"2020-05-25"},{"lineNumber":29,"author":{"gitId":"-"},"content":"    }","lastModifiedDate":"2020-05-25"},{"lineNumber":30,"author":{"gitId":"-"},"content":"}","lastModifiedDate":"2020-05-25"},{"lineNumber":31,"author":{"gitId":"-"},"content":"","lastModifiedDate":"2020-05-25"},{"lineNumber":32,"author":{"gitId":"-"},"content":"application {","lastModifiedDate":"2020-05-25"},{"lineNumber":33,"author":{"gitId":"-"},"content":"    mainClassName \u003d \"seedu.duke.Duke\"","lastModifiedDate":"2020-05-25"},{"lineNumber":34,"author":{"gitId":"-"},"content":"}","lastModifiedDate":"2020-05-25"},{"lineNumber":35,"author":{"gitId":"-"},"content":"","lastModifiedDate":"2020-05-25"},{"lineNumber":36,"author":{"gitId":"-"},"content":"shadowJar {","lastModifiedDate":"2020-05-25"},{"lineNumber":37,"author":{"gitId":"-"},"content":"    archiveBaseName \u003d \"duke\"","lastModifiedDate":"2020-05-25"},{"lineNumber":38,"author":{"gitId":"-"},"content":"    archiveClassifier \u003d null","lastModifiedDate":"2020-05-25"},{"lineNumber":39,"author":{"gitId":"-"},"content":"}","lastModifiedDate":"2020-05-25"},{"lineNumber":40,"author":{"gitId":"-"},"content":"","lastModifiedDate":"2020-05-25"},{"lineNumber":41,"author":{"gitId":"-"},"content":"checkstyle {","lastModifiedDate":"2020-05-25"},{"lineNumber":42,"author":{"gitId":"-"},"content":"    toolVersion \u003d \u00278.23\u0027","lastModifiedDate":"2020-05-25"},{"lineNumber":43,"author":{"gitId":"-"},"content":"}","lastModifiedDate":"2020-05-25"},{"lineNumber":44,"author":{"gitId":"-"},"content":"","lastModifiedDate":"2020-05-25"},{"lineNumber":45,"author":{"gitId":"-"},"content":"run{","lastModifiedDate":"2020-05-25"},{"lineNumber":46,"author":{"gitId":"gweeyc"},"content":"    enableAssertions \u003d true","lastModifiedDate":"2021-10-13"},{"lineNumber":47,"author":{"gitId":"-"},"content":"    standardInput \u003d System.in","lastModifiedDate":"2020-05-25"},{"lineNumber":48,"author":{"gitId":"-"},"content":"}","lastModifiedDate":"2020-05-25"}],"authorContributionMap":{"gweeyc":2,"-":46}},{"path":"docs/README.md","fileType":"docs","lines":[{"lineNumber":1,"author":{"gitId":"-"},"content":"# Duke","lastModifiedDate":"2020-05-24"},{"lineNumber":2,"author":{"gitId":"-"},"content":"","lastModifiedDate":"2019-07-29"},{"lineNumber":3,"author":{"gitId":"gweeyc"},"content":"**JustBook: An easy-to-use Appointment CLI App**","lastModifiedDate":"2021-09-28"},{"lineNumber":4,"author":{"gitId":"-"},"content":"","lastModifiedDate":"2019-07-29"},{"lineNumber":5,"author":{"gitId":"-"},"content":"Useful links:","lastModifiedDate":"2020-05-24"},{"lineNumber":6,"author":{"gitId":"-"},"content":"* [User Guide](UserGuide.md)","lastModifiedDate":"2020-05-24"},{"lineNumber":7,"author":{"gitId":"-"},"content":"* [Developer Guide](DeveloperGuide.md)","lastModifiedDate":"2020-05-24"},{"lineNumber":8,"author":{"gitId":"-"},"content":"* [About Us](AboutUs.md)","lastModifiedDate":"2020-05-24"}],"authorContributionMap":{"gweeyc":1,"-":7}},{"path":"docs/UserGuide.md","fileType":"docs","lines":[{"lineNumber":1,"author":{"gitId":"-"},"content":"# User Guide","lastModifiedDate":"2020-05-24"},{"lineNumber":2,"author":{"gitId":"-"},"content":"","lastModifiedDate":"2020-05-24"},{"lineNumber":3,"author":{"gitId":"-"},"content":"## Introduction","lastModifiedDate":"2020-05-24"},{"lineNumber":4,"author":{"gitId":"-"},"content":"","lastModifiedDate":"2020-05-24"},{"lineNumber":5,"author":{"gitId":"gweeyc"},"content":"**JustBook: An easy-to-use Appointment CLI App**","lastModifiedDate":"2021-09-29"},{"lineNumber":6,"author":{"gitId":"-"},"content":"","lastModifiedDate":"2020-05-24"},{"lineNumber":7,"author":{"gitId":"-"},"content":"## Quick Start","lastModifiedDate":"2020-05-24"},{"lineNumber":8,"author":{"gitId":"-"},"content":"","lastModifiedDate":"2020-05-24"},{"lineNumber":9,"author":{"gitId":"-"},"content":"{Give steps to get started quickly}","lastModifiedDate":"2020-05-24"},{"lineNumber":10,"author":{"gitId":"-"},"content":"","lastModifiedDate":"2020-05-24"},{"lineNumber":11,"author":{"gitId":"-"},"content":"1. Ensure that you have Java 11 or above installed.","lastModifiedDate":"2020-05-24"},{"lineNumber":12,"author":{"gitId":"-"},"content":"1. Down the latest version of `Duke` from [here](http://link.to/duke).","lastModifiedDate":"2020-05-24"},{"lineNumber":13,"author":{"gitId":"-"},"content":"","lastModifiedDate":"2020-05-24"},{"lineNumber":14,"author":{"gitId":"-"},"content":"## Features ","lastModifiedDate":"2020-05-24"},{"lineNumber":15,"author":{"gitId":"-"},"content":"","lastModifiedDate":"2020-05-24"},{"lineNumber":16,"author":{"gitId":"gweeyc"},"content":"Program designed for Single User use.","lastModifiedDate":"2021-09-30"},{"lineNumber":17,"author":{"gitId":"-"},"content":"","lastModifiedDate":"2020-05-24"},{"lineNumber":18,"author":{"gitId":"-"},"content":"### Adding a todo: `todo`","lastModifiedDate":"2020-05-24"},{"lineNumber":19,"author":{"gitId":"-"},"content":"Adds a new item to the list of todo items.","lastModifiedDate":"2020-05-24"},{"lineNumber":20,"author":{"gitId":"-"},"content":"","lastModifiedDate":"2020-05-24"},{"lineNumber":21,"author":{"gitId":"-"},"content":"Format: `todo n/TODO_NAME d/DEADLINE`","lastModifiedDate":"2020-05-24"},{"lineNumber":22,"author":{"gitId":"-"},"content":"","lastModifiedDate":"2020-05-24"},{"lineNumber":23,"author":{"gitId":"-"},"content":"* The `DEADLINE` can be in a natural language format.","lastModifiedDate":"2020-05-24"},{"lineNumber":24,"author":{"gitId":"-"},"content":"* The `TODO_NAME` cannot contain punctuation.  ","lastModifiedDate":"2020-05-24"},{"lineNumber":25,"author":{"gitId":"-"},"content":"","lastModifiedDate":"2020-05-24"},{"lineNumber":26,"author":{"gitId":"-"},"content":"Example of usage: ","lastModifiedDate":"2020-05-24"},{"lineNumber":27,"author":{"gitId":"-"},"content":"","lastModifiedDate":"2020-05-24"},{"lineNumber":28,"author":{"gitId":"-"},"content":"`todo n/Write the rest of the User Guide d/next week`","lastModifiedDate":"2020-05-24"},{"lineNumber":29,"author":{"gitId":"-"},"content":"","lastModifiedDate":"2020-05-24"},{"lineNumber":30,"author":{"gitId":"-"},"content":"`todo n/Refactor the User Guide to remove passive voice d/13/04/2020`","lastModifiedDate":"2020-05-24"},{"lineNumber":31,"author":{"gitId":"-"},"content":"","lastModifiedDate":"2020-05-24"},{"lineNumber":32,"author":{"gitId":"-"},"content":"## FAQ","lastModifiedDate":"2020-05-24"},{"lineNumber":33,"author":{"gitId":"-"},"content":"","lastModifiedDate":"2020-05-24"},{"lineNumber":34,"author":{"gitId":"-"},"content":"**Q**: How do I transfer my data to another computer? ","lastModifiedDate":"2020-05-24"},{"lineNumber":35,"author":{"gitId":"-"},"content":"","lastModifiedDate":"2020-05-24"},{"lineNumber":36,"author":{"gitId":"-"},"content":"**A**: {your answer here}","lastModifiedDate":"2020-05-24"},{"lineNumber":37,"author":{"gitId":"-"},"content":"","lastModifiedDate":"2020-05-24"},{"lineNumber":38,"author":{"gitId":"-"},"content":"## Command Summary","lastModifiedDate":"2020-05-24"},{"lineNumber":39,"author":{"gitId":"-"},"content":"","lastModifiedDate":"2020-05-24"},{"lineNumber":40,"author":{"gitId":"-"},"content":"{Give a \u0027cheat sheet\u0027 of commands here}","lastModifiedDate":"2020-05-24"},{"lineNumber":41,"author":{"gitId":"-"},"content":"","lastModifiedDate":"2020-05-24"},{"lineNumber":42,"author":{"gitId":"-"},"content":"* Add todo `todo n/TODO_NAME d/DEADLINE`","lastModifiedDate":"2020-05-24"}],"authorContributionMap":{"gweeyc":2,"-":40}},{"path":"docs/team/AlvinGwee.md","fileType":"docs","lines":[{"lineNumber":1,"author":{"gitId":"gweeyc"},"content":"# Gwee Yeu Chai - Project Portfolio Page","lastModifiedDate":"2021-10-08"},{"lineNumber":2,"author":{"gitId":"gweeyc"},"content":"","lastModifiedDate":"2021-10-08"},{"lineNumber":3,"author":{"gitId":"gweeyc"},"content":"## Overview","lastModifiedDate":"2021-10-08"},{"lineNumber":4,"author":{"gitId":"gweeyc"},"content":"JustBook CLI App - Proof of Concept Model Creation","lastModifiedDate":"2021-10-08"},{"lineNumber":5,"author":{"gitId":"gweeyc"},"content":"","lastModifiedDate":"2021-10-08"},{"lineNumber":6,"author":{"gitId":"gweeyc"},"content":"### Summary of Contributions","lastModifiedDate":"2021-10-08"},{"lineNumber":7,"author":{"gitId":"gweeyc"},"content":"- Initial Layout for user to interact with app","lastModifiedDate":"2021-10-08"},{"lineNumber":8,"author":{"gitId":"gweeyc"},"content":"- Created the backend data structure appointments (Arraylist\u003cBookings\u003e)","lastModifiedDate":"2021-10-08"},{"lineNumber":9,"author":{"gitId":"gweeyc"},"content":"- Set up an early workable prototype of app for further enhancements at the command line ","lastModifiedDate":"2021-10-08"},{"lineNumber":10,"author":{"gitId":"gweeyc"},"content":"- So far, tested out CLI \"exit\" and \"add\" and \"show datetime\" commands working fine","lastModifiedDate":"2021-10-08"}],"authorContributionMap":{"gweeyc":10}},{"path":"src/main/java/seedu/duke/Bookings.java","fileType":"functional-code","lines":[{"lineNumber":1,"author":{"gitId":"gweeyc"},"content":"package seedu.duke;","lastModifiedDate":"2021-10-08"},{"lineNumber":2,"author":{"gitId":"gweeyc"},"content":"","lastModifiedDate":"2021-10-08"},{"lineNumber":3,"author":{"gitId":"gweeyc"},"content":"import java.time.LocalDateTime;","lastModifiedDate":"2021-10-08"},{"lineNumber":4,"author":{"gitId":"gweeyc"},"content":"import java.time.format.DateTimeFormatter;","lastModifiedDate":"2021-10-08"},{"lineNumber":5,"author":{"gitId":"gweeyc"},"content":"","lastModifiedDate":"2021-10-08"},{"lineNumber":6,"author":{"gitId":"gweeyc"},"content":"public class Bookings {","lastModifiedDate":"2021-10-08"},{"lineNumber":7,"author":{"gitId":"gweeyc"},"content":"    String bookDesc;","lastModifiedDate":"2021-10-08"},{"lineNumber":8,"author":{"gitId":"gweeyc"},"content":"    LocalDateTime start;","lastModifiedDate":"2021-10-08"},{"lineNumber":9,"author":{"gitId":"gweeyc"},"content":"    LocalDateTime end;","lastModifiedDate":"2021-10-08"},{"lineNumber":10,"author":{"gitId":"gweeyc"},"content":"","lastModifiedDate":"2021-10-08"},{"lineNumber":11,"author":{"gitId":"gweeyc"},"content":"    public Bookings(String bookDesc, LocalDateTime start, LocalDateTime end) {","lastModifiedDate":"2021-10-08"},{"lineNumber":12,"author":{"gitId":"gweeyc"},"content":"        this.bookDesc \u003d bookDesc;","lastModifiedDate":"2021-10-08"},{"lineNumber":13,"author":{"gitId":"gweeyc"},"content":"        this.start \u003d start;","lastModifiedDate":"2021-10-08"},{"lineNumber":14,"author":{"gitId":"gweeyc"},"content":"        this.end \u003d end;","lastModifiedDate":"2021-10-08"},{"lineNumber":15,"author":{"gitId":"gweeyc"},"content":"    }","lastModifiedDate":"2021-10-08"},{"lineNumber":16,"author":{"gitId":"gweeyc"},"content":"","lastModifiedDate":"2021-10-08"},{"lineNumber":17,"author":{"gitId":"gweeyc"},"content":"    public String getStartDate() {","lastModifiedDate":"2021-10-08"},{"lineNumber":18,"author":{"gitId":"gweeyc"},"content":"        return start.toLocalDate().format(DateTimeFormatter.ofPattern(\"yyyy-M-d\"));","lastModifiedDate":"2021-10-09"},{"lineNumber":19,"author":{"gitId":"gweeyc"},"content":"    }","lastModifiedDate":"2021-10-08"},{"lineNumber":20,"author":{"gitId":"gweeyc"},"content":"","lastModifiedDate":"2021-10-08"},{"lineNumber":21,"author":{"gitId":"gweeyc"},"content":"    @Override","lastModifiedDate":"2021-10-08"},{"lineNumber":22,"author":{"gitId":"gweeyc"},"content":"    public String toString() {","lastModifiedDate":"2021-10-08"},{"lineNumber":23,"author":{"gitId":"gweeyc"},"content":"        DateTimeFormatter pattern \u003d DateTimeFormatter.ofPattern(\"MMM d yyyy HH:mm\");","lastModifiedDate":"2021-10-09"},{"lineNumber":24,"author":{"gitId":"gweeyc"},"content":"        String begin \u003d start.format(pattern);","lastModifiedDate":"2021-10-09"},{"lineNumber":25,"author":{"gitId":"gweeyc"},"content":"        String stop \u003d end.format(pattern);","lastModifiedDate":"2021-10-09"},{"lineNumber":26,"author":{"gitId":"gweeyc"},"content":"","lastModifiedDate":"2021-10-08"},{"lineNumber":27,"author":{"gitId":"gweeyc"},"content":"        return String.format(\"Event: %s \u003c\u003c \u003e\u003e Start: [%s] - End: [%s]\", bookDesc, begin, stop);","lastModifiedDate":"2021-10-09"},{"lineNumber":28,"author":{"gitId":"gweeyc"},"content":"    }","lastModifiedDate":"2021-10-08"},{"lineNumber":29,"author":{"gitId":"gweeyc"},"content":"}","lastModifiedDate":"2021-10-08"},{"lineNumber":30,"author":{"gitId":"gweeyc"},"content":"","lastModifiedDate":"2021-10-08"},{"lineNumber":31,"author":{"gitId":"gweeyc"},"content":"","lastModifiedDate":"2021-10-08"}],"authorContributionMap":{"gweeyc":31}},{"path":"src/main/java/seedu/duke/Duke.java","fileType":"functional-code","lines":[{"lineNumber":1,"author":{"gitId":"-"},"content":"package seedu.duke;","lastModifiedDate":"2020-05-24"},{"lineNumber":2,"author":{"gitId":"-"},"content":"","lastModifiedDate":"2020-05-24"},{"lineNumber":3,"author":{"gitId":"gweeyc"},"content":"import java.time.LocalDateTime;","lastModifiedDate":"2021-10-08"},{"lineNumber":4,"author":{"gitId":"gweeyc"},"content":"import java.time.format.DateTimeFormatter;","lastModifiedDate":"2021-10-09"},{"lineNumber":5,"author":{"gitId":"gweeyc"},"content":"import java.util.ArrayList;","lastModifiedDate":"2021-10-08"},{"lineNumber":6,"author":{"gitId":"gweeyc"},"content":"import java.util.List;","lastModifiedDate":"2021-10-08"},{"lineNumber":7,"author":{"gitId":"-"},"content":"import java.util.Scanner;","lastModifiedDate":"2020-05-24"},{"lineNumber":8,"author":{"gitId":"gweeyc"},"content":"import static java.lang.System.exit;","lastModifiedDate":"2021-10-08"},{"lineNumber":9,"author":{"gitId":"gweeyc"},"content":"import static java.time.LocalDateTime.parse;","lastModifiedDate":"2021-10-09"},{"lineNumber":10,"author":{"gitId":"-"},"content":"","lastModifiedDate":"2020-05-24"},{"lineNumber":11,"author":{"gitId":"-"},"content":"public class Duke {","lastModifiedDate":"2019-07-29"},{"lineNumber":12,"author":{"gitId":"-"},"content":"    /**","lastModifiedDate":"2020-05-24"},{"lineNumber":13,"author":{"gitId":"-"},"content":"     * Main entry-point for the java.duke.Duke application.","lastModifiedDate":"2020-05-24"},{"lineNumber":14,"author":{"gitId":"-"},"content":"     */","lastModifiedDate":"2020-05-24"},{"lineNumber":15,"author":{"gitId":"gweeyc"},"content":"    static final List\u003cBookings\u003e appointments \u003d new ArrayList\u003c\u003e();","lastModifiedDate":"2021-10-08"},{"lineNumber":16,"author":{"gitId":"gweeyc"},"content":"","lastModifiedDate":"2021-10-08"},{"lineNumber":17,"author":{"gitId":"-"},"content":"    public static void main(String[] args) {","lastModifiedDate":"2019-07-29"},{"lineNumber":18,"author":{"gitId":"-"},"content":"        String logo \u003d \" ____        _        \\n\"","lastModifiedDate":"2019-07-29"},{"lineNumber":19,"author":{"gitId":"-"},"content":"                + \"|  _ \\\\ _   _| | _____ \\n\"","lastModifiedDate":"2019-07-29"},{"lineNumber":20,"author":{"gitId":"-"},"content":"                + \"| | | | | | | |/ / _ \\\\\\n\"","lastModifiedDate":"2019-07-29"},{"lineNumber":21,"author":{"gitId":"-"},"content":"                + \"| |_| | |_| |   \u003c  __/\\n\"","lastModifiedDate":"2019-07-29"},{"lineNumber":22,"author":{"gitId":"-"},"content":"                + \"|____/ \\\\__,_|_|\\\\_\\\\___|\\n\";","lastModifiedDate":"2019-07-29"},{"lineNumber":23,"author":{"gitId":"-"},"content":"        System.out.println(\"Hello from\\n\" + logo);","lastModifiedDate":"2019-07-29"},{"lineNumber":24,"author":{"gitId":"-"},"content":"        System.out.println(\"What is your name?\");","lastModifiedDate":"2020-05-24"},{"lineNumber":25,"author":{"gitId":"-"},"content":"","lastModifiedDate":"2020-05-24"},{"lineNumber":26,"author":{"gitId":"-"},"content":"        Scanner in \u003d new Scanner(System.in);","lastModifiedDate":"2020-05-24"},{"lineNumber":27,"author":{"gitId":"-"},"content":"        System.out.println(\"Hello \" + in.nextLine());","lastModifiedDate":"2021-10-09"},{"lineNumber":28,"author":{"gitId":"gweeyc"},"content":"","lastModifiedDate":"2021-10-08"},{"lineNumber":29,"author":{"gitId":"gweeyc"},"content":"        // write your code here","lastModifiedDate":"2021-10-08"},{"lineNumber":30,"author":{"gitId":"gweeyc"},"content":"        System.out.printf(\"Welcome back!%n\");","lastModifiedDate":"2021-10-09"},{"lineNumber":31,"author":{"gitId":"gweeyc"},"content":"        System.out.println(\"You can now proceed to do your booking\\n\");","lastModifiedDate":"2021-10-09"},{"lineNumber":32,"author":{"gitId":"gweeyc"},"content":"","lastModifiedDate":"2021-10-08"},{"lineNumber":33,"author":{"gitId":"gweeyc"},"content":"        while (true) {","lastModifiedDate":"2021-10-08"},{"lineNumber":34,"author":{"gitId":"gweeyc"},"content":"            System.out.println(\"User: \");","lastModifiedDate":"2021-10-08"},{"lineNumber":35,"author":{"gitId":"gweeyc"},"content":"            String input \u003d in.nextLine().replace(\"\\\\s+\", \" \").trim();","lastModifiedDate":"2021-10-09"},{"lineNumber":36,"author":{"gitId":"gweeyc"},"content":"","lastModifiedDate":"2021-10-08"},{"lineNumber":37,"author":{"gitId":"gweeyc"},"content":"            if (input.equals(\"exit\")) {","lastModifiedDate":"2021-10-09"},{"lineNumber":38,"author":{"gitId":"gweeyc"},"content":"                System.out.println(\"Bye! See you again!\");","lastModifiedDate":"2021-10-08"},{"lineNumber":39,"author":{"gitId":"gweeyc"},"content":"                exit(0);","lastModifiedDate":"2021-10-08"},{"lineNumber":40,"author":{"gitId":"gweeyc"},"content":"            }","lastModifiedDate":"2021-10-08"},{"lineNumber":41,"author":{"gitId":"gweeyc"},"content":"","lastModifiedDate":"2021-10-08"},{"lineNumber":42,"author":{"gitId":"gweeyc"},"content":"            String[] tokens \u003d input.split(\" \", 2);","lastModifiedDate":"2021-10-09"},{"lineNumber":43,"author":{"gitId":"gweeyc"},"content":"            String command \u003d tokens[0];","lastModifiedDate":"2021-10-09"},{"lineNumber":44,"author":{"gitId":"gweeyc"},"content":"","lastModifiedDate":"2021-10-08"},{"lineNumber":45,"author":{"gitId":"gweeyc"},"content":"            switch (command) {","lastModifiedDate":"2021-10-08"},{"lineNumber":46,"author":{"gitId":"gweeyc"},"content":"            case \"add\":","lastModifiedDate":"2021-10-08"},{"lineNumber":47,"author":{"gitId":"gweeyc"},"content":"                String[] param \u003d tokens[1].split(\"/[s,e] \");","lastModifiedDate":"2021-10-09"},{"lineNumber":48,"author":{"gitId":"gweeyc"},"content":"                DateTimeFormatter format \u003d DateTimeFormatter.ofPattern(\"yyyy-M-d HH:mm\");","lastModifiedDate":"2021-10-09"},{"lineNumber":49,"author":{"gitId":"gweeyc"},"content":"","lastModifiedDate":"2021-10-09"},{"lineNumber":50,"author":{"gitId":"gweeyc"},"content":"                LocalDateTime start \u003d parse(param[1].trim(), format);","lastModifiedDate":"2021-10-09"},{"lineNumber":51,"author":{"gitId":"gweeyc"},"content":"                LocalDateTime end \u003d parse(param[2], format);","lastModifiedDate":"2021-10-09"},{"lineNumber":52,"author":{"gitId":"gweeyc"},"content":"","lastModifiedDate":"2021-10-09"},{"lineNumber":53,"author":{"gitId":"gweeyc"},"content":"                appointments.add(new Bookings(param[0].trim(), start, end));","lastModifiedDate":"2021-10-09"},{"lineNumber":54,"author":{"gitId":"gweeyc"},"content":"                break;","lastModifiedDate":"2021-10-08"},{"lineNumber":55,"author":{"gitId":"gweeyc"},"content":"            case \"edit\":","lastModifiedDate":"2021-10-08"},{"lineNumber":56,"author":{"gitId":"gweeyc"},"content":"","lastModifiedDate":"2021-10-08"},{"lineNumber":57,"author":{"gitId":"gweeyc"},"content":"                break;","lastModifiedDate":"2021-10-08"},{"lineNumber":58,"author":{"gitId":"gweeyc"},"content":"            case \"save\":","lastModifiedDate":"2021-10-08"},{"lineNumber":59,"author":{"gitId":"gweeyc"},"content":"","lastModifiedDate":"2021-10-08"},{"lineNumber":60,"author":{"gitId":"gweeyc"},"content":"                break;","lastModifiedDate":"2021-10-08"},{"lineNumber":61,"author":{"gitId":"gweeyc"},"content":"            case \"del\":","lastModifiedDate":"2021-10-08"},{"lineNumber":62,"author":{"gitId":"gweeyc"},"content":"","lastModifiedDate":"2021-10-08"},{"lineNumber":63,"author":{"gitId":"gweeyc"},"content":"                break;","lastModifiedDate":"2021-10-08"},{"lineNumber":64,"author":{"gitId":"gweeyc"},"content":"            case \"show\":","lastModifiedDate":"2021-10-08"},{"lineNumber":65,"author":{"gitId":"gweeyc"},"content":"                if (tokens[1].contains(\"--\")) {}","lastModifiedDate":"2021-10-09"},{"lineNumber":66,"author":{"gitId":"gweeyc"},"content":"                if (tokens[1].contains(\" - \")) {}","lastModifiedDate":"2021-10-09"},{"lineNumber":67,"author":{"gitId":"gweeyc"},"content":"","lastModifiedDate":"2021-10-08"},{"lineNumber":68,"author":{"gitId":"gweeyc"},"content":"                String date \u003d tokens[1];","lastModifiedDate":"2021-10-09"},{"lineNumber":69,"author":{"gitId":"gweeyc"},"content":"                System.out.printf(\"Date: %s\\n\", date.replaceAll(\"-\", \"/\"));","lastModifiedDate":"2021-10-08"},{"lineNumber":70,"author":{"gitId":"gweeyc"},"content":"                int counter \u003d 1;","lastModifiedDate":"2021-10-08"},{"lineNumber":71,"author":{"gitId":"gweeyc"},"content":"","lastModifiedDate":"2021-10-08"},{"lineNumber":72,"author":{"gitId":"gweeyc"},"content":"                for (Bookings item : appointments) {","lastModifiedDate":"2021-10-08"},{"lineNumber":73,"author":{"gitId":"gweeyc"},"content":"","lastModifiedDate":"2021-10-08"},{"lineNumber":74,"author":{"gitId":"gweeyc"},"content":"                    if (date.equals(item.getStartDate())) {","lastModifiedDate":"2021-10-08"},{"lineNumber":75,"author":{"gitId":"gweeyc"},"content":"                        System.out.println(counter + \". \" + item);","lastModifiedDate":"2021-10-08"},{"lineNumber":76,"author":{"gitId":"gweeyc"},"content":"                        counter++;","lastModifiedDate":"2021-10-08"},{"lineNumber":77,"author":{"gitId":"gweeyc"},"content":"                    }","lastModifiedDate":"2021-10-08"},{"lineNumber":78,"author":{"gitId":"gweeyc"},"content":"","lastModifiedDate":"2021-10-08"},{"lineNumber":79,"author":{"gitId":"gweeyc"},"content":"                    System.out.println();","lastModifiedDate":"2021-10-08"},{"lineNumber":80,"author":{"gitId":"gweeyc"},"content":"                }","lastModifiedDate":"2021-10-08"},{"lineNumber":81,"author":{"gitId":"gweeyc"},"content":"                break;","lastModifiedDate":"2021-10-08"},{"lineNumber":82,"author":{"gitId":"gweeyc"},"content":"            case \"block\":","lastModifiedDate":"2021-10-08"},{"lineNumber":83,"author":{"gitId":"gweeyc"},"content":"","lastModifiedDate":"2021-10-08"},{"lineNumber":84,"author":{"gitId":"gweeyc"},"content":"                break;","lastModifiedDate":"2021-10-08"},{"lineNumber":85,"author":{"gitId":"gweeyc"},"content":"            case \"unblock\":","lastModifiedDate":"2021-10-08"},{"lineNumber":86,"author":{"gitId":"gweeyc"},"content":"","lastModifiedDate":"2021-10-08"},{"lineNumber":87,"author":{"gitId":"gweeyc"},"content":"                break;","lastModifiedDate":"2021-10-08"},{"lineNumber":88,"author":{"gitId":"gweeyc"},"content":"            case \"help\":","lastModifiedDate":"2021-10-08"},{"lineNumber":89,"author":{"gitId":"gweeyc"},"content":"","lastModifiedDate":"2021-10-08"},{"lineNumber":90,"author":{"gitId":"gweeyc"},"content":"                break;","lastModifiedDate":"2021-10-08"},{"lineNumber":91,"author":{"gitId":"gweeyc"},"content":"            default:","lastModifiedDate":"2021-10-08"},{"lineNumber":92,"author":{"gitId":"gweeyc"},"content":"","lastModifiedDate":"2021-10-08"},{"lineNumber":93,"author":{"gitId":"gweeyc"},"content":"            }","lastModifiedDate":"2021-10-08"},{"lineNumber":94,"author":{"gitId":"gweeyc"},"content":"        }","lastModifiedDate":"2021-10-08"},{"lineNumber":95,"author":{"gitId":"-"},"content":"    }","lastModifiedDate":"2019-07-29"},{"lineNumber":96,"author":{"gitId":"-"},"content":"}","lastModifiedDate":"2019-07-29"}],"authorContributionMap":{"gweeyc":75,"-":21}}]
