{"authorDailyContributionsMap":{"gweeyc":[{"date":"2021-09-28","commitResults":[{"hash":"b8214215974b9f640a75657ef6126a64e7bbd474","messageTitle":"Update README.md","messageBody":"Edit product name","fileTypesAndContributionMap":{"docs":{"insertions":1,"deletions":1}}}]},{"date":"2021-09-29","commitResults":[{"hash":"6896de8a1510de68e3b4f76b912f42726d742b82","messageTitle":"Test out Github Actions","messageBody":"","fileTypesAndContributionMap":{"docs":{"insertions":1,"deletions":1}}}]},{"date":"2021-09-30","commitResults":[{"hash":"24e058f9afd2ea8a12a706c7ca656f01ce8ce94b","messageTitle":"test out github actions","messageBody":"","fileTypesAndContributionMap":{"docs":{"insertions":1,"deletions":1}}}]},{"date":"2021-10-08","commitResults":[{"hash":"9ed5882a5836a3ced01ea3cbea43347aacde5886","messageTitle":"Created branch add-AlvinGwee-info to test first PR to team repo","messageBody":"","fileTypesAndContributionMap":{"docs":{"insertions":10,"deletions":0}}},{"hash":"0b80ad35e6e2ea71769e08f3ee4317fda2b0631e","messageTitle":"Created a proof-of-concept of JustBook App template for team discussions","messageBody":"","fileTypesAndContributionMap":{"functional-code":{"insertions":105,"deletions":1}}},{"hash":"a070b1aad2a494caaff9fd77c5887f0b167f9fb6","messageTitle":"add Guava dependencies in build.gradle","messageBody":"","fileTypesAndContributionMap":{"other":{"insertions":1,"deletions":0}}}]},{"date":"2021-10-09","commitResults":[{"hash":"5caadc22225a26410209683384816f6a579ca09c","messageTitle":"Improve on display of appointments listing.","messageBody":"Alter format to allow for single digit inputs for dates.\n","fileTypesAndContributionMap":{"functional-code":{"insertions":21,"deletions":14}}},{"hash":"17c6734384b4755eeeb2cdea0b8fc1db785ef10b","messageTitle":"Corrected for styleChecker","messageBody":"","fileTypesAndContributionMap":{"functional-code":{"insertions":29,"deletions":34}}}]}],"yinyin377":[],"hana-oxy":[],"zcnmashleu95":[]},"authorFileTypeContributionMap":{"gweeyc":{"docs":13,"functional-code":106,"test-code":0,"other":1},"yinyin377":{"docs":0,"functional-code":0,"test-code":0},"hana-oxy":{"docs":0,"functional-code":0,"test-code":0},"zcnmashleu95":{"docs":0,"functional-code":0,"test-code":0}},"authorContributionVariance":{"gweeyc":920.93384,"yinyin377":0.0,"hana-oxy":0.0,"zcnmashleu95":0.0},"authorDisplayNameMap":{"gweeyc":"TIC4001-F18-4 GWEE..CHAI","yinyin377":"TIC4001-F18-4 LIM .. YIN","hana-oxy":"TIC4001-F18-4 OEI ..NNAH","zcnmashleu95":"TIC4001-F18-4 LAM ..CHUN"}}
