{"authorDailyContributionsMap":{"gweeyc":[{"date":"2021-09-28","commitResults":[{"hash":"b8214215974b9f640a75657ef6126a64e7bbd474","messageTitle":"Update README.md","messageBody":"Edit product name","fileTypesAndContributionMap":{"docs":{"insertions":1,"deletions":1}}}]},{"date":"2021-09-29","commitResults":[{"hash":"6896de8a1510de68e3b4f76b912f42726d742b82","messageTitle":"Test out Github Actions","messageBody":"","fileTypesAndContributionMap":{"docs":{"insertions":1,"deletions":1}}}]},{"date":"2021-09-30","commitResults":[{"hash":"24e058f9afd2ea8a12a706c7ca656f01ce8ce94b","messageTitle":"test out github actions","messageBody":"","fileTypesAndContributionMap":{"docs":{"insertions":1,"deletions":1}}}]},{"date":"2021-10-08","commitResults":[{"hash":"9ed5882a5836a3ced01ea3cbea43347aacde5886","messageTitle":"Created branch add-AlvinGwee-info to test first PR to team repo","messageBody":"","fileTypesAndContributionMap":{"docs":{"insertions":10,"deletions":0}}},{"hash":"0b80ad35e6e2ea71769e08f3ee4317fda2b0631e","messageTitle":"Created a proof-of-concept of JustBook App template for team discussions","messageBody":"","fileTypesAndContributionMap":{"functional-code":{"insertions":105,"deletions":1}}},{"hash":"a070b1aad2a494caaff9fd77c5887f0b167f9fb6","messageTitle":"add Guava dependencies in build.gradle","messageBody":"","fileTypesAndContributionMap":{"other":{"insertions":1,"deletions":0}}}]},{"date":"2021-10-09","commitResults":[{"hash":"5caadc22225a26410209683384816f6a579ca09c","messageTitle":"Improve on display of appointments listing.","messageBody":"Alter format to allow for single digit inputs for dates.\n","fileTypesAndContributionMap":{"functional-code":{"insertions":21,"deletions":14}}},{"hash":"17c6734384b4755eeeb2cdea0b8fc1db785ef10b","messageTitle":"Corrected for styleChecker","messageBody":"","fileTypesAndContributionMap":{"functional-code":{"insertions":29,"deletions":34}}},{"hash":"fc77c2ee82918475bc0038f475a77aae17eea202","messageTitle":"corrected for empty if blocks style","messageBody":"","fileTypesAndContributionMap":{"functional-code":{"insertions":3,"deletions":2}}},{"hash":"cc881d066301d005305b0d0eb68498084b4f918f","messageTitle":"adjusted some test file output check","messageBody":"","fileTypesAndContributionMap":{"functional-code":{"insertions":2,"deletions":3}}}]},{"date":"2021-10-11","commitResults":[{"hash":"84878a97281688d861ae839a131a5e99c7684514","messageTitle":"Completed the MVP version of show -all, date \u0026 add bookings.","messageBody":"","fileTypesAndContributionMap":{"functional-code":{"insertions":64,"deletions":27}}},{"hash":"243428d7db129e43ef91e982162448661148ecb2","messageTitle":"Corrected for styleChecker compliance","messageBody":"","fileTypesAndContributionMap":{"functional-code":{"insertions":8,"deletions":8}}}]},{"date":"2021-10-12","commitResults":[{"hash":"5aaf9b0ed9569da224548f89bb3df6eedbce38c1","messageTitle":"Fixed localDateTime formatter bug in Duke to allow for AM/PM \u0026 ISO standards input.","messageBody":"","fileTypesAndContributionMap":{"functional-code":{"insertions":8,"deletions":5}}},{"hash":"f9954453cda3e40230712c84a3c68355e34cd044","messageTitle":"Corrected text-u-test bug from changed Duke startup code.","messageBody":"","fileTypesAndContributionMap":{"other":{"insertions":2,"deletions":1}}}]},{"date":"2021-10-13","commitResults":[{"hash":"1a936436e9e2f737b944001692a4adee304ff1b9","messageTitle":"Implemented the block and unblock CLI commands support code structure.","messageBody":"","fileTypesAndContributionMap":{"functional-code":{"insertions":45,"deletions":8}}},{"hash":"ade50e30094de4142250a6cbcffd262a564f256f","messageTitle":"Corrected indentations to comply with styleChecker.","messageBody":"","fileTypesAndContributionMap":{"functional-code":{"insertions":2,"deletions":2}}},{"hash":"05caae0baef496b8fd333a4a6fc6100df06d7172","messageTitle":"Enhanced block command to inform user of block dates","messageBody":"","fileTypesAndContributionMap":{"functional-code":{"insertions":12,"deletions":5}}},{"hash":"62fb0e809896583e0ac1196c21544f0a4b7fba7b","messageTitle":"Adjusted listing of serial numbers for each distinct date to always start from 1 to work with Sze Chun del code.","messageBody":"","fileTypesAndContributionMap":{"functional-code":{"insertions":6,"deletions":2}}},{"hash":"68d17b6d9af7d4908f1e4337a0b7de1480d960f4","messageTitle":"Replaced TreeMap with HashMap for improved add/remove O(1) time.","messageBody":"","fileTypesAndContributionMap":{"functional-code":{"insertions":4,"deletions":5}}},{"hash":"c345d6a3b4c928292a95ed132c984e8dc299dd7a","messageTitle":"Optimized HashMap memory for JustBook: - initial capacity \u003d 5, default load factor.","messageBody":"","fileTypesAndContributionMap":{"functional-code":{"insertions":1,"deletions":1}}},{"hash":"6ffbd5bf723db909886bc4abfb5e64c80b210620","messageTitle":"Update build.gradle","messageBody":"Enable assertions.","fileTypesAndContributionMap":{"other":{"insertions":1,"deletions":0}}},{"hash":"1b026aebaa5ab4b25457ffede3cf679fce42c6bb","messageTitle":"Rename Duke.java to JustBook.java for Team compliance.","messageBody":"Rename DukeTest.java to JustBookTest.java \u0026 created a JUnit 5 getStartDateTest test case.\n","fileTypesAndContributionMap":{"other":{"insertions":1,"deletions":1},"test-code":{"insertions":26,"deletions":12}}},{"hash":"85ac6457baf52d719da66145f2006270bf2b6bc9","messageTitle":"Corrected JustBookTest.java for styleChecker compliance.","messageBody":"","fileTypesAndContributionMap":{"test-code":{"insertions":3,"deletions":2}}}]},{"date":"2021-10-14","commitResults":[{"hash":"0c68c9bc8f169a064d5ba79c992c78825a4e813b","messageTitle":"Edited Gradle JUnit 5 latest version dependencies statements.","messageBody":"Changed build.gradle shadowJar naming strings.\n","fileTypesAndContributionMap":{"other":{"insertions":5,"deletions":4},"test-code":{"insertions":2,"deletions":0}}},{"hash":"8d23a6fe7d496370ec57b6a78e577e4f3ea1fd6c","messageTitle":"Created an amend booking description version of edit.","messageBody":"","fileTypesAndContributionMap":{"functional-code":{"insertions":47,"deletions":0}}},{"hash":"a333d87994c5728f2d36fea70bcdbc2f1db04ee2","messageTitle":"Edited JustBook.java edit command to comply with stylechecker.","messageBody":"","fileTypesAndContributionMap":{"functional-code":{"insertions":3,"deletions":3}}},{"hash":"ca21e36b9795cccee971ca2e06ff7c46d0e83463","messageTitle":"removed other styleChecker errors.","messageBody":"","fileTypesAndContributionMap":{"functional-code":{"insertions":3,"deletions":3}}},{"hash":"e5caf144e78d866d7098038391ed7206cc27b804","messageTitle":"Edited in the requisite output lines for the various CLI commands affected (User Guide v1.0).","messageBody":"","fileTypesAndContributionMap":{"functional-code":{"insertions":24,"deletions":16}}},{"hash":"bc335891ad9bfdacab6cd109886f362dfee162bd","messageTitle":"Rectified onSave() setting to no parameter needed.","messageBody":"Rectified expected.txt output for multiple inputs.\n","fileTypesAndContributionMap":{"functional-code":{"insertions":3,"deletions":3}}}]},{"date":"2021-10-15","commitResults":[{"hash":"64f30e7107f6b4580644c64f7ff097b4017838cd","messageTitle":"Introduce assert and logging statements to check for appointments size !\u003d0.","messageBody":"","fileTypesAndContributionMap":{"functional-code":{"insertions":19,"deletions":1}}},{"hash":"54586b808c883fda59689ee8febe09f08958a853","messageTitle":"Corrected assert styleChecker objection.","messageBody":"","fileTypesAndContributionMap":{"functional-code":{"insertions":1,"deletions":1}}},{"hash":"f75e0112defdd4b8faa6ec83be94d280abe49328","messageTitle":"Corrected del --all bug if-else statement.","messageBody":"","fileTypesAndContributionMap":{"functional-code":{"insertions":7,"deletions":6}}}]}],"yinyin377":[{"date":"2021-10-14","commitResults":[{"hash":"cab759f451568587682d0f338fa08951a005a5bc","messageTitle":"Commit SaveToFile","messageBody":"","fileTypesAndContributionMap":{"functional-code":{"insertions":52,"deletions":2}}},{"hash":"f99fbae7901a1c79311736688c855a57ce61bc83","messageTitle":"Commit SaveToFile","messageBody":"","fileTypesAndContributionMap":{"functional-code":{"insertions":8,"deletions":4}}},{"hash":"26123947e25b5c1cd3ff7eb2dfa60c649cb7d847","messageTitle":"Commit SaveToFile","messageBody":"","fileTypesAndContributionMap":{"functional-code":{"insertions":5,"deletions":0}}},{"hash":"b266ecf841dcb0df5ad3737c9df12fe73a1f8b62","messageTitle":"Commit SaveToFile","messageBody":"","fileTypesAndContributionMap":{"functional-code":{"insertions":3,"deletions":1}}},{"hash":"2ee0b592755947193ffb0a4b8d7b64e69ffb8cf1","messageTitle":"Commit SaveToFile","messageBody":"","fileTypesAndContributionMap":{"functional-code":{"insertions":2,"deletions":4}}},{"hash":"2f2da33a0de8edc8d7c8c5f23a68f559db42356a","messageTitle":"Commit SaveToFile","messageBody":"","fileTypesAndContributionMap":{"functional-code":{"insertions":2,"deletions":2}}},{"hash":"3d7f84c418b7372b50d3ed67b3cc395fb80da2ba","messageTitle":"Commit SaveToFile","messageBody":"","fileTypesAndContributionMap":{"functional-code":{"insertions":1,"deletions":1}}},{"hash":"d8de12a00dd5d8249a5e6d147a983edff2e7ecba","messageTitle":"Commit SaveToFile","messageBody":"","fileTypesAndContributionMap":{"functional-code":{"insertions":2,"deletions":2}}},{"hash":"042b97487987c4f69846e745941e687f025709eb","messageTitle":"Commit SaveToFile","messageBody":"","fileTypesAndContributionMap":{"functional-code":{"insertions":2,"deletions":2}}},{"hash":"891117b6294b6a657d712215b83189330bc921b5","messageTitle":"Commit SaveToFile","messageBody":"","fileTypesAndContributionMap":{"functional-code":{"insertions":4,"deletions":0}}},{"hash":"c6a97be6fbfcd3a8070c31fa5573cf721798dc5e","messageTitle":"Commit SaveToFile","messageBody":"","fileTypesAndContributionMap":{"functional-code":{"insertions":1,"deletions":0}}},{"hash":"7934a00c82af85193f2f6f96d8f01e1255ce972f","messageTitle":"Commit SaveToFile","messageBody":"","fileTypesAndContributionMap":{"functional-code":{"insertions":1,"deletions":1}}},{"hash":"9070f3365fbc544d5066ec20eb2f887a5b254162","messageTitle":"Commit SaveToFile","messageBody":"","fileTypesAndContributionMap":{"functional-code":{"insertions":10,"deletions":2}}},{"hash":"c8932b2bde04599d25f86995eed80dac29d65d04","messageTitle":"Commit SaveToFile","messageBody":"","fileTypesAndContributionMap":{"functional-code":{"insertions":1,"deletions":1}}},{"hash":"781b67b7d48dd06f7824c594f9c81cd51f7f5cdd","messageTitle":"Commit SaveToFile","messageBody":"","fileTypesAndContributionMap":{"functional-code":{"insertions":2,"deletions":2}}}]},{"date":"2021-10-19","commitResults":[{"hash":"09cc8ca7703625aea158754781be119e8ce74770","messageTitle":"path of file storage","messageBody":"","fileTypesAndContributionMap":{"functional-code":{"insertions":2,"deletions":2}}}]}],"hana-oxy":[],"zcnmashleu95":[{"date":"2021-10-12","commitResults":[{"hash":"562ef90561b405682e7624edddd0f5c2fe752618","messageTitle":"Add delete command and help command","messageBody":"","fileTypesAndContributionMap":{"functional-code":{"insertions":51,"deletions":1},"other":{"insertions":6,"deletions":6}}},{"hash":"b2a669bee5cac6dd1da634f4d2fe52115a1e330c","messageTitle":"Change main file to JustBook. Fix bugs","messageBody":"","fileTypesAndContributionMap":{"functional-code":{"insertions":72,"deletions":58}}}]},{"date":"2021-10-13","commitResults":[{"hash":"c0078f039a28c96cec65eb823d30c75598e5483f","messageTitle":"Touchup Help","messageBody":"","fileTypesAndContributionMap":{"functional-code":{"insertions":2,"deletions":1}}},{"hash":"930272c2adee35191571edcc74ec39dc9f0f8078","messageTitle":"Fix indentation","messageBody":"","fileTypesAndContributionMap":{"functional-code":{"insertions":54,"deletions":54}}},{"hash":"42fbb6b0f6619313ce0c8dd33d6693c151c2dc4a","messageTitle":"Fix Help","messageBody":"","fileTypesAndContributionMap":{"functional-code":{"insertions":5,"deletions":5}}},{"hash":"ccca785fec06a6251a8bdcbafc7d11ad6a6dc01f","messageTitle":"Fix Justbook","messageBody":"","fileTypesAndContributionMap":{"functional-code":{"insertions":3,"deletions":6}}},{"hash":"f9bef8e91c57b51aeb8655d085d568195a9d2382","messageTitle":"Fix text5","messageBody":"","fileTypesAndContributionMap":{"other":{"insertions":1,"deletions":0}}},{"hash":"07976c530eb82e88a68f8e50cb8cb67313fe19b8","messageTitle":"Fix text-ui","messageBody":"","fileTypesAndContributionMap":{"functional-code":{"insertions":2,"deletions":1},"other":{"insertions":1,"deletions":1}}},{"hash":"414f5b7b3e56f1762cb5d92ebe59c754a64e444c","messageTitle":"Modify Text","messageBody":"","fileTypesAndContributionMap":{"functional-code":{"insertions":3,"deletions":3}}},{"hash":"0f1d5300e90d797bd44125c1acee9a6f09bdca99","messageTitle":"Fix gradle","messageBody":"","fileTypesAndContributionMap":{"other":{"insertions":2,"deletions":2}}},{"hash":"91f3c89324cd2524cb8826ab33dab9f91992b46d","messageTitle":"Fix text again","messageBody":"","fileTypesAndContributionMap":{"functional-code":{"insertions":3,"deletions":3}}},{"hash":"aff1b16fc102acec1655e8485215f647aa320361","messageTitle":"Fix text","messageBody":"","fileTypesAndContributionMap":{"functional-code":{"insertions":3,"deletions":3}}},{"hash":"7a47aa2ad5b41f354dffbcad2ab795dc7beb1b4e","messageTitle":"Fix gradle","messageBody":"","fileTypesAndContributionMap":{"other":{"insertions":1,"deletions":1}}},{"hash":"75d9f108293679c808ba48e6bc5ede9c59130b67","messageTitle":"Changing runtest","messageBody":"","fileTypesAndContributionMap":{"other":{"insertions":2,"deletions":3}}}]},{"date":"2021-10-14","commitResults":[{"hash":"93ea18644f3fc0014c0c76a8f20c3440a5367693","messageTitle":"Changing gradle","messageBody":"","fileTypesAndContributionMap":{"functional-code":{"insertions":0,"deletions":1},"other":{"insertions":7,"deletions":6}}},{"hash":"9517b9b1b4a0adb24b1b6baf507c3ccc699ab120","messageTitle":"Try 6.2 gradle","messageBody":"","fileTypesAndContributionMap":{"other":{"insertions":10,"deletions":9}}},{"hash":"b918f3919b044af7f1272342157daf990ce872c0","messageTitle":"Modify text and Help","messageBody":"","fileTypesAndContributionMap":{"functional-code":{"insertions":25,"deletions":14},"other":{"insertions":1,"deletions":1}}}]}]},"authorFileTypeContributionMap":{"gweeyc":{"docs":13,"functional-code":265,"test-code":27,"other":6},"yinyin377":{"docs":0,"functional-code":71,"test-code":0},"hana-oxy":{"docs":0,"functional-code":0,"test-code":0},"zcnmashleu95":{"docs":0,"functional-code":76,"test-code":1,"other":3}},"authorContributionVariance":{"gweeyc":1772.8557,"yinyin377":422.72906,"hana-oxy":0.0,"zcnmashleu95":1959.2582},"authorDisplayNameMap":{"gweeyc":"TIC4001-F18-4 GWEE..CHAI","yinyin377":"TIC4001-F18-4 LIM .. YIN","hana-oxy":"TIC4001-F18-4 OEI ..NNAH","zcnmashleu95":"TIC4001-F18-4 LAM ..CHUN"}}
