{"authorDailyContributionsMap":{"gweeyc":[{"date":"2021-09-28","commitResults":[{"hash":"b8214215974b9f640a75657ef6126a64e7bbd474","messageTitle":"Update README.md","messageBody":"Edit product name","fileTypesAndContributionMap":{"docs":{"insertions":1,"deletions":1}}}]},{"date":"2021-09-30","commitResults":[{"hash":"8677cde3bb39f780bf8635a97edee99eda482f59","messageTitle":"Update UserGuide.md","messageBody":"test github actions out","fileTypesAndContributionMap":{"docs":{"insertions":1,"deletions":1}}}]}],"yinyin377":[],"hana-oxy":[],"zcnmashleu95":[]},"authorFileTypeContributionMap":{"gweeyc":{"docs":2,"functional-code":0,"test-code":0},"yinyin377":{"docs":0,"functional-code":0,"test-code":0},"hana-oxy":{"docs":0,"functional-code":0,"test-code":0},"zcnmashleu95":{"docs":0,"functional-code":0,"test-code":0}},"authorContributionVariance":{"gweeyc":0.48979595,"yinyin377":0.0,"hana-oxy":0.0,"zcnmashleu95":0.0},"authorDisplayNameMap":{"gweeyc":"TIC4001-F18-4 GWEE..CHAI","yinyin377":"TIC4001-F18-4 LIM .. YIN","hana-oxy":"TIC4001-F18-4 OEI ..NNAH","zcnmashleu95":"TIC4001-F18-4 LAM ..CHUN"}}
