{"authorDailyContributionsMap":{"gweeyc":[{"date":"2021-09-28","commitResults":[{"hash":"b8214215974b9f640a75657ef6126a64e7bbd474","messageTitle":"Update README.md","messageBody":"Edit product name","fileTypesAndContributionMap":{"docs":{"insertions":1,"deletions":1}}}]},{"date":"2021-09-29","commitResults":[{"hash":"6896de8a1510de68e3b4f76b912f42726d742b82","messageTitle":"Test out Github Actions","messageBody":"","fileTypesAndContributionMap":{"docs":{"insertions":1,"deletions":1}}}]},{"date":"2021-09-30","commitResults":[{"hash":"24e058f9afd2ea8a12a706c7ca656f01ce8ce94b","messageTitle":"test out github actions","messageBody":"","fileTypesAndContributionMap":{"docs":{"insertions":1,"deletions":1}}}]},{"date":"2021-10-08","commitResults":[{"hash":"9ed5882a5836a3ced01ea3cbea43347aacde5886","messageTitle":"Created branch add-AlvinGwee-info to test first PR to team repo","messageBody":"","fileTypesAndContributionMap":{"docs":{"insertions":10,"deletions":0}}},{"hash":"0b80ad35e6e2ea71769e08f3ee4317fda2b0631e","messageTitle":"Created a proof-of-concept of JustBook App template for team discussions","messageBody":"","fileTypesAndContributionMap":{"functional-code":{"insertions":105,"deletions":1}}},{"hash":"a070b1aad2a494caaff9fd77c5887f0b167f9fb6","messageTitle":"add Guava dependencies in build.gradle","messageBody":"","fileTypesAndContributionMap":{"other":{"insertions":1,"deletions":0}}}]},{"date":"2021-10-09","commitResults":[{"hash":"5caadc22225a26410209683384816f6a579ca09c","messageTitle":"Improve on display of appointments listing.","messageBody":"Alter format to allow for single digit inputs for dates.\n","fileTypesAndContributionMap":{"functional-code":{"insertions":21,"deletions":14}}},{"hash":"17c6734384b4755eeeb2cdea0b8fc1db785ef10b","messageTitle":"Corrected for styleChecker","messageBody":"","fileTypesAndContributionMap":{"functional-code":{"insertions":29,"deletions":34}}},{"hash":"fc77c2ee82918475bc0038f475a77aae17eea202","messageTitle":"corrected for empty if blocks style","messageBody":"","fileTypesAndContributionMap":{"functional-code":{"insertions":3,"deletions":2}}},{"hash":"cc881d066301d005305b0d0eb68498084b4f918f","messageTitle":"adjusted some test file output check","messageBody":"","fileTypesAndContributionMap":{"functional-code":{"insertions":2,"deletions":3}}}]},{"date":"2021-10-11","commitResults":[{"hash":"84878a97281688d861ae839a131a5e99c7684514","messageTitle":"Completed the MVP version of show -all, date \u0026 add bookings.","messageBody":"","fileTypesAndContributionMap":{"functional-code":{"insertions":64,"deletions":27}}},{"hash":"243428d7db129e43ef91e982162448661148ecb2","messageTitle":"Corrected for styleChecker compliance","messageBody":"","fileTypesAndContributionMap":{"functional-code":{"insertions":8,"deletions":8}}}]},{"date":"2021-10-12","commitResults":[{"hash":"5aaf9b0ed9569da224548f89bb3df6eedbce38c1","messageTitle":"Fixed localDateTime formatter bug in Duke to allow for AM/PM \u0026 ISO standards input.","messageBody":"","fileTypesAndContributionMap":{"functional-code":{"insertions":8,"deletions":5}}},{"hash":"f9954453cda3e40230712c84a3c68355e34cd044","messageTitle":"Corrected text-u-test bug from changed Duke startup code.","messageBody":"","fileTypesAndContributionMap":{"other":{"insertions":2,"deletions":1}}}]},{"date":"2021-10-13","commitResults":[{"hash":"1a936436e9e2f737b944001692a4adee304ff1b9","messageTitle":"Implemented the block and unblock CLI commands support code structure.","messageBody":"","fileTypesAndContributionMap":{"functional-code":{"insertions":45,"deletions":8}}},{"hash":"ade50e30094de4142250a6cbcffd262a564f256f","messageTitle":"Corrected indentations to comply with styleChecker.","messageBody":"","fileTypesAndContributionMap":{"functional-code":{"insertions":2,"deletions":2}}},{"hash":"05caae0baef496b8fd333a4a6fc6100df06d7172","messageTitle":"Enhanced block command to inform user of block dates","messageBody":"","fileTypesAndContributionMap":{"functional-code":{"insertions":12,"deletions":5}}},{"hash":"62fb0e809896583e0ac1196c21544f0a4b7fba7b","messageTitle":"Adjusted listing of serial numbers for each distinct date to always start from 1 to work with Sze Chun del code.","messageBody":"","fileTypesAndContributionMap":{"functional-code":{"insertions":6,"deletions":2}}},{"hash":"68d17b6d9af7d4908f1e4337a0b7de1480d960f4","messageTitle":"Replaced TreeMap with HashMap for improved add/remove O(1) time.","messageBody":"","fileTypesAndContributionMap":{"functional-code":{"insertions":4,"deletions":5}}},{"hash":"c345d6a3b4c928292a95ed132c984e8dc299dd7a","messageTitle":"Optimized HashMap memory for JustBook: - initial capacity \u003d 5, default load factor.","messageBody":"","fileTypesAndContributionMap":{"functional-code":{"insertions":1,"deletions":1}}},{"hash":"6ffbd5bf723db909886bc4abfb5e64c80b210620","messageTitle":"Update build.gradle","messageBody":"Enable assertions.","fileTypesAndContributionMap":{"other":{"insertions":1,"deletions":0}}},{"hash":"1b026aebaa5ab4b25457ffede3cf679fce42c6bb","messageTitle":"Rename Duke.java to JustBook.java for Team compliance.","messageBody":"Rename DukeTest.java to JustBookTest.java \u0026 created a JUnit 5 getStartDateTest test case.\n","fileTypesAndContributionMap":{"other":{"insertions":1,"deletions":1},"test-code":{"insertions":26,"deletions":12}}},{"hash":"85ac6457baf52d719da66145f2006270bf2b6bc9","messageTitle":"Corrected JustBookTest.java for styleChecker compliance.","messageBody":"","fileTypesAndContributionMap":{"test-code":{"insertions":3,"deletions":2}}}]},{"date":"2021-10-14","commitResults":[{"hash":"0c68c9bc8f169a064d5ba79c992c78825a4e813b","messageTitle":"Edited Gradle JUnit 5 latest version dependencies statements.","messageBody":"Changed build.gradle shadowJar naming strings.\n","fileTypesAndContributionMap":{"other":{"insertions":5,"deletions":4},"test-code":{"insertions":2,"deletions":0}}},{"hash":"8d23a6fe7d496370ec57b6a78e577e4f3ea1fd6c","messageTitle":"Created an amend booking description version of edit.","messageBody":"","fileTypesAndContributionMap":{"functional-code":{"insertions":47,"deletions":0}}},{"hash":"a333d87994c5728f2d36fea70bcdbc2f1db04ee2","messageTitle":"Edited JustBook.java edit command to comply with stylechecker.","messageBody":"","fileTypesAndContributionMap":{"functional-code":{"insertions":3,"deletions":3}}},{"hash":"ca21e36b9795cccee971ca2e06ff7c46d0e83463","messageTitle":"removed other styleChecker errors.","messageBody":"","fileTypesAndContributionMap":{"functional-code":{"insertions":3,"deletions":3}}},{"hash":"e5caf144e78d866d7098038391ed7206cc27b804","messageTitle":"Edited in the requisite output lines for the various CLI commands affected (User Guide v1.0).","messageBody":"","fileTypesAndContributionMap":{"functional-code":{"insertions":24,"deletions":16}}},{"hash":"bc335891ad9bfdacab6cd109886f362dfee162bd","messageTitle":"Rectified onSave() setting to no parameter needed.","messageBody":"Rectified expected.txt output for multiple inputs.\n","fileTypesAndContributionMap":{"functional-code":{"insertions":3,"deletions":3}}}]},{"date":"2021-10-15","commitResults":[{"hash":"64f30e7107f6b4580644c64f7ff097b4017838cd","messageTitle":"Introduce assert and logging statements to check for appointments size !\u003d0.","messageBody":"","fileTypesAndContributionMap":{"functional-code":{"insertions":19,"deletions":1}}},{"hash":"54586b808c883fda59689ee8febe09f08958a853","messageTitle":"Corrected assert styleChecker objection.","messageBody":"","fileTypesAndContributionMap":{"functional-code":{"insertions":1,"deletions":1}}},{"hash":"f75e0112defdd4b8faa6ec83be94d280abe49328","messageTitle":"Corrected del --all bug if-else statement.","messageBody":"","fileTypesAndContributionMap":{"functional-code":{"insertions":7,"deletions":6}}}]},{"date":"2021-10-20","commitResults":[{"hash":"7ec815469e04226a9c9fcc460717204c88b825e2","messageTitle":"1st refactoring of add command.","messageBody":"Created AddCommand Class.\n","fileTypesAndContributionMap":{"functional-code":{"insertions":43,"deletions":13}}},{"hash":"d5691e702f826b9d84fb5715859f4cb5e7bb82e8","messageTitle":"Corrected one variable definition per line issue.","messageBody":"","fileTypesAndContributionMap":{"functional-code":{"insertions":2,"deletions":1}}},{"hash":"e5eb9b6f71a8e7262a201f90d9b27fd0bc760446","messageTitle":"Corrected expected.txt and actual.txt errors.","messageBody":"","fileTypesAndContributionMap":{"other":{"insertions":2,"deletions":1}}},{"hash":"8ebbcd0d05e37e8951be4b4795ec95950f9b6980","messageTitle":"Refactor the block and unblock commands into one method.","messageBody":"","fileTypesAndContributionMap":{"functional-code":{"insertions":22,"deletions":19}}},{"hash":"414dfd63ea43b2bfa8a4bab1b3884ea0383fe364","messageTitle":"Corrected style to comply with styleChecker.","messageBody":"","fileTypesAndContributionMap":{"functional-code":{"insertions":2,"deletions":2}}}]},{"date":"2021-10-21","commitResults":[{"hash":"01199efe9ab89ee195e73c33333e86f13d6dacec","messageTitle":"Completed new show \u003cweekends\u003e command.","messageBody":"","fileTypesAndContributionMap":{"functional-code":{"insertions":53,"deletions":6}}},{"hash":"91ce88b4c57455593ca93eace9fcd26dd47fffd3","messageTitle":"Corrected for styleChecker compliance as stipulated.","messageBody":"","fileTypesAndContributionMap":{"functional-code":{"insertions":3,"deletions":3}}},{"hash":"0f3d04cd6e69e9a70b5608515a1e3de91f117349","messageTitle":"Corrected date format to 24 hr pattern as am/pm pattern troublesome.","messageBody":"Improved AddCommand Class code and add case code.\n","fileTypesAndContributionMap":{"functional-code":{"insertions":24,"deletions":11}}},{"hash":"d8d8ee05c8413a4aadc08eb93165fe57ae05c1a1","messageTitle":"Corrected actual and expected text files differences.","messageBody":"","fileTypesAndContributionMap":{"other":{"insertions":1,"deletions":2}}},{"hash":"3435bab993352ea944eac27216fc37ae47e7cc8f","messageTitle":"Update README.md","messageBody":"Change Duke title to JustBook","fileTypesAndContributionMap":{"docs":{"insertions":1,"deletions":1}}},{"hash":"fef378b4355e1ef0a2e11b21bfffe61d31283936","messageTitle":"Refactor more JustBook show code","messageBody":"Remove unneeded while loop wrapping onSave() method\n","fileTypesAndContributionMap":{"functional-code":{"insertions":60,"deletions":59}}}]},{"date":"2021-10-22","commitResults":[{"hash":"21cfdd28d536c57423c0dd4190fa47de27b6d3e0","messageTitle":"Clean up codes \u0026 add helpful comments","messageBody":"","fileTypesAndContributionMap":{"functional-code":{"insertions":3,"deletions":3}}},{"hash":"b1038f795c96678b9a106dc9fbb2d73a0e004173","messageTitle":"edited style to conform to checker","messageBody":"","fileTypesAndContributionMap":{"functional-code":{"insertions":1,"deletions":0}}},{"hash":"447e6bb07e80ed26302a91481412953589aa5601","messageTitle":"Update UserInterface.java","messageBody":"edited style for compliance","fileTypesAndContributionMap":{"functional-code":{"insertions":1,"deletions":2}}},{"hash":"65483aed22ebe4b9175ea0f84b473347ffebbf10","messageTitle":"Create DeveloperGuide.md","messageBody":"All the sections first version done up, except for Target user Profile, Value Proposition, User Stories","fileTypesAndContributionMap":{"docs":{"insertions":30,"deletions":42}}},{"hash":"129da69a7555ae5588bfb30b5c78863c54d27a5d","messageTitle":"Update DeveloperGuide.md","messageBody":"Edited User stories and added Team into Acknowledgements","fileTypesAndContributionMap":{"docs":{"insertions":15,"deletions":9}}},{"hash":"0d968e8b8773833171d23faece491ddaedf9c35f","messageTitle":"Update DeveloperGuide.md","messageBody":"Removed duplicates, add in block user story and clean up expressions","fileTypesAndContributionMap":{"docs":{"insertions":4,"deletions":4}}}]},{"date":"2021-10-27","commitResults":[{"hash":"a4389a673c5ed151f7138149ba8f011469e178b2","messageTitle":"Edited first add command sample in User Guide","messageBody":"","fileTypesAndContributionMap":{"docs":{"insertions":13,"deletions":14}}}]},{"date":"2021-10-28","commitResults":[{"hash":"6318f21ffb89ee1bdfa80cabdf8329ac2a67f6c3","messageTitle":"Minor edit to Date Time formatting style.","messageBody":"","fileTypesAndContributionMap":{"docs":{"insertions":1,"deletions":1}}},{"hash":"8f0cd7f2e42c57955ce0fb51c58fceee724f0952","messageTitle":"Filled in my created commands under the respective User Guide sections.","messageBody":"","fileTypesAndContributionMap":{"docs":{"insertions":109,"deletions":3}}}]},{"date":"2021-10-29","commitResults":[{"hash":"5eae5c6e91d79cfa0343411112e0244d9c071b9f","messageTitle":"Corrected some wrong heading.","messageBody":"Added all the other created commands (mine).\n","fileTypesAndContributionMap":{"docs":{"insertions":25,"deletions":17}}},{"hash":"4b39cf1ad34fa17d1826d093ada145ab6b534542","messageTitle":"Edited UG to better headers styling.","messageBody":"","fileTypesAndContributionMap":{"docs":{"insertions":18,"deletions":18}}},{"hash":"1e0b0e90dd57fa87284309f2ca3e58fc301768d8","messageTitle":"Add an underline to example usage heading.","messageBody":"","fileTypesAndContributionMap":{"docs":{"insertions":10,"deletions":10}}},{"hash":"cf2d9d1e10487b5bbfc84d8c457395a511c9de06","messageTitle":"Reposition the \u003cins\u003e tag to display right in HTML.","messageBody":"","fileTypesAndContributionMap":{"docs":{"insertions":9,"deletions":9}}}]},{"date":"2021-10-31","commitResults":[{"hash":"b6501393d0399f506bd5337957177fe7c83ee9c9","messageTitle":"Added exception handlings for the files.","messageBody":"Corrected UG mistakes for `delete` command.\n\nReorder the JustBook.java helper methods.\n","fileTypesAndContributionMap":{"functional-code":{"insertions":171,"deletions":134},"docs":{"insertions":23,"deletions":22}}},{"hash":"f77a1c88c23cb68909c27fff3785dd84e4563468","messageTitle":"Corrected AddCommand constructor style for compliance.","messageBody":"","fileTypesAndContributionMap":{"functional-code":{"insertions":1,"deletions":1}}},{"hash":"551db30d3c8aa360399853ec45606f3ae6fd2489","messageTitle":"Corrected input.txt and expected.txt dissonance.","messageBody":"Change \u0027yyyy\u0027 to \u0027uuuu\u0027 for ResolverStyle.STRICT use.\n","fileTypesAndContributionMap":{"functional-code":{"insertions":2,"deletions":2},"other":{"insertions":1,"deletions":3}}},{"hash":"e4d42a9cc501fa7fa02246347a1f9ad5f779d42c","messageTitle":"Added append write to AddCommand.java file.","messageBody":"Added a new CLI command `undel a` to fully restore online database if deleted previously.\n","fileTypesAndContributionMap":{"functional-code":{"insertions":29,"deletions":3}}},{"hash":"50a7a8acd88f1a47e1be70f03d8b201a5056ee20","messageTitle":"Updated UG with the new undelete command.","messageBody":"","fileTypesAndContributionMap":{"docs":{"insertions":13,"deletions":0}}}]},{"date":"2021-11-01","commitResults":[{"hash":"63f77bd5afe6810d14c2a7d520661176cd2286d5","messageTitle":"Created 2 JUnit JustBookTests.","messageBody":"","fileTypesAndContributionMap":{"functional-code":{"insertions":9,"deletions":4},"test-code":{"insertions":58,"deletions":10}}}]},{"date":"2021-11-02","commitResults":[{"hash":"dae6493d3ba9f3895bdf7db1deb61113062ec4d6","messageTitle":"Created Better JUnit tests in JustBookTest.java.","messageBody":"","fileTypesAndContributionMap":{"functional-code":{"insertions":1,"deletions":1},"test-code":{"insertions":32,"deletions":35}}}]},{"date":"2021-11-03","commitResults":[{"hash":"039340f73dacde5e05944c47eeebad209f559720","messageTitle":"Created the PPP gweeyc.md file.","messageBody":"","fileTypesAndContributionMap":{"docs":{"insertions":56,"deletions":16}}}]},{"date":"2021-11-05","commitResults":[{"hash":"7a16c33401d9d6b27a2414f604131f57ba29bd26","messageTitle":"Updated DG \u0026 finished PPP.","messageBody":"","fileTypesAndContributionMap":{"docs":{"insertions":25,"deletions":23}}}]},{"date":"2021-11-06","commitResults":[{"hash":"6666d5cce3af53820a848c946d8c987256c7ae40","messageTitle":"Added DG diagrams and personal contributions for show weekends command.","messageBody":"","fileTypesAndContributionMap":{"docs":{"insertions":53,"deletions":6}}},{"hash":"dd70dfb2110d6389acbc8b59eb06768fc568eb38","messageTitle":"Corrected Header spacing error","messageBody":"","fileTypesAndContributionMap":{"docs":{"insertions":3,"deletions":2}}},{"hash":"0475b86f82c0a47ffec0039d6b02405b6aaaf164","messageTitle":"Edited the spacing for Design considerations header.","messageBody":"","fileTypesAndContributionMap":{"docs":{"insertions":1,"deletions":1}}}]},{"date":"2021-11-08","commitResults":[{"hash":"7776b458ad745f551a979927fecd05624f1c1670","messageTitle":"Modified JustBook Seq Diagram with return dotted line.","messageBody":"","fileTypesAndContributionMap":{"docs":{"insertions":1,"deletions":1}}}]}],"yinyin377":[{"date":"2021-10-14","commitResults":[{"hash":"cab759f451568587682d0f338fa08951a005a5bc","messageTitle":"Commit SaveToFile","messageBody":"","fileTypesAndContributionMap":{"functional-code":{"insertions":52,"deletions":2}}},{"hash":"f99fbae7901a1c79311736688c855a57ce61bc83","messageTitle":"Commit SaveToFile","messageBody":"","fileTypesAndContributionMap":{"functional-code":{"insertions":8,"deletions":4}}},{"hash":"26123947e25b5c1cd3ff7eb2dfa60c649cb7d847","messageTitle":"Commit SaveToFile","messageBody":"","fileTypesAndContributionMap":{"functional-code":{"insertions":5,"deletions":0}}},{"hash":"b266ecf841dcb0df5ad3737c9df12fe73a1f8b62","messageTitle":"Commit SaveToFile","messageBody":"","fileTypesAndContributionMap":{"functional-code":{"insertions":3,"deletions":1}}},{"hash":"2ee0b592755947193ffb0a4b8d7b64e69ffb8cf1","messageTitle":"Commit SaveToFile","messageBody":"","fileTypesAndContributionMap":{"functional-code":{"insertions":2,"deletions":4}}},{"hash":"2f2da33a0de8edc8d7c8c5f23a68f559db42356a","messageTitle":"Commit SaveToFile","messageBody":"","fileTypesAndContributionMap":{"functional-code":{"insertions":2,"deletions":2}}},{"hash":"3d7f84c418b7372b50d3ed67b3cc395fb80da2ba","messageTitle":"Commit SaveToFile","messageBody":"","fileTypesAndContributionMap":{"functional-code":{"insertions":1,"deletions":1}}},{"hash":"d8de12a00dd5d8249a5e6d147a983edff2e7ecba","messageTitle":"Commit SaveToFile","messageBody":"","fileTypesAndContributionMap":{"functional-code":{"insertions":2,"deletions":2}}},{"hash":"042b97487987c4f69846e745941e687f025709eb","messageTitle":"Commit SaveToFile","messageBody":"","fileTypesAndContributionMap":{"functional-code":{"insertions":2,"deletions":2}}},{"hash":"891117b6294b6a657d712215b83189330bc921b5","messageTitle":"Commit SaveToFile","messageBody":"","fileTypesAndContributionMap":{"functional-code":{"insertions":4,"deletions":0}}},{"hash":"c6a97be6fbfcd3a8070c31fa5573cf721798dc5e","messageTitle":"Commit SaveToFile","messageBody":"","fileTypesAndContributionMap":{"functional-code":{"insertions":1,"deletions":0}}},{"hash":"7934a00c82af85193f2f6f96d8f01e1255ce972f","messageTitle":"Commit SaveToFile","messageBody":"","fileTypesAndContributionMap":{"functional-code":{"insertions":1,"deletions":1}}},{"hash":"9070f3365fbc544d5066ec20eb2f887a5b254162","messageTitle":"Commit SaveToFile","messageBody":"","fileTypesAndContributionMap":{"functional-code":{"insertions":10,"deletions":2}}},{"hash":"c8932b2bde04599d25f86995eed80dac29d65d04","messageTitle":"Commit SaveToFile","messageBody":"","fileTypesAndContributionMap":{"functional-code":{"insertions":1,"deletions":1}}},{"hash":"781b67b7d48dd06f7824c594f9c81cd51f7f5cdd","messageTitle":"Commit SaveToFile","messageBody":"","fileTypesAndContributionMap":{"functional-code":{"insertions":2,"deletions":2}}}]},{"date":"2021-10-19","commitResults":[{"hash":"09cc8ca7703625aea158754781be119e8ce74770","messageTitle":"path of file storage","messageBody":"","fileTypesAndContributionMap":{"functional-code":{"insertions":2,"deletions":2}}}]},{"date":"2021-10-22","commitResults":[{"hash":"84e370869fa526c5b0fdae58ae020285f19c03c6","messageTitle":"Update DeveloperGuide.md","messageBody":"","fileTypesAndContributionMap":{"docs":{"insertions":35,"deletions":4}}},{"hash":"f19b29464e90c7d23d0ba4ec07ca54139d227ec9","messageTitle":"Update DeveloperGuide.md","messageBody":"","fileTypesAndContributionMap":{"docs":{"insertions":35,"deletions":4}}},{"hash":"536c58a68372667b48bc3d8f4119ad77bc95f72e","messageTitle":"Update DeveloperGuide.md","messageBody":"","fileTypesAndContributionMap":{"docs":{"insertions":0,"deletions":4}}},{"hash":"6fdd39a42cb7d52c78aa94ea3ce0679ff3a3416c","messageTitle":"Update DeveloperGuide.md","messageBody":"","fileTypesAndContributionMap":{"docs":{"insertions":3,"deletions":3}}},{"hash":"3a182ef84ac1747a9cb1217c1f8312dd30a11b1b","messageTitle":"Update DeveloperGuide.md","messageBody":"updated Target user profile,Value proposition,User Stories,Non-Functional Requirements,Instructions for manual testing","fileTypesAndContributionMap":{"docs":{"insertions":8,"deletions":0}}},{"hash":"73f23c1efe786374ccb496cb844da681c0611349","messageTitle":"Update DeveloperGuide.md","messageBody":"","fileTypesAndContributionMap":{"docs":{"insertions":28,"deletions":5}}},{"hash":"d8d30bccf221ad3fe987d8bbb710db6344ac082d","messageTitle":"Update DeveloperGuide.md","messageBody":"","fileTypesAndContributionMap":{"docs":{"insertions":2,"deletions":2}}},{"hash":"c36a184c2e7ab9def9de12011fe0e11b1d2e3987","messageTitle":"Update DeveloperGuide.md","messageBody":"","fileTypesAndContributionMap":{"docs":{"insertions":4,"deletions":1}}},{"hash":"d872da5f3037886f019249d1443d7d1bb2eb50a4","messageTitle":"Update DeveloperGuide.md","messageBody":"","fileTypesAndContributionMap":{"docs":{"insertions":1,"deletions":1}}},{"hash":"87246d1e72ee1c879339a6f755b0f13ab9c36c2d","messageTitle":"Update DeveloperGuide.md","messageBody":"","fileTypesAndContributionMap":{"docs":{"insertions":2,"deletions":1}}}]},{"date":"2021-10-28","commitResults":[{"hash":"2c1e4b4aea98741fa625b2d84cdd7266eecb57eb","messageTitle":"include delete range","messageBody":"","fileTypesAndContributionMap":{"functional-code":{"insertions":30,"deletions":0}}},{"hash":"e2a9a2ac6f796f6b08cdf920ffef0bc7431502d2","messageTitle":"include delete range","messageBody":"","fileTypesAndContributionMap":{"functional-code":{"insertions":1,"deletions":2}}},{"hash":"2093fa83e020e6aa10206c15f713a4dcc17425dc","messageTitle":"include delete range","messageBody":"","fileTypesAndContributionMap":{"functional-code":{"insertions":1,"deletions":1}}},{"hash":"d77dff55e626e2456201450eb81c845d996358e6","messageTitle":"include show range","messageBody":"","fileTypesAndContributionMap":{"functional-code":{"insertions":39,"deletions":6}}},{"hash":"9094b2b43618c34ec5eb93be7ef004ebcab9adc1","messageTitle":"include show range","messageBody":"","fileTypesAndContributionMap":{"functional-code":{"insertions":3,"deletions":3}}},{"hash":"3e418e4c9383c9c1b5de6f2ec527e12cbe794eec","messageTitle":"include show range","messageBody":"","fileTypesAndContributionMap":{"functional-code":{"insertions":2,"deletions":2}}},{"hash":"07070e641a950633ac101d428abc48e6647eaffe","messageTitle":"Update UserGuide for show range, delete range, save command","messageBody":"","fileTypesAndContributionMap":{"docs":{"insertions":14,"deletions":2}}}]}],"hana-oxy":[{"date":"2021-10-22","commitResults":[{"hash":"d0bc67c7e7c70b5aca4f2a566e81da0544745b1e","messageTitle":"Create UserInterface.java","messageBody":"","tags":["v2.0"],"fileTypesAndContributionMap":{"functional-code":{"insertions":51,"deletions":0}}}]}],"zcnmashleu95":[{"date":"2021-10-12","commitResults":[{"hash":"562ef90561b405682e7624edddd0f5c2fe752618","messageTitle":"Add delete command and help command","messageBody":"","fileTypesAndContributionMap":{"functional-code":{"insertions":51,"deletions":1},"other":{"insertions":6,"deletions":6}}},{"hash":"b2a669bee5cac6dd1da634f4d2fe52115a1e330c","messageTitle":"Change main file to JustBook. Fix bugs","messageBody":"","fileTypesAndContributionMap":{"functional-code":{"insertions":72,"deletions":58}}}]},{"date":"2021-10-13","commitResults":[{"hash":"c0078f039a28c96cec65eb823d30c75598e5483f","messageTitle":"Touchup Help","messageBody":"","fileTypesAndContributionMap":{"functional-code":{"insertions":2,"deletions":1}}},{"hash":"930272c2adee35191571edcc74ec39dc9f0f8078","messageTitle":"Fix indentation","messageBody":"","fileTypesAndContributionMap":{"functional-code":{"insertions":54,"deletions":54}}},{"hash":"42fbb6b0f6619313ce0c8dd33d6693c151c2dc4a","messageTitle":"Fix Help","messageBody":"","fileTypesAndContributionMap":{"functional-code":{"insertions":5,"deletions":5}}},{"hash":"ccca785fec06a6251a8bdcbafc7d11ad6a6dc01f","messageTitle":"Fix Justbook","messageBody":"","fileTypesAndContributionMap":{"functional-code":{"insertions":3,"deletions":6}}},{"hash":"f9bef8e91c57b51aeb8655d085d568195a9d2382","messageTitle":"Fix text5","messageBody":"","fileTypesAndContributionMap":{"other":{"insertions":1,"deletions":0}}},{"hash":"07976c530eb82e88a68f8e50cb8cb67313fe19b8","messageTitle":"Fix text-ui","messageBody":"","fileTypesAndContributionMap":{"functional-code":{"insertions":2,"deletions":1},"other":{"insertions":1,"deletions":1}}},{"hash":"414f5b7b3e56f1762cb5d92ebe59c754a64e444c","messageTitle":"Modify Text","messageBody":"","fileTypesAndContributionMap":{"functional-code":{"insertions":3,"deletions":3}}},{"hash":"0f1d5300e90d797bd44125c1acee9a6f09bdca99","messageTitle":"Fix gradle","messageBody":"","fileTypesAndContributionMap":{"other":{"insertions":2,"deletions":2}}},{"hash":"91f3c89324cd2524cb8826ab33dab9f91992b46d","messageTitle":"Fix text again","messageBody":"","fileTypesAndContributionMap":{"functional-code":{"insertions":3,"deletions":3}}},{"hash":"aff1b16fc102acec1655e8485215f647aa320361","messageTitle":"Fix text","messageBody":"","fileTypesAndContributionMap":{"functional-code":{"insertions":3,"deletions":3}}},{"hash":"7a47aa2ad5b41f354dffbcad2ab795dc7beb1b4e","messageTitle":"Fix gradle","messageBody":"","fileTypesAndContributionMap":{"other":{"insertions":1,"deletions":1}}},{"hash":"75d9f108293679c808ba48e6bc5ede9c59130b67","messageTitle":"Changing runtest","messageBody":"","fileTypesAndContributionMap":{"other":{"insertions":2,"deletions":3}}}]},{"date":"2021-10-14","commitResults":[{"hash":"93ea18644f3fc0014c0c76a8f20c3440a5367693","messageTitle":"Changing gradle","messageBody":"","fileTypesAndContributionMap":{"functional-code":{"insertions":0,"deletions":1},"other":{"insertions":7,"deletions":6}}},{"hash":"9517b9b1b4a0adb24b1b6baf507c3ccc699ab120","messageTitle":"Try 6.2 gradle","messageBody":"","fileTypesAndContributionMap":{"other":{"insertions":10,"deletions":9}}},{"hash":"b918f3919b044af7f1272342157daf990ce872c0","messageTitle":"Modify text and Help","messageBody":"","fileTypesAndContributionMap":{"functional-code":{"insertions":25,"deletions":14},"other":{"insertions":1,"deletions":1}}}]},{"date":"2021-10-22","commitResults":[{"hash":"486852e65f9dfcdea968086a04992c4abdfceb7e","messageTitle":"Update DeveloperGuide.md","messageBody":"","fileTypesAndContributionMap":{"docs":{"insertions":6,"deletions":0}}}]},{"date":"2021-10-28","commitResults":[{"hash":"b3ab37829c93ceae52395de07549eeb10325ded7","messageTitle":"Modified the setup and structure for testing. Will beb easier to add test cases in the future, especially for regression","messageBody":"","fileTypesAndContributionMap":{"other":{"insertions":12,"deletions":0},"test-code":{"insertions":66,"deletions":28}}},{"hash":"c3af56b36f4cac260958580ef6474e8c250cd589","messageTitle":"fix bug","messageBody":"","fileTypesAndContributionMap":{"other":{"insertions":7,"deletions":5}}},{"hash":"edb87eca4acc6f36ddd246740c98ca9c7873bae3","messageTitle":"Changing permissions","messageBody":"","fileTypesAndContributionMap":{"other":{"insertions":0,"deletions":0}}},{"hash":"00b1b45f01b1ccffab29e6c79f747261d11490e4","messageTitle":"Fixing runtest.sh path bug","messageBody":"","fileTypesAndContributionMap":{"other":{"insertions":3,"deletions":3}}},{"hash":"9abadf1914453d9010eb27ba154b7a824fc81ad5","messageTitle":"New Fix to runtest.sh","messageBody":"","fileTypesAndContributionMap":{"other":{"insertions":3,"deletions":3}}}]},{"date":"2021-11-07","commitResults":[{"hash":"b3056ee8ad4b358e20df82f20e72c11ef99f8df4","messageTitle":"Refactor delete,edit,load and save","messageBody":"","fileTypesAndContributionMap":{"functional-code":{"insertions":131,"deletions":101}}}]},{"date":"2021-11-08","commitResults":[{"hash":"01a65e5602360a2af05fe255f7aa927a26f5b866","messageTitle":"Refactor Delete, fix bugs","messageBody":"","fileTypesAndContributionMap":{"functional-code":{"insertions":50,"deletions":17},"test-code":{"insertions":36,"deletions":6}}},{"hash":"7df7041c0663fde771060a672f758a37a17b2f71","messageTitle":"Add JUnit tests for the various commands after the refactor","messageBody":"","fileTypesAndContributionMap":{"functional-code":{"insertions":12,"deletions":55},"test-code":{"insertions":102,"deletions":10}}},{"hash":"6bdc1e9d83f3d93f4db704d2922d69173b98898f","messageTitle":"Fixed Bugs and tests","messageBody":"","fileTypesAndContributionMap":{"functional-code":{"insertions":3,"deletions":2},"test-code":{"insertions":15,"deletions":11}}}]},{"date":"2021-11-09","commitResults":[{"hash":"9c675c2b481f283e3aff09641a87e054701c42cd","messageTitle":"Add new diagrams. Refactor for abstract class Command","messageBody":"","fileTypesAndContributionMap":{"functional-code":{"insertions":70,"deletions":14},"docs":{"insertions":35,"deletions":0}}}]}]},"authorFileTypeContributionMap":{"gweeyc":{"docs":294,"functional-code":405,"test-code":55,"other":6},"yinyin377":{"docs":41,"functional-code":53,"test-code":0},"hana-oxy":{"docs":0,"functional-code":0,"test-code":0},"zcnmashleu95":{"docs":40,"functional-code":308,"test-code":182,"other":24}},"authorContributionVariance":{"gweeyc":5171.401,"yinyin377":806.0094,"hana-oxy":47.27473,"zcnmashleu95":4233.163},"authorDisplayNameMap":{"gweeyc":"TIC4001-F18-4 GWEE..CHAI","yinyin377":"TIC4001-F18-4 LIM .. YIN","hana-oxy":"TIC4001-F18-4 OEI ..NNAH","zcnmashleu95":"TIC4001-F18-4 LAM ..CHUN"}}
